year,month,calendar_fond,downtime,eto,to250,tr1,to500,to1000,to1500,lining_partitial,to2000,to2500,to4000,to5000,to8000,lining_full,tr2,overhaul_total,tr3,eo_code,level_1,eo_model_name,eo_model_id,eo_description,teh_mesto,mvz,constr_type,avearage_day_operation_hours_updated,operation_start_date,avearage_day_operation_hours,operation_finish_date,eo_main_class_description
2023,1,0,"0,0","0,0","0,0","0,0","0,0","0,0","0,0","0,0","0,0","0,0","0,0","0,0","0,0","0,0","0,0","0,0","0,0",sl_730_1,first06,Самосвалы Komatsu 730E-8,69,Самосвал карьерный 730E-8 №1 (для расчета),05-KAR-UTTR-K817,no_data,960003680,"20,37",2024-09-01,"20,37",2034-09-01,Самосвалы карьерные
2023,2,0,"0,0","0,0","0,0","0,0","0,0","0,0","0,0","0,0","0,0","0,0","0,0","0,0","0,0","0,0","0,0","0,0","0,0",sl_730_1,first06,Самосвалы Komatsu 730E-8,69,Самосвал карьерный 730E-8 №1 (для расчета),05-KAR-UTTR-K817,no_data,960003680,"20,37",2024-09-01,"20,37",2034-09-01,Самосвалы карьерные
2023,3,0,"0,0","0,0","0,0","0,0","0,0","0,0","0,0","0,0","0,0","0,0","0,0","0,0","0,0","0,0","0,0","0,0","0,0",sl_730_1,first06,Самосвалы Komatsu 730E-8,69,Самосвал карьерный 730E-8 №1 (для расчета),05-KAR-UTTR-K817,no_data,960003680,"20,37",2024-09-01,"20,37",2034-09-01,Самосвалы карьерные
2023,4,0,"0,0","0,0","0,0","0,0","0,0","0,0","0,0","0,0","0,0","0,0","0,0","0,0","0,0","0,0","0,0","0,0","0,0",sl_730_1,first06,Самосвалы Komatsu 730E-8,69,Самосвал карьерный 730E-8 №1 (для расчета),05-KAR-UTTR-K817,no_data,960003680,"20,37",2024-09-01,"20,37",2034-09-01,Самосвалы карьерные
2023,5,0,"0,0","0,0","0,0","0,0","0,0","0,0","0,0","0,0","0,0","0,0","0,0","0,0","0,0","0,0","0,0","0,0","0,0",sl_730_1,first06,Самосвалы Komatsu 730E-8,69,Самосвал карьерный 730E-8 №1 (для расчета),05-KAR-UTTR-K817,no_data,960003680,"20,37",2024-09-01,"20,37",2034-09-01,Самосвалы карьерные
2023,6,0,"0,0","0,0","0,0","0,0","0,0","0,0","0,0","0,0","0,0","0,0","0,0","0,0","0,0","0,0","0,0","0,0","0,0",sl_730_1,first06,Самосвалы Komatsu 730E-8,69,Самосвал карьерный 730E-8 №1 (для расчета),05-KAR-UTTR-K817,no_data,960003680,"20,37",2024-09-01,"20,37",2034-09-01,Самосвалы карьерные
2023,7,0,"0,0","0,0","0,0","0,0","0,0","0,0","0,0","0,0","0,0","0,0","0,0","0,0","0,0","0,0","0,0","0,0","0,0",sl_730_1,first06,Самосвалы Komatsu 730E-8,69,Самосвал карьерный 730E-8 №1 (для расчета),05-KAR-UTTR-K817,no_data,960003680,"20,37",2024-09-01,"20,37",2034-09-01,Самосвалы карьерные
2023,8,0,"0,0","0,0","0,0","0,0","0,0","0,0","0,0","0,0","0,0","0,0","0,0","0,0","0,0","0,0","0,0","0,0","0,0",sl_730_1,first06,Самосвалы Komatsu 730E-8,69,Самосвал карьерный 730E-8 №1 (для расчета),05-KAR-UTTR-K817,no_data,960003680,"20,37",2024-09-01,"20,37",2034-09-01,Самосвалы карьерные
2023,9,0,"0,0","0,0","0,0","0,0","0,0","0,0","0,0","0,0","0,0","0,0","0,0","0,0","0,0","0,0","0,0","0,0","0,0",sl_730_1,first06,Самосвалы Komatsu 730E-8,69,Самосвал карьерный 730E-8 №1 (для расчета),05-KAR-UTTR-K817,no_data,960003680,"20,37",2024-09-01,"20,37",2034-09-01,Самосвалы карьерные
2023,10,0,"0,0","0,0","0,0","0,0","0,0","0,0","0,0","0,0","0,0","0,0","0,0","0,0","0,0","0,0","0,0","0,0","0,0",sl_730_1,first06,Самосвалы Komatsu 730E-8,69,Самосвал карьерный 730E-8 №1 (для расчета),05-KAR-UTTR-K817,no_data,960003680,"20,37",2024-09-01,"20,37",2034-09-01,Самосвалы карьерные
2023,11,0,"0,0","0,0","0,0","0,0","0,0","0,0","0,0","0,0","0,0","0,0","0,0","0,0","0,0","0,0","0,0","0,0","0,0",sl_730_1,first06,Самосвалы Komatsu 730E-8,69,Самосвал карьерный 730E-8 №1 (для расчета),05-KAR-UTTR-K817,no_data,960003680,"20,37",2024-09-01,"20,37",2034-09-01,Самосвалы карьерные
2023,12,0,"0,0","0,0","0,0","0,0","0,0","0,0","0,0","0,0","0,0","0,0","0,0","0,0","0,0","0,0","0,0","0,0","0,0",sl_730_1,first06,Самосвалы Komatsu 730E-8,69,Самосвал карьерный 730E-8 №1 (для расчета),05-KAR-UTTR-K817,no_data,960003680,"20,37",2024-09-01,"20,37",2034-09-01,Самосвалы карьерные
2024,1,0,"0,0","0,0","0,0","0,0","0,0","0,0","0,0","0,0","0,0","0,0","0,0","0,0","0,0","0,0","0,0","0,0","0,0",sl_730_1,first06,Самосвалы Komatsu 730E-8,69,Самосвал карьерный 730E-8 №1 (для расчета),05-KAR-UTTR-K817,no_data,960003680,"20,37",2024-09-01,"20,37",2034-09-01,Самосвалы карьерные
2024,2,0,"0,0","0,0","0,0","0,0","0,0","0,0","0,0","0,0","0,0","0,0","0,0","0,0","0,0","0,0","0,0","0,0","0,0",sl_730_1,first06,Самосвалы Komatsu 730E-8,69,Самосвал карьерный 730E-8 №1 (для расчета),05-KAR-UTTR-K817,no_data,960003680,"20,37",2024-09-01,"20,37",2034-09-01,Самосвалы карьерные
2024,3,0,"0,0","0,0","0,0","0,0","0,0","0,0","0,0","0,0","0,0","0,0","0,0","0,0","0,0","0,0","0,0","0,0","0,0",sl_730_1,first06,Самосвалы Komatsu 730E-8,69,Самосвал карьерный 730E-8 №1 (для расчета),05-KAR-UTTR-K817,no_data,960003680,"20,37",2024-09-01,"20,37",2034-09-01,Самосвалы карьерные
2024,4,0,"0,0","0,0","0,0","0,0","0,0","0,0","0,0","0,0","0,0","0,0","0,0","0,0","0,0","0,0","0,0","0,0","0,0",sl_730_1,first06,Самосвалы Komatsu 730E-8,69,Самосвал карьерный 730E-8 №1 (для расчета),05-KAR-UTTR-K817,no_data,960003680,"20,37",2024-09-01,"20,37",2034-09-01,Самосвалы карьерные
2024,5,0,"0,0","0,0","0,0","0,0","0,0","0,0","0,0","0,0","0,0","0,0","0,0","0,0","0,0","0,0","0,0","0,0","0,0",sl_730_1,first06,Самосвалы Komatsu 730E-8,69,Самосвал карьерный 730E-8 №1 (для расчета),05-KAR-UTTR-K817,no_data,960003680,"20,37",2024-09-01,"20,37",2034-09-01,Самосвалы карьерные
2024,6,0,"0,0","0,0","0,0","0,0","0,0","0,0","0,0","0,0","0,0","0,0","0,0","0,0","0,0","0,0","0,0","0,0","0,0",sl_730_1,first06,Самосвалы Komatsu 730E-8,69,Самосвал карьерный 730E-8 №1 (для расчета),05-KAR-UTTR-K817,no_data,960003680,"20,37",2024-09-01,"20,37",2034-09-01,Самосвалы карьерные
2024,7,0,"0,0","0,0","0,0","0,0","0,0","0,0","0,0","0,0","0,0","0,0","0,0","0,0","0,0","0,0","0,0","0,0","0,0",sl_730_1,first06,Самосвалы Komatsu 730E-8,69,Самосвал карьерный 730E-8 №1 (для расчета),05-KAR-UTTR-K817,no_data,960003680,"20,37",2024-09-01,"20,37",2034-09-01,Самосвалы карьерные
2024,8,0,"0,0","0,0","0,0","0,0","0,0","0,0","0,0","0,0","0,0","0,0","0,0","0,0","0,0","0,0","0,0","0,0","0,0",sl_730_1,first06,Самосвалы Komatsu 730E-8,69,Самосвал карьерный 730E-8 №1 (для расчета),05-KAR-UTTR-K817,no_data,960003680,"20,37",2024-09-01,"20,37",2034-09-01,Самосвалы карьерные
2024,9,720,"49,14","19,8","1,0","20,0","11,0","0,0","0,0","0,0","0,0","0,0","0,0","0,0","0,0","0,0","0,0","0,0","0,0",sl_730_1,first06,Самосвалы Komatsu 730E-8,69,Самосвал карьерный 730E-8 №1 (для расчета),05-KAR-UTTR-K817,no_data,960003680,"20,37",2024-09-01,"20,37",2034-09-01,Самосвалы карьерные
2024,10,744,"53,800000000000004","20,46","2,0","20,0","0,0","12,0","0,0","0,0","0,0","0,0","0,0","0,0","0,0","0,0","0,0","0,0","0,0",sl_730_1,first06,Самосвалы Komatsu 730E-8,69,Самосвал карьерный 730E-8 №1 (для расчета),05-KAR-UTTR-K817,no_data,960003680,"20,37",2024-09-01,"20,37",2034-09-01,Самосвалы карьерные
2024,11,720,"63,480000000000004","19,8","2,0","30,0","0,0","0,0","13,0","0,0","0,0","0,0","0,0","0,0","0,0","0,0","0,0","0,0","0,0",sl_730_1,first06,Самосвалы Komatsu 730E-8,69,Самосвал карьерный 730E-8 №1 (для расчета),05-KAR-UTTR-K817,no_data,960003680,"20,37",2024-09-01,"20,37",2034-09-01,Самосвалы карьерные
2024,12,744,"56,800000000000004","20,46","1,0","20,0","0,0","0,0","0,0","12,0","14,0","0,0","0,0","0,0","0,0","0,0","0,0","0,0","0,0",sl_730_1,first06,Самосвалы Komatsu 730E-8,69,Самосвал карьерный 730E-8 №1 (для расчета),05-KAR-UTTR-K817,no_data,960003680,"20,37",2024-09-01,"20,37",2034-09-01,Самосвалы карьерные
2025,1,744,"92,14","20,46","1,0","30,0","0,0","12,0","13,0","0,0","0,0","19,0","0,0","0,0","0,0","0,0","0,0","0,0","0,0",sl_730_1,first06,Самосвалы Komatsu 730E-8,69,Самосвал карьерный 730E-8 №1 (для расчета),05-KAR-UTTR-K817,no_data,960003680,"20,37",2024-09-01,"20,37",2034-09-01,Самосвалы карьерные
2025,2,672,"49,160000000000004","18,48","1,0","20,0","11,0","0,0","0,0","0,0","0,0","0,0","0,0","0,0","0,0","0,0","0,0","0,0","0,0",sl_730_1,first06,Самосвалы Komatsu 730E-8,69,Самосвал карьерный 730E-8 №1 (для расчета),05-KAR-UTTR-K817,no_data,960003680,"20,37",2024-09-01,"20,37",2034-09-01,Самосвалы карьерные
2025,3,744,"61,800000000000004","20,46","2,0","20,0","0,0","0,0","0,0","12,0","0,0","0,0","20,0","0,0","0,0","0,0","0,0","0,0","0,0",sl_730_1,first06,Самосвалы Komatsu 730E-8,69,Самосвал карьерный 730E-8 №1 (для расчета),05-KAR-UTTR-K817,no_data,960003680,"20,37",2024-09-01,"20,37",2034-09-01,Самосвалы карьерные
2025,4,720,"62,82","19,8","2,0","30,0","0,0","0,0","13,0","0,0","0,0","0,0","0,0","0,0","0,0","0,0","0,0","0,0","0,0",sl_730_1,first06,Самосвалы Komatsu 730E-8,69,Самосвал карьерный 730E-8 №1 (для расчета),05-KAR-UTTR-K817,no_data,960003680,"20,37",2024-09-01,"20,37",2034-09-01,Самосвалы карьерные
2025,5,744,"71,14","20,46","1,0","20,0","11,0","0,0","0,0","0,0","0,0","0,0","0,0","20,0","0,0","0,0","0,0","0,0","0,0",sl_730_1,first06,Самосвалы Komatsu 730E-8,69,Самосвал карьерный 730E-8 №1 (для расчета),05-KAR-UTTR-K817,no_data,960003680,"20,37",2024-09-01,"20,37",2034-09-01,Самосвалы карьерные
2025,6,720,"74,16","19,8","2,0","20,0","0,0","0,0","13,0","12,0","14,0","0,0","0,0","0,0","0,0","0,0","0,0","0,0","0,0",sl_730_1,first06,Самосвалы Komatsu 730E-8,69,Самосвал карьерный 730E-8 №1 (для расчета),05-KAR-UTTR-K817,no_data,960003680,"20,37",2024-09-01,"20,37",2034-09-01,Самосвалы карьерные
2025,7,744,"64,8","20,46","3,0","31,0","11,0","0,0","0,0","0,0","0,0","0,0","0,0","0,0","0,0","0,0","0,0","0,0","0,0",sl_730_1,first06,Самосвалы Komatsu 730E-8,69,Самосвал карьерный 730E-8 №1 (для расчета),05-KAR-UTTR-K817,no_data,960003680,"20,37",2024-09-01,"20,37",2034-09-01,Самосвалы карьерные
2025,8,744,"53,14","20,46","2,0","20,0","0,0","12,0","0,0","0,0","0,0","0,0","0,0","0,0","0,0","0,0","0,0","0,0","0,0",sl_730_1,first06,Самосвалы Komatsu 730E-8,69,Самосвал карьерный 730E-8 №1 (для расчета),05-KAR-UTTR-K817,no_data,960003680,"20,37",2024-09-01,"20,37",2034-09-01,Самосвалы карьерные
2025,9,720,"112,82000000000001","19,8","1,0","30,0","0,0","0,0","13,0","9,0","0,0","19,0","0,0","0,0","23,0","0,0","0,0","0,0","0,0",sl_730_1,first06,Самосвалы Komatsu 730E-8,69,Самосвал карьерный 730E-8 №1 (для расчета),05-KAR-UTTR-K817,no_data,960003680,"20,37",2024-09-01,"20,37",2034-09-01,Самосвалы карьерные
2025,10,744,"51,46","20,46","1,0","20,0","11,0","0,0","0,0","3,0","0,0","0,0","0,0","0,0","0,0","0,0","0,0","0,0","0,0",sl_730_1,first06,Самосвалы Komatsu 730E-8,69,Самосвал карьерный 730E-8 №1 (для расчета),05-KAR-UTTR-K817,no_data,960003680,"20,37",2024-09-01,"20,37",2034-09-01,Самосвалы карьерные
2025,11,720,"75,48","19,8","2,0","30,0","0,0","12,0","13,0","0,0","0,0","0,0","0,0","0,0","0,0","0,0","0,0","0,0","0,0",sl_730_1,first06,Самосвалы Komatsu 730E-8,69,Самосвал карьерный 730E-8 №1 (для расчета),05-KAR-UTTR-K817,no_data,960003680,"20,37",2024-09-01,"20,37",2034-09-01,Самосвалы карьерные
2025,12,744,"51,800000000000004","20,46","1,0","20,0","11,0","0,0","0,0","0,0","0,0","0,0","0,0","0,0","0,0","0,0","0,0","0,0","0,0",sl_730_1,first06,Самосвалы Komatsu 730E-8,69,Самосвал карьерный 730E-8 №1 (для расчета),05-KAR-UTTR-K817,no_data,960003680,"20,37",2024-09-01,"20,37",2034-09-01,Самосвалы карьерные
2026,1,744,"77,48","20,46","1,0","20,0","0,0","0,0","0,0","12,0","0,0","0,0","0,0","0,0","0,0","48,0","0,0","0,0","0,0",sl_730_1,first06,Самосвалы Komatsu 730E-8,69,Самосвал карьерный 730E-8 №1 (для расчета),05-KAR-UTTR-K817,no_data,960003680,"20,37",2024-09-01,"20,37",2034-09-01,Самосвалы карьерные
2026,2,672,"63,82","18,48","1,0","30,0","0,0","12,0","13,0","0,0","0,0","0,0","0,0","0,0","0,0","0,0","0,0","0,0","0,0",sl_730_1,first06,Самосвалы Komatsu 730E-8,69,Самосвал карьерный 730E-8 №1 (для расчета),05-KAR-UTTR-K817,no_data,960003680,"20,37",2024-09-01,"20,37",2034-09-01,Самосвалы карьерные
2026,3,744,"66,48","20,46","3,0","10,0","11,0","0,0","0,0","0,0","0,0","0,0","0,0","0,0","0,0","0,0","24,0","0,0","0,0",sl_730_1,first06,Самосвалы Komatsu 730E-8,69,Самосвал карьерный 730E-8 №1 (для расчета),05-KAR-UTTR-K817,no_data,960003680,"20,37",2024-09-01,"20,37",2034-09-01,Самосвалы карьерные
2026,4,720,"112,16","19,8","2,0","0,0","0,0","0,0","13,0","12,0","0,0","0,0","20,0","0,0","0,0","0,0","48,0","0,0","0,0",sl_730_1,first06,Самосвалы Komatsu 730E-8,69,Самосвал карьерный 730E-8 №1 (для расчета),05-KAR-UTTR-K817,no_data,960003680,"20,37",2024-09-01,"20,37",2034-09-01,Самосвалы карьерные
2026,5,744,"112,48","20,46","2,0","0,0","0,0","0,0","0,0","0,0","0,0","19,0","0,0","0,0","0,0","0,0","73,0","0,0","0,0",sl_730_1,first06,Самосвалы Komatsu 730E-8,69,Самосвал карьерный 730E-8 №1 (для расчета),05-KAR-UTTR-K817,no_data,960003680,"20,37",2024-09-01,"20,37",2034-09-01,Самосвалы карьерные
2026,6,720,"92,48","19,8","1,0","0,0","0,0","12,0","13,0","0,0","0,0","0,0","0,0","0,0","0,0","0,0","48,0","0,0","0,0",sl_730_1,first06,Самосвалы Komatsu 730E-8,69,Самосвал карьерный 730E-8 №1 (для расчета),05-KAR-UTTR-K817,no_data,960003680,"20,37",2024-09-01,"20,37",2034-09-01,Самосвалы карьерные
2026,7,744,"93,48","20,46","1,0","0,0","0,0","0,0","0,0","12,0","14,0","0,0","0,0","0,0","0,0","0,0","48,0","0,0","0,0",sl_730_1,first06,Самосвалы Komatsu 730E-8,69,Самосвал карьерный 730E-8 №1 (для расчета),05-KAR-UTTR-K817,no_data,960003680,"20,37",2024-09-01,"20,37",2034-09-01,Самосвалы карьерные
2026,8,744,"102,82000000000001","20,46","2,0","0,0","11,0","0,0","0,0","0,0","0,0","0,0","0,0","0,0","0,0","0,0","72,0","0,0","0,0",sl_730_1,first06,Самосвалы Komatsu 730E-8,69,Самосвал карьерный 730E-8 №1 (для расчета),05-KAR-UTTR-K817,no_data,960003680,"20,37",2024-09-01,"20,37",2034-09-01,Самосвалы карьерные
2026,9,720,"99,16","19,8","1,0","0,0","0,0","0,0","13,0","0,0","0,0","0,0","0,0","20,0","0,0","0,0","48,0","0,0","0,0",sl_730_1,first06,Самосвалы Komatsu 730E-8,69,Самосвал карьерный 730E-8 №1 (для расчета),05-KAR-UTTR-K817,no_data,960003680,"20,37",2024-09-01,"20,37",2034-09-01,Самосвалы карьерные
2026,10,744,"112,16","20,46","1,0","0,0","11,0","0,0","0,0","12,0","0,0","0,0","0,0","0,0","23,0","0,0","48,0","0,0","0,0",sl_730_1,first06,Самосвалы Komatsu 730E-8,69,Самосвал карьерный 730E-8 №1 (для расчета),05-KAR-UTTR-K817,no_data,960003680,"20,37",2024-09-01,"20,37",2034-09-01,Самосвалы карьерные
2026,11,720,"79,82000000000001","19,8","1,0","0,0","0,0","0,0","13,0","0,0","0,0","0,0","0,0","0,0","0,0","0,0","48,0","0,0","0,0",sl_730_1,first06,Самосвалы Komatsu 730E-8,69,Самосвал карьерный 730E-8 №1 (для расчета),05-KAR-UTTR-K817,no_data,960003680,"20,37",2024-09-01,"20,37",2034-09-01,Самосвалы карьерные
2026,12,744,"93,82000000000001","20,46","2,0","0,0","0,0","12,0","0,0","0,0","0,0","0,0","0,0","0,0","0,0","0,0","72,0","0,0","0,0",sl_730_1,first06,Самосвалы Komatsu 730E-8,69,Самосвал карьерный 730E-8 №1 (для расчета),05-KAR-UTTR-K817,no_data,960003680,"20,37",2024-09-01,"20,37",2034-09-01,Самосвалы карьерные
2027,1,744,"87,48","20,46","2,0","0,0","0,0","0,0","0,0","0,0","0,0","19,0","0,0","0,0","0,0","0,0","48,0","0,0","0,0",sl_730_1,first06,Самосвалы Komatsu 730E-8,69,Самосвал карьерный 730E-8 №1 (для расчета),05-KAR-UTTR-K817,no_data,960003680,"20,37",2024-09-01,"20,37",2034-09-01,Самосвалы карьерные
2027,2,672,"104,18","18,48","1,0","0,0","11,0","0,0","13,0","12,0","14,0","0,0","0,0","0,0","0,0","0,0","48,0","0,0","0,0",sl_730_1,first06,Самосвалы Komatsu 730E-8,69,Самосвал карьерный 730E-8 №1 (для расчета),05-KAR-UTTR-K817,no_data,960003680,"20,37",2024-09-01,"20,37",2034-09-01,Самосвалы карьерные
2027,3,744,"103,82000000000001","20,46","2,0","0,0","0,0","12,0","0,0","0,0","0,0","0,0","0,0","0,0","0,0","0,0","72,0","0,0","0,0",sl_730_1,first06,Самосвалы Komatsu 730E-8,69,Самосвал карьерный 730E-8 №1 (для расчета),05-KAR-UTTR-K817,no_data,960003680,"20,37",2024-09-01,"20,37",2034-09-01,Самосвалы карьерные
2027,4,720,"81,82000000000001","19,8","2,0","0,0","0,0","0,0","13,0","0,0","0,0","0,0","0,0","0,0","0,0","0,0","49,0","0,0","0,0",sl_730_1,first06,Самосвалы Komatsu 730E-8,69,Самосвал карьерный 730E-8 №1 (для расчета),05-KAR-UTTR-K817,no_data,960003680,"20,37",2024-09-01,"20,37",2034-09-01,Самосвалы карьерные
2027,5,744,"133,16","20,46","1,0","0,0","0,0","0,0","0,0","12,0","0,0","0,0","20,0","0,0","0,0","48,0","48,0","0,0","0,0",sl_730_1,first06,Самосвалы Komatsu 730E-8,69,Самосвал карьерный 730E-8 №1 (для расчета),05-KAR-UTTR-K817,no_data,960003680,"20,37",2024-09-01,"20,37",2034-09-01,Самосвалы карьерные
2027,6,720,"81,82000000000001","19,8","1,0","0,0","11,0","12,0","0,0","0,0","0,0","0,0","0,0","0,0","0,0","0,0","51,0","0,0","0,0",sl_730_1,first06,Самосвалы Komatsu 730E-8,69,Самосвал карьерный 730E-8 №1 (для расчета),05-KAR-UTTR-K817,no_data,960003680,"20,37",2024-09-01,"20,37",2034-09-01,Самосвалы карьерные
2027,7,744,"111,82000000000001","20,46","1,0","0,0","11,0","0,0","13,0","0,0","0,0","0,0","0,0","0,0","0,0","0,0","69,0","0,0","0,0",sl_730_1,first06,Самосвалы Komatsu 730E-8,69,Самосвал карьерный 730E-8 №1 (для расчета),05-KAR-UTTR-K817,no_data,960003680,"20,37",2024-09-01,"20,37",2034-09-01,Самосвалы карьерные
2027,8,744,"93,82000000000001","20,46","2,0","0,0","0,0","0,0","0,0","12,0","14,0","0,0","0,0","0,0","0,0","0,0","48,0","0,0","0,0",sl_730_1,first06,Самосвалы Komatsu 730E-8,69,Самосвал карьерный 730E-8 №1 (для расчета),05-KAR-UTTR-K817,no_data,960003680,"20,37",2024-09-01,"20,37",2034-09-01,Самосвалы карьерные
2027,9,720,"478,6","19,8","1,0","0,0","0,0","0,0","13,0","0,0","0,0","19,0","0,0","0,0","0,0","0,0","48,0","429,0","0,0",sl_730_1,first06,Самосвалы Komatsu 730E-8,69,Самосвал карьерный 730E-8 №1 (для расчета),05-KAR-UTTR-K817,no_data,960003680,"20,37",2024-09-01,"20,37",2034-09-01,Самосвалы карьерные
2027,10,744,"293,54","20,46","1,0","0,0","11,0","12,0","0,0","0,0","0,0","0,0","0,0","0,0","0,0","0,0","72,0","221,0","0,0",sl_730_1,first06,Самосвалы Komatsu 730E-8,69,Самосвал карьерный 730E-8 №1 (для расчета),05-KAR-UTTR-K817,no_data,960003680,"20,37",2024-09-01,"20,37",2034-09-01,Самосвалы карьерные
2027,11,720,"112,5","19,8","1,0","0,0","0,0","0,0","13,0","12,0","0,0","0,0","0,0","0,0","23,0","0,0","48,0","0,0","0,0",sl_730_1,first06,Самосвалы Komatsu 730E-8,69,Самосвал карьерный 730E-8 №1 (для расчета),05-KAR-UTTR-K817,no_data,960003680,"20,37",2024-09-01,"20,37",2034-09-01,Самосвалы карьерные
2027,12,744,"80,48","20,46","3,0","0,0","11,0","0,0","0,0","0,0","0,0","0,0","0,0","0,0","0,0","0,0","48,0","0,0","0,0",sl_730_1,first06,Самосвалы Komatsu 730E-8,69,Самосвал карьерный 730E-8 №1 (для расчета),05-KAR-UTTR-K817,no_data,960003680,"20,37",2024-09-01,"20,37",2034-09-01,Самосвалы карьерные
2028,1,744,"110,82000000000001","20,46","1,0","0,0","0,0","0,0","0,0","0,0","0,0","0,0","0,0","20,0","0,0","0,0","72,0","0,0","0,0",sl_730_1,first06,Самосвалы Komatsu 730E-8,69,Самосвал карьерный 730E-8 №1 (для расчета),05-KAR-UTTR-K817,no_data,960003680,"20,37",2024-09-01,"20,37",2034-09-01,Самосвалы карьерные
2028,2,696,"81,82000000000001","19,14","1,0","0,0","0,0","0,0","13,0","0,0","2,0","0,0","0,0","0,0","0,0","0,0","48,0","0,0","0,0",sl_730_1,first06,Самосвалы Komatsu 730E-8,69,Самосвал карьерный 730E-8 №1 (для расчета),05-KAR-UTTR-K817,no_data,960003680,"20,37",2024-09-01,"20,37",2034-09-01,Самосвалы карьерные
2028,3,744,"103,82000000000001","20,46","1,0","0,0","12,0","0,0","0,0","12,0","12,0","0,0","0,0","0,0","0,0","0,0","49,0","0,0","0,0",sl_730_1,first06,Самосвалы Komatsu 730E-8,69,Самосвал карьерный 730E-8 №1 (для расчета),05-KAR-UTTR-K817,no_data,960003680,"20,37",2024-09-01,"20,37",2034-09-01,Самосвалы карьерные
2028,4,720,"110,16","19,8","2,0","0,0","0,0","12,0","13,0","0,0","0,0","0,0","0,0","0,0","0,0","0,0","67,0","0,0","0,0",sl_730_1,first06,Самосвалы Komatsu 730E-8,69,Самосвал карьерный 730E-8 №1 (для расчета),05-KAR-UTTR-K817,no_data,960003680,"20,37",2024-09-01,"20,37",2034-09-01,Самосвалы карьерные
2028,5,744,"76,48","20,46","1,0","0,0","0,0","0,0","0,0","0,0","0,0","19,0","0,0","0,0","0,0","0,0","53,0","0,0","0,0",sl_730_1,first06,Самосвалы Komatsu 730E-8,69,Самосвал карьерный 730E-8 №1 (для расчета),05-KAR-UTTR-K817,no_data,960003680,"20,37",2024-09-01,"20,37",2034-09-01,Самосвалы карьерные
2028,6,720,"97,16","19,8","1,0","0,0","0,0","0,0","0,0","12,0","0,0","0,0","19,0","0,0","0,0","0,0","48,0","0,0","0,0",sl_730_1,first06,Самосвалы Komatsu 730E-8,69,Самосвал карьерный 730E-8 №1 (для расчета),05-KAR-UTTR-K817,no_data,960003680,"20,37",2024-09-01,"20,37",2034-09-01,Самосвалы карьерные
2028,7,744,"96,48","20,46","1,0","0,0","0,0","12,0","13,0","0,0","0,0","0,0","0,0","0,0","0,0","0,0","52,0","0,0","0,0",sl_730_1,first06,Самосвалы Komatsu 730E-8,69,Самосвал карьерный 730E-8 №1 (для расчета),05-KAR-UTTR-K817,no_data,960003680,"20,37",2024-09-01,"20,37",2034-09-01,Самосвалы карьерные
2028,8,744,"100,48","20,46","3,0","0,0","11,0","0,0","0,0","0,0","0,0","0,0","0,0","0,0","0,0","0,0","68,0","0,0","0,0",sl_730_1,first06,Самосвалы Komatsu 730E-8,69,Самосвал карьерный 730E-8 №1 (для расчета),05-KAR-UTTR-K817,no_data,960003680,"20,37",2024-09-01,"20,37",2034-09-01,Самосвалы карьерные
2028,9,720,"127,16","19,8","1,0","0,0","0,0","0,0","13,0","12,0","0,0","0,0","0,0","0,0","0,0","48,0","48,0","0,0","0,0",sl_730_1,first06,Самосвалы Komatsu 730E-8,69,Самосвал карьерный 730E-8 №1 (для расчета),05-KAR-UTTR-K817,no_data,960003680,"20,37",2024-09-01,"20,37",2034-09-01,Самосвалы карьерные
2028,10,744,"78,14","20,46","2,0","0,0","11,0","0,0","0,0","0,0","0,0","0,0","0,0","0,0","0,0","0,0","48,0","0,0","0,0",sl_730_1,first06,Самосвалы Komatsu 730E-8,69,Самосвал карьерный 730E-8 №1 (для расчета),05-KAR-UTTR-K817,no_data,960003680,"20,37",2024-09-01,"20,37",2034-09-01,Самосвалы карьерные
2028,11,720,"95,16","19,8","1,0","0,0","0,0","12,0","0,0","0,0","0,0","0,0","0,0","0,0","0,0","0,0","72,0","0,0","0,0",sl_730_1,first06,Самосвалы Komatsu 730E-8,69,Самосвал карьерный 730E-8 №1 (для расчета),05-KAR-UTTR-K817,no_data,960003680,"20,37",2024-09-01,"20,37",2034-09-01,Самосвалы карьерные
2028,12,744,"115,48","20,46","1,0","0,0","0,0","0,0","13,0","12,0","0,0","0,0","0,0","0,0","23,0","0,0","48,0","0,0","0,0",sl_730_1,first06,Самосвалы Komatsu 730E-8,69,Самосвал карьерный 730E-8 №1 (для расчета),05-KAR-UTTR-K817,no_data,960003680,"20,37",2024-09-01,"20,37",2034-09-01,Самосвалы карьерные
2029,1,744,"87,48","20,46","2,0","0,0","0,0","0,0","0,0","0,0","0,0","19,0","0,0","0,0","0,0","0,0","48,0","0,0","0,0",sl_730_1,first06,Самосвалы Komatsu 730E-8,69,Самосвал карьерный 730E-8 №1 (для расчета),05-KAR-UTTR-K817,no_data,960003680,"20,37",2024-09-01,"20,37",2034-09-01,Самосвалы карьерные
2029,2,672,"101,84","18,48","1,0","0,0","0,0","12,0","13,0","0,0","0,0","0,0","0,0","0,0","0,0","0,0","60,0","0,0","0,0",sl_730_1,first06,Самосвалы Komatsu 730E-8,69,Самосвал карьерный 730E-8 №1 (для расчета),05-KAR-UTTR-K817,no_data,960003680,"20,37",2024-09-01,"20,37",2034-09-01,Самосвалы карьерные
2029,3,744,"104,82000000000001","20,46","1,0","0,0","11,0","0,0","0,0","0,0","14,0","0,0","0,0","0,0","0,0","0,0","61,0","0,0","0,0",sl_730_1,first06,Самосвалы Komatsu 730E-8,69,Самосвал карьерный 730E-8 №1 (для расчета),05-KAR-UTTR-K817,no_data,960003680,"20,37",2024-09-01,"20,37",2034-09-01,Самосвалы карьерные
2029,4,720,"77,82000000000001","19,8","1,0","0,0","0,0","0,0","0,0","12,0","0,0","0,0","0,0","0,0","0,0","0,0","48,0","0,0","0,0",sl_730_1,first06,Самосвалы Komatsu 730E-8,69,Самосвал карьерный 730E-8 №1 (для расчета),05-KAR-UTTR-K817,no_data,960003680,"20,37",2024-09-01,"20,37",2034-09-01,Самосвалы карьерные
2029,5,744,"100,82000000000001","20,46","2,0","0,0","0,0","0,0","13,0","0,0","0,0","0,0","0,0","20,0","0,0","0,0","48,0","0,0","0,0",sl_730_1,first06,Самосвалы Komatsu 730E-8,69,Самосвал карьерный 730E-8 №1 (для расчета),05-KAR-UTTR-K817,no_data,960003680,"20,37",2024-09-01,"20,37",2034-09-01,Самосвалы карьерные
2029,6,720,"137,5","19,8","2,0","0,0","11,0","0,0","0,0","0,0","0,0","0,0","0,0","0,0","0,0","0,0","0,0","0,0","108,0",sl_730_1,first06,Самосвалы Komatsu 730E-8,69,Самосвал карьерный 730E-8 №1 (для расчета),05-KAR-UTTR-K817,no_data,960003680,"20,37",2024-09-01,"20,37",2034-09-01,Самосвалы карьерные
2029,7,744,"135,5","20,46","2,0","0,0","11,0","0,0","13,0","12,0","0,0","0,0","20,0","0,0","0,0","0,0","0,0","0,0","72,0",sl_730_1,first06,Самосвалы Komatsu 730E-8,69,Самосвал карьерный 730E-8 №1 (для расчета),05-KAR-UTTR-K817,no_data,960003680,"20,37",2024-09-01,"20,37",2034-09-01,Самосвалы карьерные
2029,8,744,"93,82000000000001","20,46","1,0","0,0","0,0","12,0","0,0","0,0","0,0","0,0","0,0","0,0","0,0","0,0","0,0","0,0","72,0",sl_730_1,first06,Самосвалы Komatsu 730E-8,69,Самосвал карьерный 730E-8 №1 (для расчета),05-KAR-UTTR-K817,no_data,960003680,"20,37",2024-09-01,"20,37",2034-09-01,Самосвалы карьерные
2029,9,720,"124,16","19,8","3,0","0,0","0,0","0,0","13,0","0,0","0,0","19,0","0,0","0,0","0,0","0,0","0,0","0,0","72,0",sl_730_1,first06,Самосвалы Komatsu 730E-8,69,Самосвал карьерный 730E-8 №1 (для расчета),05-KAR-UTTR-K817,no_data,960003680,"20,37",2024-09-01,"20,37",2034-09-01,Самосвалы карьерные
2029,10,744,"146,5","20,46","1,0","0,0","0,0","0,0","0,0","12,0","14,0","0,0","0,0","0,0","0,0","0,0","0,0","0,0","103,0",sl_730_1,first06,Самосвалы Komatsu 730E-8,69,Самосвал карьерный 730E-8 №1 (для расчета),05-KAR-UTTR-K817,no_data,960003680,"20,37",2024-09-01,"20,37",2034-09-01,Самосвалы карьерные
2029,11,720,"117,5","19,8","1,0","0,0","11,0","12,0","0,0","0,0","0,0","0,0","0,0","0,0","0,0","0,0","0,0","0,0","77,0",sl_730_1,first06,Самосвалы Komatsu 730E-8,69,Самосвал карьерный 730E-8 №1 (для расчета),05-KAR-UTTR-K817,no_data,960003680,"20,37",2024-09-01,"20,37",2034-09-01,Самосвалы карьерные
2029,12,744,"114,82000000000001","20,46","1,0","0,0","11,0","0,0","13,0","0,0","0,0","0,0","0,0","0,0","0,0","0,0","0,0","0,0","72,0",sl_730_1,first06,Самосвалы Komatsu 730E-8,69,Самосвал карьерный 730E-8 №1 (для расчета),05-KAR-UTTR-K817,no_data,960003680,"20,37",2024-09-01,"20,37",2034-09-01,Самосвалы карьерные
2030,1,744,"155,5","20,46","2,0","0,0","0,0","0,0","0,0","12,0","0,0","0,0","0,0","0,0","23,0","48,0","0,0","0,0","73,0",sl_730_1,first06,Самосвалы Komatsu 730E-8,69,Самосвал карьерный 730E-8 №1 (для расчета),05-KAR-UTTR-K817,no_data,960003680,"20,37",2024-09-01,"20,37",2034-09-01,Самосвалы карьерные
2030,2,672,"101,5","18,48","1,0","0,0","0,0","0,0","13,0","0,0","0,0","0,0","0,0","0,0","0,0","0,0","0,0","0,0","72,0",sl_730_1,first06,Самосвалы Komatsu 730E-8,69,Самосвал карьерный 730E-8 №1 (для расчета),05-KAR-UTTR-K817,no_data,960003680,"20,37",2024-09-01,"20,37",2034-09-01,Самосвалы карьерные
2030,3,744,"132,5","20,46","2,0","0,0","6,0","12,0","0,0","0,0","0,0","0,0","0,0","0,0","0,0","0,0","0,0","0,0","102,0",sl_730_1,first06,Самосвалы Komatsu 730E-8,69,Самосвал карьерный 730E-8 №1 (для расчета),05-KAR-UTTR-K817,no_data,960003680,"20,37",2024-09-01,"20,37",2034-09-01,Самосвалы карьерные
2030,4,720,"110,16","19,8","1,0","0,0","5,0","0,0","0,0","0,0","14,0","0,0","0,0","0,0","0,0","0,0","0,0","0,0","78,0",sl_730_1,first06,Самосвалы Komatsu 730E-8,69,Самосвал карьерный 730E-8 №1 (для расчета),05-KAR-UTTR-K817,no_data,960003680,"20,37",2024-09-01,"20,37",2034-09-01,Самосвалы карьерные
2030,5,744,"137,16","20,46","4,0","0,0","0,0","0,0","13,0","12,0","0,0","19,0","0,0","0,0","0,0","0,0","0,0","0,0","72,0",sl_730_1,first06,Самосвалы Komatsu 730E-8,69,Самосвал карьерный 730E-8 №1 (для расчета),05-KAR-UTTR-K817,no_data,960003680,"20,37",2024-09-01,"20,37",2034-09-01,Самосвалы карьерные
2030,6,720,"102,16","19,8","1,0","0,0","0,0","12,0","0,0","0,0","0,0","0,0","0,0","0,0","0,0","0,0","0,0","0,0","72,0",sl_730_1,first06,Самосвалы Komatsu 730E-8,69,Самосвал карьерный 730E-8 №1 (для расчета),05-KAR-UTTR-K817,no_data,960003680,"20,37",2024-09-01,"20,37",2034-09-01,Самосвалы карьерные
2030,7,744,"103,48","20,46","2,0","0,0","0,0","0,0","13,0","0,0","0,0","0,0","0,0","0,0","0,0","0,0","0,0","0,0","72,0",sl_730_1,first06,Самосвалы Komatsu 730E-8,69,Самосвал карьерный 730E-8 №1 (для расчета),05-KAR-UTTR-K817,no_data,960003680,"20,37",2024-09-01,"20,37",2034-09-01,Самосвалы карьерные
2030,8,744,"147,84","20,46","1,0","0,0","11,0","0,0","0,0","12,0","0,0","0,0","19,0","0,0","0,0","0,0","0,0","0,0","108,0",sl_730_1,first06,Самосвалы Komatsu 730E-8,69,Самосвал карьерный 730E-8 №1 (для расчета),05-KAR-UTTR-K817,no_data,960003680,"20,37",2024-09-01,"20,37",2034-09-01,Самосвалы карьерные
2030,9,720,"233,86","19,8","1,0","0,0","0,0","0,0","0,0","0,0","0,0","0,0","0,0","20,0","0,0","0,0","0,0","163,0","72,0",sl_730_1,first06,Самосвалы Komatsu 730E-8,69,Самосвал карьерный 730E-8 №1 (для расчета),05-KAR-UTTR-K817,no_data,960003680,"20,37",2024-09-01,"20,37",2034-09-01,Самосвалы карьерные
2030,10,744,"530,6","20,46","2,0","0,0","11,0","0,0","13,0","0,0","0,0","0,0","0,0","0,0","0,0","0,0","0,0","487,0","72,0",sl_730_1,first06,Самосвалы Komatsu 730E-8,69,Самосвал карьерный 730E-8 №1 (для расчета),05-KAR-UTTR-K817,no_data,960003680,"20,37",2024-09-01,"20,37",2034-09-01,Самосвалы карьерные
2030,11,720,"114,5","19,8","1,0","0,0","0,0","0,0","0,0","12,0","14,0","0,0","0,0","0,0","0,0","0,0","0,0","0,0","72,0",sl_730_1,first06,Самосвалы Komatsu 730E-8,69,Самосвал карьерный 730E-8 №1 (для расчета),05-KAR-UTTR-K817,no_data,960003680,"20,37",2024-09-01,"20,37",2034-09-01,Самосвалы карьерные
2030,12,744,"152,82","20,46","1,0","0,0","0,0","12,0","13,0","0,0","0,0","0,0","0,0","0,0","0,0","0,0","0,0","0,0","109,0",sl_730_1,first06,Самосвалы Komatsu 730E-8,69,Самосвал карьерный 730E-8 №1 (для расчета),05-KAR-UTTR-K817,no_data,960003680,"20,37",2024-09-01,"20,37",2034-09-01,Самосвалы карьерные
2031,1,744,"109,82000000000001","20,46","1,0","0,0","0,0","0,0","0,0","0,0","0,0","19,0","0,0","0,0","0,0","0,0","0,0","0,0","72,0",sl_730_1,first06,Самосвалы Komatsu 730E-8,69,Самосвал карьерный 730E-8 №1 (для расчета),05-KAR-UTTR-K817,no_data,960003680,"20,37",2024-09-01,"20,37",2034-09-01,Самосвалы карьерные
2031,2,672,"136,84","18,48","3,0","0,0","0,0","0,0","13,0","12,0","0,0","0,0","0,0","0,0","23,0","0,0","0,0","0,0","72,0",sl_730_1,first06,Самосвалы Komatsu 730E-8,69,Самосвал карьерный 730E-8 №1 (для расчета),05-KAR-UTTR-K817,no_data,960003680,"20,37",2024-09-01,"20,37",2034-09-01,Самосвалы карьерные
2031,3,744,"96,48","20,46","1,0","0,0","11,0","0,0","0,0","0,0","0,0","0,0","0,0","0,0","0,0","0,0","0,0","0,0","72,0",sl_730_1,first06,Самосвалы Komatsu 730E-8,69,Самосвал карьерный 730E-8 №1 (для расчета),05-KAR-UTTR-K817,no_data,960003680,"20,37",2024-09-01,"20,37",2034-09-01,Самосвалы карьерные
2031,4,720,"103,16","19,8","2,0","0,0","0,0","12,0","0,0","0,0","0,0","0,0","0,0","0,0","0,0","0,0","0,0","0,0","72,0",sl_730_1,first06,Самосвалы Komatsu 730E-8,69,Самосвал карьерный 730E-8 №1 (для расчета),05-KAR-UTTR-K817,no_data,960003680,"20,37",2024-09-01,"20,37",2034-09-01,Самосвалы карьерные
2031,5,744,"140,16","20,46","1,0","0,0","0,0","0,0","13,0","0,0","0,0","0,0","0,0","0,0","0,0","2,0","0,0","0,0","108,0",sl_730_1,first06,Самосвалы Komatsu 730E-8,69,Самосвал карьерный 730E-8 №1 (для расчета),05-KAR-UTTR-K817,no_data,960003680,"20,37",2024-09-01,"20,37",2034-09-01,Самосвалы карьерные
2031,6,720,"157,84","19,8","2,0","0,0","11,0","0,0","0,0","12,0","0,0","0,0","0,0","0,0","0,0","46,0","0,0","0,0","72,0",sl_730_1,first06,Самосвалы Komatsu 730E-8,69,Самосвал карьерный 730E-8 №1 (для расчета),05-KAR-UTTR-K817,no_data,960003680,"20,37",2024-09-01,"20,37",2034-09-01,Самосвалы карьерные
2031,7,744,"103,48","20,46","1,0","0,0","0,0","12,0","13,0","0,0","0,0","0,0","0,0","0,0","0,0","0,0","0,0","0,0","72,0",sl_730_1,first06,Самосвалы Komatsu 730E-8,69,Самосвал карьерный 730E-8 №1 (для расчета),05-KAR-UTTR-K817,no_data,960003680,"20,37",2024-09-01,"20,37",2034-09-01,Самосвалы карьерные
2031,8,744,"121,48","20,46","1,0","0,0","11,0","0,0","0,0","0,0","0,0","0,0","19,0","0,0","0,0","0,0","0,0","0,0","72,0",sl_730_1,first06,Самосвалы Komatsu 730E-8,69,Самосвал карьерный 730E-8 №1 (для расчета),05-KAR-UTTR-K817,no_data,960003680,"20,37",2024-09-01,"20,37",2034-09-01,Самосвалы карьерные
2031,9,720,"119,5","19,8","1,0","0,0","0,0","0,0","0,0","12,0","0,0","19,0","0,0","0,0","0,0","0,0","0,0","0,0","72,0",sl_730_1,first06,Самосвалы Komatsu 730E-8,69,Самосвал карьерный 730E-8 №1 (для расчета),05-KAR-UTTR-K817,no_data,960003680,"20,37",2024-09-01,"20,37",2034-09-01,Самосвалы карьерные
2031,10,744,"150,5","20,46","2,0","0,0","0,0","12,0","13,0","0,0","0,0","0,0","0,0","0,0","0,0","0,0","0,0","0,0","108,0",sl_730_1,first06,Самосвалы Komatsu 730E-8,69,Самосвал карьерный 730E-8 №1 (для расчета),05-KAR-UTTR-K817,no_data,960003680,"20,37",2024-09-01,"20,37",2034-09-01,Самосвалы карьерные
2031,11,720,"99,16","19,8","1,0","0,0","11,0","0,0","0,0","0,0","0,0","0,0","0,0","0,0","0,0","0,0","0,0","0,0","72,0",sl_730_1,first06,Самосвалы Komatsu 730E-8,69,Самосвал карьерный 730E-8 №1 (для расчета),05-KAR-UTTR-K817,no_data,960003680,"20,37",2024-09-01,"20,37",2034-09-01,Самосвалы карьерные
2031,12,744,"142,82","20,46","2,0","0,0","11,0","0,0","13,0","12,0","14,0","0,0","0,0","0,0","0,0","0,0","0,0","0,0","73,0",sl_730_1,first06,Самосвалы Komatsu 730E-8,69,Самосвал карьерный 730E-8 №1 (для расчета),05-KAR-UTTR-K817,no_data,960003680,"20,37",2024-09-01,"20,37",2034-09-01,Самосвалы карьерные
2032,1,744,"111,16","20,46","1,0","0,0","0,0","0,0","0,0","0,0","0,0","0,0","0,0","21,0","0,0","0,0","0,0","0,0","72,0",sl_730_1,first06,Самосвалы Komatsu 730E-8,69,Самосвал карьерный 730E-8 №1 (для расчета),05-KAR-UTTR-K817,no_data,960003680,"20,37",2024-09-01,"20,37",2034-09-01,Самосвалы карьерные
2032,2,696,"112,84","19,14","3,0","0,0","0,0","0,0","0,0","0,0","0,0","0,0","0,0","0,0","0,0","0,0","0,0","0,0","94,0",sl_730_1,first06,Самосвалы Komatsu 730E-8,69,Самосвал карьерный 730E-8 №1 (для расчета),05-KAR-UTTR-K817,no_data,960003680,"20,37",2024-09-01,"20,37",2034-09-01,Самосвалы карьерные
2032,3,744,"152,16","20,46","1,0","0,0","0,0","0,0","13,0","12,0","0,0","0,0","0,0","0,0","23,0","0,0","0,0","0,0","86,0",sl_730_1,first06,Самосвалы Komatsu 730E-8,69,Самосвал карьерный 730E-8 №1 (для расчета),05-KAR-UTTR-K817,no_data,960003680,"20,37",2024-09-01,"20,37",2034-09-01,Самосвалы карьерные
2032,4,720,"107,5","19,8","1,0","0,0","11,0","7,0","0,0","0,0","0,0","0,0","0,0","0,0","0,0","0,0","0,0","0,0","72,0",sl_730_1,first06,Самосвалы Komatsu 730E-8,69,Самосвал карьерный 730E-8 №1 (для расчета),05-KAR-UTTR-K817,no_data,960003680,"20,37",2024-09-01,"20,37",2034-09-01,Самосвалы карьерные
2032,5,744,"128,48","20,46","1,0","0,0","0,0","5,0","13,0","0,0","0,0","19,0","0,0","0,0","0,0","0,0","0,0","0,0","72,0",sl_730_1,first06,Самосвалы Komatsu 730E-8,69,Самосвал карьерный 730E-8 №1 (для расчета),05-KAR-UTTR-K817,no_data,960003680,"20,37",2024-09-01,"20,37",2034-09-01,Самосвалы карьерные
2032,6,720,"92,16","19,8","2,0","0,0","0,0","0,0","0,0","0,0","14,0","0,0","0,0","0,0","0,0","0,0","0,0","0,0","72,0",sl_730_1,first06,Самосвалы Komatsu 730E-8,69,Самосвал карьерный 730E-8 №1 (для расчета),05-KAR-UTTR-K817,no_data,960003680,"20,37",2024-09-01,"20,37",2034-09-01,Самосвалы карьерные
2032,7,744,"130,82","20,46","1,0","0,0","0,0","0,0","13,0","12,0","0,0","0,0","0,0","0,0","0,0","0,0","0,0","0,0","108,0",sl_730_1,first06,Самосвалы Komatsu 730E-8,69,Самосвал карьерный 730E-8 №1 (для расчета),05-KAR-UTTR-K817,no_data,960003680,"20,37",2024-09-01,"20,37",2034-09-01,Самосвалы карьерные
2032,8,744,"113,16","20,46","1,0","0,0","11,0","12,0","0,0","0,0","0,0","0,0","0,0","0,0","0,0","0,0","0,0","0,0","72,0",sl_730_1,first06,Самосвалы Komatsu 730E-8,69,Самосвал карьерный 730E-8 №1 (для расчета),05-KAR-UTTR-K817,no_data,960003680,"20,37",2024-09-01,"20,37",2034-09-01,Самосвалы карьерные
2032,9,720,"110,5","19,8","2,0","0,0","0,0","0,0","0,0","0,0","0,0","0,0","20,0","0,0","0,0","0,0","0,0","0,0","72,0",sl_730_1,first06,Самосвалы Komatsu 730E-8,69,Самосвал карьерный 730E-8 №1 (для расчета),05-KAR-UTTR-K817,no_data,960003680,"20,37",2024-09-01,"20,37",2034-09-01,Самосвалы карьерные
2032,10,744,"128,16","20,46","3,0","0,0","11,0","0,0","13,0","12,0","0,0","0,0","0,0","0,0","0,0","48,0","0,0","0,0","72,0",sl_730_1,first06,Самосвалы Komatsu 730E-8,69,Самосвал карьерный 730E-8 №1 (для расчета),05-KAR-UTTR-K817,no_data,960003680,"20,37",2024-09-01,"20,37",2034-09-01,Самосвалы карьерные
2032,11,720,"133,84","19,8","2,0","0,0","0,0","12,0","0,0","0,0","0,0","0,0","0,0","0,0","0,0","0,0","0,0","0,0","104,0",sl_730_1,first06,Самосвалы Komatsu 730E-8,69,Самосвал карьерный 730E-8 №1 (для расчета),05-KAR-UTTR-K817,no_data,960003680,"20,37",2024-09-01,"20,37",2034-09-01,Самосвалы карьерные
2032,12,744,"109,48","20,46","1,0","0,0","0,0","0,0","13,0","0,0","0,0","0,0","0,0","0,0","0,0","0,0","0,0","0,0","77,0",sl_730_1,first06,Самосвалы Komatsu 730E-8,69,Самосвал карьерный 730E-8 №1 (для расчета),05-KAR-UTTR-K817,no_data,960003680,"20,37",2024-09-01,"20,37",2034-09-01,Самосвалы карьерные
2033,1,744,"135,5","20,46","2,0","0,0","0,0","0,0","0,0","12,0","14,0","19,0","0,0","0,0","0,0","0,0","0,0","0,0","72,0",sl_730_1,first06,Самосвалы Komatsu 730E-8,69,Самосвал карьерный 730E-8 №1 (для расчета),05-KAR-UTTR-K817,no_data,960003680,"20,37",2024-09-01,"20,37",2034-09-01,Самосвалы карьерные
2033,2,672,"99,84","18,48","1,0","0,0","0,0","12,0","0,0","0,0","0,0","0,0","0,0","0,0","0,0","0,0","0,0","0,0","72,0",sl_730_1,first06,Самосвалы Komatsu 730E-8,69,Самосвал карьерный 730E-8 №1 (для расчета),05-KAR-UTTR-K817,no_data,960003680,"20,37",2024-09-01,"20,37",2034-09-01,Самосвалы карьерные
2033,3,744,"117,14","20,46","2,0","0,0","11,0","0,0","13,0","0,0","0,0","0,0","0,0","0,0","0,0","0,0","0,0","0,0","72,0",sl_730_1,first06,Самосвалы Komatsu 730E-8,69,Самосвал карьерный 730E-8 №1 (для расчета),05-KAR-UTTR-K817,no_data,960003680,"20,37",2024-09-01,"20,37",2034-09-01,Самосвалы карьерные
2033,4,720,"139,84","19,8","1,0","0,0","0,0","0,0","0,0","12,0","0,0","0,0","0,0","0,0","23,0","0,0","0,0","0,0","102,0",sl_730_1,first06,Самосвалы Komatsu 730E-8,69,Самосвал карьерный 730E-8 №1 (для расчета),05-KAR-UTTR-K817,no_data,960003680,"20,37",2024-09-01,"20,37",2034-09-01,Самосвалы карьерные
2033,5,744,"128,82","20,46","1,0","0,0","0,0","0,0","13,0","0,0","0,0","0,0","0,0","20,0","0,0","0,0","0,0","0,0","78,0",sl_730_1,first06,Самосвалы Komatsu 730E-8,69,Самосвал карьерный 730E-8 №1 (для расчета),05-KAR-UTTR-K817,no_data,960003680,"20,37",2024-09-01,"20,37",2034-09-01,Самосвалы карьерные
2033,6,720,"101,16","19,8","1,0","0,0","11,0","0,0","0,0","0,0","0,0","0,0","0,0","0,0","0,0","0,0","0,0","0,0","72,0",sl_730_1,first06,Самосвалы Komatsu 730E-8,69,Самосвал карьерный 730E-8 №1 (для расчета),05-KAR-UTTR-K817,no_data,960003680,"20,37",2024-09-01,"20,37",2034-09-01,Самосвалы карьерные
2033,7,744,"114,82000000000001","20,46","3,0","0,0","0,0","0,0","0,0","8,0","14,0","0,0","0,0","0,0","0,0","0,0","0,0","0,0","72,0",sl_730_1,first06,Самосвалы Komatsu 730E-8,69,Самосвал карьерный 730E-8 №1 (для расчета),05-KAR-UTTR-K817,no_data,960003680,"20,37",2024-09-01,"20,37",2034-09-01,Самосвалы карьерные
2033,8,744,"121,16","20,46","1,0","0,0","11,0","0,0","13,0","4,0","0,0","0,0","0,0","0,0","0,0","0,0","0,0","0,0","88,0",sl_730_1,first06,Самосвалы Komatsu 730E-8,69,Самосвал карьерный 730E-8 №1 (для расчета),05-KAR-UTTR-K817,no_data,960003680,"20,37",2024-09-01,"20,37",2034-09-01,Самосвалы карьерные
2033,9,720,"121,16","19,8","2,0","0,0","0,0","12,0","0,0","0,0","0,0","19,0","0,0","0,0","0,0","0,0","0,0","0,0","92,0",sl_730_1,first06,Самосвалы Komatsu 730E-8,69,Самосвал карьерный 730E-8 №1 (для расчета),05-KAR-UTTR-K817,no_data,960003680,"20,37",2024-09-01,"20,37",2034-09-01,Самосвалы карьерные
2033,10,744,"642,64","20,46","2,0","0,0","0,0","0,0","13,0","0,0","0,0","0,0","19,0","0,0","0,0","0,0","0,0","640,0","73,0",sl_730_1,first06,Самосвалы Komatsu 730E-8,69,Самосвал карьерный 730E-8 №1 (для расчета),05-KAR-UTTR-K817,no_data,960003680,"20,37",2024-09-01,"20,37",2034-09-01,Самосвалы карьерные
2033,11,720,"122,84","19,8","2,0","0,0","11,0","0,0","0,0","12,0","0,0","0,0","0,0","0,0","0,0","0,0","0,0","10,0","72,0",sl_730_1,first06,Самосвалы Komatsu 730E-8,69,Самосвал карьерный 730E-8 №1 (для расчета),05-KAR-UTTR-K817,no_data,960003680,"20,37",2024-09-01,"20,37",2034-09-01,Самосвалы карьерные
2033,12,744,"115,82000000000001","20,46","1,0","0,0","0,0","12,0","13,0","0,0","0,0","0,0","0,0","0,0","0,0","0,0","0,0","0,0","72,0",sl_730_1,first06,Самосвалы Komatsu 730E-8,69,Самосвал карьерный 730E-8 №1 (для расчета),05-KAR-UTTR-K817,no_data,960003680,"20,37",2024-09-01,"20,37",2034-09-01,Самосвалы карьерные
2034,1,744,"136,16","20,46","1,0","0,0","11,0","0,0","0,0","0,0","0,0","0,0","0,0","0,0","0,0","0,0","0,0","0,0","108,0",sl_730_1,first06,Самосвалы Komatsu 730E-8,69,Самосвал карьерный 730E-8 №1 (для расчета),05-KAR-UTTR-K817,no_data,960003680,"20,37",2024-09-01,"20,37",2034-09-01,Самосвалы карьерные
2034,2,672,"139,52","18,48","1,0","0,0","0,0","0,0","0,0","12,0","0,0","0,0","0,0","0,0","0,0","48,0","0,0","0,0","72,0",sl_730_1,first06,Самосвалы Komatsu 730E-8,69,Самосвал карьерный 730E-8 №1 (для расчета),05-KAR-UTTR-K817,no_data,960003680,"20,37",2024-09-01,"20,37",2034-09-01,Самосвалы карьерные
2034,3,744,"116,16","20,46","2,0","0,0","0,0","12,0","13,0","0,0","0,0","0,0","0,0","0,0","0,0","0,0","0,0","0,0","72,0",sl_730_1,first06,Самосвалы Komatsu 730E-8,69,Самосвал карьерный 730E-8 №1 (для расчета),05-KAR-UTTR-K817,no_data,960003680,"20,37",2024-09-01,"20,37",2034-09-01,Самосвалы карьерные
2034,4,720,"101,82000000000001","19,8","1,0","0,0","11,0","0,0","0,0","0,0","0,0","0,0","0,0","0,0","0,0","0,0","0,0","0,0","72,0",sl_730_1,first06,Самосвалы Komatsu 730E-8,69,Самосвал карьерный 730E-8 №1 (для расчета),05-KAR-UTTR-K817,no_data,960003680,"20,37",2024-09-01,"20,37",2034-09-01,Самосвалы карьерные
2034,5,744,"139,16","20,46","1,0","0,0","0,0","0,0","13,0","12,0","0,0","1,0","0,0","0,0","23,0","0,0","0,0","0,0","72,0",sl_730_1,first06,Самосвалы Komatsu 730E-8,69,Самосвал карьерный 730E-8 №1 (для расчета),05-KAR-UTTR-K817,no_data,960003680,"20,37",2024-09-01,"20,37",2034-09-01,Самосвалы карьерные
2034,6,720,"155,84","19,8","2,0","0,0","0,0","12,0","0,0","0,0","0,0","18,0","0,0","0,0","0,0","0,0","0,0","0,0","108,0",sl_730_1,first06,Самосвалы Komatsu 730E-8,69,Самосвал карьерный 730E-8 №1 (для расчета),05-KAR-UTTR-K817,no_data,960003680,"20,37",2024-09-01,"20,37",2034-09-01,Самосвалы карьерные
2034,7,744,"92,82000000000001","20,46","3,0","0,0","0,0","0,0","0,0","0,0","0,0","0,0","0,0","0,0","0,0","0,0","0,0","0,0","72,0",sl_730_1,first06,Самосвалы Komatsu 730E-8,69,Самосвал карьерный 730E-8 №1 (для расчета),05-KAR-UTTR-K817,no_data,960003680,"20,37",2024-09-01,"20,37",2034-09-01,Самосвалы карьерные
2034,8,744,"116,82000000000001","20,46","1,0","0,0","0,0","0,0","13,0","12,0","14,0","0,0","0,0","0,0","0,0","0,0","0,0","0,0","72,0",sl_730_1,first06,Самосвалы Komatsu 730E-8,69,Самосвал карьерный 730E-8 №1 (для расчета),05-KAR-UTTR-K817,no_data,960003680,"20,37",2024-09-01,"20,37",2034-09-01,Самосвалы карьерные
2034,9,1,"0,0","0,0","0,0","0,0","0,0","0,0","0,0","0,0","0,0","0,0","0,0","0,0","0,0","0,0","0,0","0,0","0,0",sl_730_1,first06,Самосвалы Komatsu 730E-8,69,Самосвал карьерный 730E-8 №1 (для расчета),05-KAR-UTTR-K817,no_data,960003680,"20,37",2024-09-01,"20,37",2034-09-01,Самосвалы карьерные
2034,10,0,"0,0","0,0","0,0","0,0","0,0","0,0","0,0","0,0","0,0","0,0","0,0","0,0","0,0","0,0","0,0","0,0","0,0",sl_730_1,first06,Самосвалы Komatsu 730E-8,69,Самосвал карьерный 730E-8 №1 (для расчета),05-KAR-UTTR-K817,no_data,960003680,"20,37",2024-09-01,"20,37",2034-09-01,Самосвалы карьерные
2034,11,0,"0,0","0,0","0,0","0,0","0,0","0,0","0,0","0,0","0,0","0,0","0,0","0,0","0,0","0,0","0,0","0,0","0,0",sl_730_1,first06,Самосвалы Komatsu 730E-8,69,Самосвал карьерный 730E-8 №1 (для расчета),05-KAR-UTTR-K817,no_data,960003680,"20,37",2024-09-01,"20,37",2034-09-01,Самосвалы карьерные
2034,12,0,"0,0","0,0","0,0","0,0","0,0","0,0","0,0","0,0","0,0","0,0","0,0","0,0","0,0","0,0","0,0","0,0","0,0",sl_730_1,first06,Самосвалы Komatsu 730E-8,69,Самосвал карьерный 730E-8 №1 (для расчета),05-KAR-UTTR-K817,no_data,960003680,"20,37",2024-09-01,"20,37",2034-09-01,Самосвалы карьерные
2035,1,0,"0,0","0,0","0,0","0,0","0,0","0,0","0,0","0,0","0,0","0,0","0,0","0,0","0,0","0,0","0,0","0,0","0,0",sl_730_1,first06,Самосвалы Komatsu 730E-8,69,Самосвал карьерный 730E-8 №1 (для расчета),05-KAR-UTTR-K817,no_data,960003680,"20,37",2024-09-01,"20,37",2034-09-01,Самосвалы карьерные
2035,2,0,"0,0","0,0","0,0","0,0","0,0","0,0","0,0","0,0","0,0","0,0","0,0","0,0","0,0","0,0","0,0","0,0","0,0",sl_730_1,first06,Самосвалы Komatsu 730E-8,69,Самосвал карьерный 730E-8 №1 (для расчета),05-KAR-UTTR-K817,no_data,960003680,"20,37",2024-09-01,"20,37",2034-09-01,Самосвалы карьерные
2035,3,0,"0,0","0,0","0,0","0,0","0,0","0,0","0,0","0,0","0,0","0,0","0,0","0,0","0,0","0,0","0,0","0,0","0,0",sl_730_1,first06,Самосвалы Komatsu 730E-8,69,Самосвал карьерный 730E-8 №1 (для расчета),05-KAR-UTTR-K817,no_data,960003680,"20,37",2024-09-01,"20,37",2034-09-01,Самосвалы карьерные
2035,4,0,"0,0","0,0","0,0","0,0","0,0","0,0","0,0","0,0","0,0","0,0","0,0","0,0","0,0","0,0","0,0","0,0","0,0",sl_730_1,first06,Самосвалы Komatsu 730E-8,69,Самосвал карьерный 730E-8 №1 (для расчета),05-KAR-UTTR-K817,no_data,960003680,"20,37",2024-09-01,"20,37",2034-09-01,Самосвалы карьерные
2035,5,0,"0,0","0,0","0,0","0,0","0,0","0,0","0,0","0,0","0,0","0,0","0,0","0,0","0,0","0,0","0,0","0,0","0,0",sl_730_1,first06,Самосвалы Komatsu 730E-8,69,Самосвал карьерный 730E-8 №1 (для расчета),05-KAR-UTTR-K817,no_data,960003680,"20,37",2024-09-01,"20,37",2034-09-01,Самосвалы карьерные
2035,6,0,"0,0","0,0","0,0","0,0","0,0","0,0","0,0","0,0","0,0","0,0","0,0","0,0","0,0","0,0","0,0","0,0","0,0",sl_730_1,first06,Самосвалы Komatsu 730E-8,69,Самосвал карьерный 730E-8 №1 (для расчета),05-KAR-UTTR-K817,no_data,960003680,"20,37",2024-09-01,"20,37",2034-09-01,Самосвалы карьерные
2035,7,0,"0,0","0,0","0,0","0,0","0,0","0,0","0,0","0,0","0,0","0,0","0,0","0,0","0,0","0,0","0,0","0,0","0,0",sl_730_1,first06,Самосвалы Komatsu 730E-8,69,Самосвал карьерный 730E-8 №1 (для расчета),05-KAR-UTTR-K817,no_data,960003680,"20,37",2024-09-01,"20,37",2034-09-01,Самосвалы карьерные
2035,8,0,"0,0","0,0","0,0","0,0","0,0","0,0","0,0","0,0","0,0","0,0","0,0","0,0","0,0","0,0","0,0","0,0","0,0",sl_730_1,first06,Самосвалы Komatsu 730E-8,69,Самосвал карьерный 730E-8 №1 (для расчета),05-KAR-UTTR-K817,no_data,960003680,"20,37",2024-09-01,"20,37",2034-09-01,Самосвалы карьерные
2035,9,0,"0,0","0,0","0,0","0,0","0,0","0,0","0,0","0,0","0,0","0,0","0,0","0,0","0,0","0,0","0,0","0,0","0,0",sl_730_1,first06,Самосвалы Komatsu 730E-8,69,Самосвал карьерный 730E-8 №1 (для расчета),05-KAR-UTTR-K817,no_data,960003680,"20,37",2024-09-01,"20,37",2034-09-01,Самосвалы карьерные
2035,10,0,"0,0","0,0","0,0","0,0","0,0","0,0","0,0","0,0","0,0","0,0","0,0","0,0","0,0","0,0","0,0","0,0","0,0",sl_730_1,first06,Самосвалы Komatsu 730E-8,69,Самосвал карьерный 730E-8 №1 (для расчета),05-KAR-UTTR-K817,no_data,960003680,"20,37",2024-09-01,"20,37",2034-09-01,Самосвалы карьерные
2035,11,0,"0,0","0,0","0,0","0,0","0,0","0,0","0,0","0,0","0,0","0,0","0,0","0,0","0,0","0,0","0,0","0,0","0,0",sl_730_1,first06,Самосвалы Komatsu 730E-8,69,Самосвал карьерный 730E-8 №1 (для расчета),05-KAR-UTTR-K817,no_data,960003680,"20,37",2024-09-01,"20,37",2034-09-01,Самосвалы карьерные
2035,12,0,"0,0","0,0","0,0","0,0","0,0","0,0","0,0","0,0","0,0","0,0","0,0","0,0","0,0","0,0","0,0","0,0","0,0",sl_730_1,first06,Самосвалы Komatsu 730E-8,69,Самосвал карьерный 730E-8 №1 (для расчета),05-KAR-UTTR-K817,no_data,960003680,"20,37",2024-09-01,"20,37",2034-09-01,Самосвалы карьерные
2036,1,0,"0,0","0,0","0,0","0,0","0,0","0,0","0,0","0,0","0,0","0,0","0,0","0,0","0,0","0,0","0,0","0,0","0,0",sl_730_1,first06,Самосвалы Komatsu 730E-8,69,Самосвал карьерный 730E-8 №1 (для расчета),05-KAR-UTTR-K817,no_data,960003680,"20,37",2024-09-01,"20,37",2034-09-01,Самосвалы карьерные
2036,2,0,"0,0","0,0","0,0","0,0","0,0","0,0","0,0","0,0","0,0","0,0","0,0","0,0","0,0","0,0","0,0","0,0","0,0",sl_730_1,first06,Самосвалы Komatsu 730E-8,69,Самосвал карьерный 730E-8 №1 (для расчета),05-KAR-UTTR-K817,no_data,960003680,"20,37",2024-09-01,"20,37",2034-09-01,Самосвалы карьерные
2036,3,0,"0,0","0,0","0,0","0,0","0,0","0,0","0,0","0,0","0,0","0,0","0,0","0,0","0,0","0,0","0,0","0,0","0,0",sl_730_1,first06,Самосвалы Komatsu 730E-8,69,Самосвал карьерный 730E-8 №1 (для расчета),05-KAR-UTTR-K817,no_data,960003680,"20,37",2024-09-01,"20,37",2034-09-01,Самосвалы карьерные
2036,4,0,"0,0","0,0","0,0","0,0","0,0","0,0","0,0","0,0","0,0","0,0","0,0","0,0","0,0","0,0","0,0","0,0","0,0",sl_730_1,first06,Самосвалы Komatsu 730E-8,69,Самосвал карьерный 730E-8 №1 (для расчета),05-KAR-UTTR-K817,no_data,960003680,"20,37",2024-09-01,"20,37",2034-09-01,Самосвалы карьерные
2036,5,0,"0,0","0,0","0,0","0,0","0,0","0,0","0,0","0,0","0,0","0,0","0,0","0,0","0,0","0,0","0,0","0,0","0,0",sl_730_1,first06,Самосвалы Komatsu 730E-8,69,Самосвал карьерный 730E-8 №1 (для расчета),05-KAR-UTTR-K817,no_data,960003680,"20,37",2024-09-01,"20,37",2034-09-01,Самосвалы карьерные
2036,6,0,"0,0","0,0","0,0","0,0","0,0","0,0","0,0","0,0","0,0","0,0","0,0","0,0","0,0","0,0","0,0","0,0","0,0",sl_730_1,first06,Самосвалы Komatsu 730E-8,69,Самосвал карьерный 730E-8 №1 (для расчета),05-KAR-UTTR-K817,no_data,960003680,"20,37",2024-09-01,"20,37",2034-09-01,Самосвалы карьерные
2036,7,0,"0,0","0,0","0,0","0,0","0,0","0,0","0,0","0,0","0,0","0,0","0,0","0,0","0,0","0,0","0,0","0,0","0,0",sl_730_1,first06,Самосвалы Komatsu 730E-8,69,Самосвал карьерный 730E-8 №1 (для расчета),05-KAR-UTTR-K817,no_data,960003680,"20,37",2024-09-01,"20,37",2034-09-01,Самосвалы карьерные
2036,8,0,"0,0","0,0","0,0","0,0","0,0","0,0","0,0","0,0","0,0","0,0","0,0","0,0","0,0","0,0","0,0","0,0","0,0",sl_730_1,first06,Самосвалы Komatsu 730E-8,69,Самосвал карьерный 730E-8 №1 (для расчета),05-KAR-UTTR-K817,no_data,960003680,"20,37",2024-09-01,"20,37",2034-09-01,Самосвалы карьерные
2036,9,0,"0,0","0,0","0,0","0,0","0,0","0,0","0,0","0,0","0,0","0,0","0,0","0,0","0,0","0,0","0,0","0,0","0,0",sl_730_1,first06,Самосвалы Komatsu 730E-8,69,Самосвал карьерный 730E-8 №1 (для расчета),05-KAR-UTTR-K817,no_data,960003680,"20,37",2024-09-01,"20,37",2034-09-01,Самосвалы карьерные
2036,10,0,"0,0","0,0","0,0","0,0","0,0","0,0","0,0","0,0","0,0","0,0","0,0","0,0","0,0","0,0","0,0","0,0","0,0",sl_730_1,first06,Самосвалы Komatsu 730E-8,69,Самосвал карьерный 730E-8 №1 (для расчета),05-KAR-UTTR-K817,no_data,960003680,"20,37",2024-09-01,"20,37",2034-09-01,Самосвалы карьерные
2036,11,0,"0,0","0,0","0,0","0,0","0,0","0,0","0,0","0,0","0,0","0,0","0,0","0,0","0,0","0,0","0,0","0,0","0,0",sl_730_1,first06,Самосвалы Komatsu 730E-8,69,Самосвал карьерный 730E-8 №1 (для расчета),05-KAR-UTTR-K817,no_data,960003680,"20,37",2024-09-01,"20,37",2034-09-01,Самосвалы карьерные
2036,12,0,"0,0","0,0","0,0","0,0","0,0","0,0","0,0","0,0","0,0","0,0","0,0","0,0","0,0","0,0","0,0","0,0","0,0",sl_730_1,first06,Самосвалы Komatsu 730E-8,69,Самосвал карьерный 730E-8 №1 (для расчета),05-KAR-UTTR-K817,no_data,960003680,"20,37",2024-09-01,"20,37",2034-09-01,Самосвалы карьерные
2037,1,0,"0,0","0,0","0,0","0,0","0,0","0,0","0,0","0,0","0,0","0,0","0,0","0,0","0,0","0,0","0,0","0,0","0,0",sl_730_1,first06,Самосвалы Komatsu 730E-8,69,Самосвал карьерный 730E-8 №1 (для расчета),05-KAR-UTTR-K817,no_data,960003680,"20,37",2024-09-01,"20,37",2034-09-01,Самосвалы карьерные
2037,2,0,"0,0","0,0","0,0","0,0","0,0","0,0","0,0","0,0","0,0","0,0","0,0","0,0","0,0","0,0","0,0","0,0","0,0",sl_730_1,first06,Самосвалы Komatsu 730E-8,69,Самосвал карьерный 730E-8 №1 (для расчета),05-KAR-UTTR-K817,no_data,960003680,"20,37",2024-09-01,"20,37",2034-09-01,Самосвалы карьерные
2037,3,0,"0,0","0,0","0,0","0,0","0,0","0,0","0,0","0,0","0,0","0,0","0,0","0,0","0,0","0,0","0,0","0,0","0,0",sl_730_1,first06,Самосвалы Komatsu 730E-8,69,Самосвал карьерный 730E-8 №1 (для расчета),05-KAR-UTTR-K817,no_data,960003680,"20,37",2024-09-01,"20,37",2034-09-01,Самосвалы карьерные
2037,4,0,"0,0","0,0","0,0","0,0","0,0","0,0","0,0","0,0","0,0","0,0","0,0","0,0","0,0","0,0","0,0","0,0","0,0",sl_730_1,first06,Самосвалы Komatsu 730E-8,69,Самосвал карьерный 730E-8 №1 (для расчета),05-KAR-UTTR-K817,no_data,960003680,"20,37",2024-09-01,"20,37",2034-09-01,Самосвалы карьерные
2037,5,0,"0,0","0,0","0,0","0,0","0,0","0,0","0,0","0,0","0,0","0,0","0,0","0,0","0,0","0,0","0,0","0,0","0,0",sl_730_1,first06,Самосвалы Komatsu 730E-8,69,Самосвал карьерный 730E-8 №1 (для расчета),05-KAR-UTTR-K817,no_data,960003680,"20,37",2024-09-01,"20,37",2034-09-01,Самосвалы карьерные
2037,6,0,"0,0","0,0","0,0","0,0","0,0","0,0","0,0","0,0","0,0","0,0","0,0","0,0","0,0","0,0","0,0","0,0","0,0",sl_730_1,first06,Самосвалы Komatsu 730E-8,69,Самосвал карьерный 730E-8 №1 (для расчета),05-KAR-UTTR-K817,no_data,960003680,"20,37",2024-09-01,"20,37",2034-09-01,Самосвалы карьерные
2037,7,0,"0,0","0,0","0,0","0,0","0,0","0,0","0,0","0,0","0,0","0,0","0,0","0,0","0,0","0,0","0,0","0,0","0,0",sl_730_1,first06,Самосвалы Komatsu 730E-8,69,Самосвал карьерный 730E-8 №1 (для расчета),05-KAR-UTTR-K817,no_data,960003680,"20,37",2024-09-01,"20,37",2034-09-01,Самосвалы карьерные
2037,8,0,"0,0","0,0","0,0","0,0","0,0","0,0","0,0","0,0","0,0","0,0","0,0","0,0","0,0","0,0","0,0","0,0","0,0",sl_730_1,first06,Самосвалы Komatsu 730E-8,69,Самосвал карьерный 730E-8 №1 (для расчета),05-KAR-UTTR-K817,no_data,960003680,"20,37",2024-09-01,"20,37",2034-09-01,Самосвалы карьерные
2037,9,0,"0,0","0,0","0,0","0,0","0,0","0,0","0,0","0,0","0,0","0,0","0,0","0,0","0,0","0,0","0,0","0,0","0,0",sl_730_1,first06,Самосвалы Komatsu 730E-8,69,Самосвал карьерный 730E-8 №1 (для расчета),05-KAR-UTTR-K817,no_data,960003680,"20,37",2024-09-01,"20,37",2034-09-01,Самосвалы карьерные
2037,10,0,"0,0","0,0","0,0","0,0","0,0","0,0","0,0","0,0","0,0","0,0","0,0","0,0","0,0","0,0","0,0","0,0","0,0",sl_730_1,first06,Самосвалы Komatsu 730E-8,69,Самосвал карьерный 730E-8 №1 (для расчета),05-KAR-UTTR-K817,no_data,960003680,"20,37",2024-09-01,"20,37",2034-09-01,Самосвалы карьерные
2037,11,0,"0,0","0,0","0,0","0,0","0,0","0,0","0,0","0,0","0,0","0,0","0,0","0,0","0,0","0,0","0,0","0,0","0,0",sl_730_1,first06,Самосвалы Komatsu 730E-8,69,Самосвал карьерный 730E-8 №1 (для расчета),05-KAR-UTTR-K817,no_data,960003680,"20,37",2024-09-01,"20,37",2034-09-01,Самосвалы карьерные
2037,12,0,"0,0","0,0","0,0","0,0","0,0","0,0","0,0","0,0","0,0","0,0","0,0","0,0","0,0","0,0","0,0","0,0","0,0",sl_730_1,first06,Самосвалы Komatsu 730E-8,69,Самосвал карьерный 730E-8 №1 (для расчета),05-KAR-UTTR-K817,no_data,960003680,"20,37",2024-09-01,"20,37",2034-09-01,Самосвалы карьерные
