,level_1_description,eo_class_description,eo_model_name,year,month,eo_code,count
0,Олимпиадинский ГОК,Самосвалы карьерные,Самосвалы CAT 785C,2009,10,100000062379,1
1,Олимпиадинский ГОК,Самосвалы карьерные,Самосвалы CAT 785C,2009,11,100000062379,1
2,Олимпиадинский ГОК,Самосвалы карьерные,Самосвалы CAT 785C,2009,12,100000062379,1
3,Олимпиадинский ГОК,Самосвалы карьерные,Самосвалы CAT 785C,2010,1,100000062379,1
4,Олимпиадинский ГОК,Самосвалы карьерные,Самосвалы CAT 785C,2010,2,100000062379,1
5,Олимпиадинский ГОК,Самосвалы карьерные,Самосвалы CAT 785C,2010,3,100000062379,1
6,Олимпиадинский ГОК,Самосвалы карьерные,Самосвалы CAT 785C,2010,4,100000062379,1
7,Олимпиадинский ГОК,Самосвалы карьерные,Самосвалы CAT 785C,2010,5,100000062379,1
8,Олимпиадинский ГОК,Самосвалы карьерные,Самосвалы CAT 785C,2010,6,100000062379,1
9,Олимпиадинский ГОК,Самосвалы карьерные,Самосвалы CAT 785C,2010,7,100000062379,1
10,Олимпиадинский ГОК,Самосвалы карьерные,Самосвалы CAT 785C,2010,8,100000062379,1
11,Олимпиадинский ГОК,Самосвалы карьерные,Самосвалы CAT 785C,2010,9,100000062379,1
12,Олимпиадинский ГОК,Самосвалы карьерные,Самосвалы CAT 785C,2010,10,100000062379,1
13,Олимпиадинский ГОК,Самосвалы карьерные,Самосвалы CAT 785C,2010,11,100000062379,1
14,Олимпиадинский ГОК,Самосвалы карьерные,Самосвалы CAT 785C,2010,12,100000062379,1
15,Олимпиадинский ГОК,Самосвалы карьерные,Самосвалы CAT 785C,2011,1,100000062379,1
16,Олимпиадинский ГОК,Самосвалы карьерные,Самосвалы CAT 785C,2011,2,100000062379,1
17,Олимпиадинский ГОК,Самосвалы карьерные,Самосвалы CAT 785C,2011,3,100000062379,1
18,Олимпиадинский ГОК,Самосвалы карьерные,Самосвалы CAT 785C,2011,4,100000062379,1
19,Олимпиадинский ГОК,Самосвалы карьерные,Самосвалы CAT 785C,2011,5,100000062379,1
20,Олимпиадинский ГОК,Самосвалы карьерные,Самосвалы CAT 785C,2011,6,100000062379,1
21,Олимпиадинский ГОК,Самосвалы карьерные,Самосвалы CAT 785C,2011,7,100000062379,1
22,Олимпиадинский ГОК,Самосвалы карьерные,Самосвалы CAT 785C,2011,8,100000062379,1
23,Олимпиадинский ГОК,Самосвалы карьерные,Самосвалы CAT 785C,2011,9,100000062379,1
24,Олимпиадинский ГОК,Самосвалы карьерные,Самосвалы CAT 785C,2011,10,100000062379,1
25,Олимпиадинский ГОК,Самосвалы карьерные,Самосвалы CAT 785C,2011,11,100000062379,1
26,Олимпиадинский ГОК,Самосвалы карьерные,Самосвалы CAT 785C,2011,12,100000062379,1
27,Олимпиадинский ГОК,Самосвалы карьерные,Самосвалы CAT 785C,2012,1,100000062379,1
28,Олимпиадинский ГОК,Самосвалы карьерные,Самосвалы CAT 785C,2012,2,100000062379,1
29,Олимпиадинский ГОК,Самосвалы карьерные,Самосвалы CAT 785C,2012,3,100000062379,1
30,Олимпиадинский ГОК,Самосвалы карьерные,Самосвалы CAT 785C,2012,4,100000062379,1
31,Олимпиадинский ГОК,Самосвалы карьерные,Самосвалы CAT 785C,2012,5,100000062379,1
32,Олимпиадинский ГОК,Самосвалы карьерные,Самосвалы CAT 785C,2012,6,100000062379,1
33,Олимпиадинский ГОК,Самосвалы карьерные,Самосвалы CAT 785C,2012,7,100000062379,1
34,Олимпиадинский ГОК,Самосвалы карьерные,Самосвалы CAT 785C,2012,8,100000062379,1
35,Олимпиадинский ГОК,Самосвалы карьерные,Самосвалы CAT 785C,2012,9,100000062379,1
36,Олимпиадинский ГОК,Самосвалы карьерные,Самосвалы CAT 785C,2012,10,100000062379,1
37,Олимпиадинский ГОК,Самосвалы карьерные,Самосвалы CAT 785C,2012,11,100000062379,1
38,Олимпиадинский ГОК,Самосвалы карьерные,Самосвалы CAT 785C,2012,12,100000062379,1
39,Олимпиадинский ГОК,Самосвалы карьерные,Самосвалы CAT 785C,2013,1,100000062379,1
40,Олимпиадинский ГОК,Самосвалы карьерные,Самосвалы CAT 785C,2013,2,100000062379,1
41,Олимпиадинский ГОК,Самосвалы карьерные,Самосвалы CAT 785C,2013,3,100000062379,1
42,Олимпиадинский ГОК,Самосвалы карьерные,Самосвалы CAT 785C,2013,4,100000062379,1
43,Олимпиадинский ГОК,Самосвалы карьерные,Самосвалы CAT 785C,2013,5,100000062379,1
44,Олимпиадинский ГОК,Самосвалы карьерные,Самосвалы CAT 785C,2013,6,100000062379,1
45,Олимпиадинский ГОК,Самосвалы карьерные,Самосвалы CAT 785C,2013,7,100000062379,1
46,Олимпиадинский ГОК,Самосвалы карьерные,Самосвалы CAT 785C,2013,8,100000062379,1
47,Олимпиадинский ГОК,Самосвалы карьерные,Самосвалы CAT 785C,2013,9,100000062379,1
48,Олимпиадинский ГОК,Самосвалы карьерные,Самосвалы CAT 785C,2013,10,100000062379,1
49,Олимпиадинский ГОК,Самосвалы карьерные,Самосвалы CAT 785C,2013,11,100000062379,1
50,Олимпиадинский ГОК,Самосвалы карьерные,Самосвалы CAT 785C,2013,12,100000062379,1
51,Олимпиадинский ГОК,Самосвалы карьерные,Самосвалы CAT 785C,2014,1,100000062379,1
52,Олимпиадинский ГОК,Самосвалы карьерные,Самосвалы CAT 785C,2014,2,100000062379,1
53,Олимпиадинский ГОК,Самосвалы карьерные,Самосвалы CAT 785C,2014,3,100000062379,1
54,Олимпиадинский ГОК,Самосвалы карьерные,Самосвалы CAT 785C,2014,4,100000062379,1
55,Олимпиадинский ГОК,Самосвалы карьерные,Самосвалы CAT 785C,2014,5,100000062379,1
56,Олимпиадинский ГОК,Самосвалы карьерные,Самосвалы CAT 785C,2014,6,100000062379,1
57,Олимпиадинский ГОК,Самосвалы карьерные,Самосвалы CAT 785C,2014,7,100000062379,1
58,Олимпиадинский ГОК,Самосвалы карьерные,Самосвалы CAT 785C,2014,8,100000062379,1
59,Олимпиадинский ГОК,Самосвалы карьерные,Самосвалы CAT 785C,2014,9,100000062379,1
60,Олимпиадинский ГОК,Самосвалы карьерные,Самосвалы CAT 785C,2014,10,100000062379,1
61,Олимпиадинский ГОК,Самосвалы карьерные,Самосвалы CAT 785C,2014,11,100000062379,1
62,Олимпиадинский ГОК,Самосвалы карьерные,Самосвалы CAT 785C,2014,12,100000062379,1
63,Олимпиадинский ГОК,Самосвалы карьерные,Самосвалы CAT 785C,2015,1,100000062379,1
64,Олимпиадинский ГОК,Самосвалы карьерные,Самосвалы CAT 785C,2015,2,100000062379,1
65,Олимпиадинский ГОК,Самосвалы карьерные,Самосвалы CAT 785C,2015,3,100000062379,1
66,Олимпиадинский ГОК,Самосвалы карьерные,Самосвалы CAT 785C,2015,4,100000062379,1
67,Олимпиадинский ГОК,Самосвалы карьерные,Самосвалы CAT 785C,2015,5,100000062379,1
68,Олимпиадинский ГОК,Самосвалы карьерные,Самосвалы CAT 785C,2015,6,100000062379,1
69,Олимпиадинский ГОК,Самосвалы карьерные,Самосвалы CAT 785C,2015,7,100000062379,1
70,Олимпиадинский ГОК,Самосвалы карьерные,Самосвалы CAT 785C,2015,8,100000062379,1
71,Олимпиадинский ГОК,Самосвалы карьерные,Самосвалы CAT 785C,2015,9,100000062379,1
72,Олимпиадинский ГОК,Самосвалы карьерные,Самосвалы CAT 785C,2015,10,100000062379,1
73,Олимпиадинский ГОК,Самосвалы карьерные,Самосвалы CAT 785C,2015,11,100000062379,1
74,Олимпиадинский ГОК,Самосвалы карьерные,Самосвалы CAT 785C,2015,12,100000062379,1
75,Олимпиадинский ГОК,Самосвалы карьерные,Самосвалы CAT 785C,2016,1,100000062379,1
76,Олимпиадинский ГОК,Самосвалы карьерные,Самосвалы CAT 785C,2016,2,100000062379,1
77,Олимпиадинский ГОК,Самосвалы карьерные,Самосвалы CAT 785C,2016,3,100000062379,1
78,Олимпиадинский ГОК,Самосвалы карьерные,Самосвалы CAT 785C,2016,4,100000062379,1
79,Олимпиадинский ГОК,Самосвалы карьерные,Самосвалы CAT 785C,2016,5,100000062379,1
80,Олимпиадинский ГОК,Самосвалы карьерные,Самосвалы CAT 785C,2016,6,100000062379,1
81,Олимпиадинский ГОК,Самосвалы карьерные,Самосвалы CAT 785C,2016,7,100000062379,1
82,Олимпиадинский ГОК,Самосвалы карьерные,Самосвалы CAT 785C,2016,8,100000062379,1
83,Олимпиадинский ГОК,Самосвалы карьерные,Самосвалы CAT 785C,2016,9,100000062379,1
84,Олимпиадинский ГОК,Самосвалы карьерные,Самосвалы CAT 785C,2016,10,100000062379,1
85,Олимпиадинский ГОК,Самосвалы карьерные,Самосвалы CAT 785C,2016,11,100000062379,1
86,Олимпиадинский ГОК,Самосвалы карьерные,Самосвалы CAT 785C,2016,12,100000062379,1
87,Олимпиадинский ГОК,Самосвалы карьерные,Самосвалы CAT 785C,2017,1,100000062379,1
88,Олимпиадинский ГОК,Самосвалы карьерные,Самосвалы CAT 785C,2017,2,100000062379,1
89,Олимпиадинский ГОК,Самосвалы карьерные,Самосвалы CAT 785C,2017,3,100000062379,1
90,Олимпиадинский ГОК,Самосвалы карьерные,Самосвалы CAT 785C,2017,4,100000062379,1
91,Олимпиадинский ГОК,Самосвалы карьерные,Самосвалы CAT 785C,2017,5,100000062379,1
92,Олимпиадинский ГОК,Самосвалы карьерные,Самосвалы CAT 785C,2017,6,100000062379,1
93,Олимпиадинский ГОК,Самосвалы карьерные,Самосвалы CAT 785C,2017,7,100000062379,1
94,Олимпиадинский ГОК,Самосвалы карьерные,Самосвалы CAT 785C,2017,8,100000062379,1
95,Олимпиадинский ГОК,Самосвалы карьерные,Самосвалы CAT 785C,2017,9,100000062379,1
96,Олимпиадинский ГОК,Самосвалы карьерные,Самосвалы CAT 785C,2017,10,100000062379,1
97,Олимпиадинский ГОК,Самосвалы карьерные,Самосвалы CAT 785C,2017,11,100000062379,1
98,Олимпиадинский ГОК,Самосвалы карьерные,Самосвалы CAT 785C,2017,12,100000062379,1
99,Олимпиадинский ГОК,Самосвалы карьерные,Самосвалы CAT 785C,2018,1,100000062379,1
100,Олимпиадинский ГОК,Самосвалы карьерные,Самосвалы CAT 785C,2018,2,100000062379,1
101,Олимпиадинский ГОК,Самосвалы карьерные,Самосвалы CAT 785C,2018,3,100000062379,1
102,Олимпиадинский ГОК,Самосвалы карьерные,Самосвалы CAT 785C,2018,4,100000062379,1
103,Олимпиадинский ГОК,Самосвалы карьерные,Самосвалы CAT 785C,2018,5,100000062379,1
104,Олимпиадинский ГОК,Самосвалы карьерные,Самосвалы CAT 785C,2018,6,100000062379,1
105,Олимпиадинский ГОК,Самосвалы карьерные,Самосвалы CAT 785C,2018,7,100000062379,1
106,Олимпиадинский ГОК,Самосвалы карьерные,Самосвалы CAT 785C,2018,8,100000062379,1
107,Олимпиадинский ГОК,Самосвалы карьерные,Самосвалы CAT 785C,2018,9,100000062379,1
108,Олимпиадинский ГОК,Самосвалы карьерные,Самосвалы CAT 785C,2018,10,100000062379,1
109,Олимпиадинский ГОК,Самосвалы карьерные,Самосвалы CAT 785C,2018,11,100000062379,1
110,Олимпиадинский ГОК,Самосвалы карьерные,Самосвалы CAT 785C,2018,12,100000062379,1
111,Олимпиадинский ГОК,Самосвалы карьерные,Самосвалы CAT 785C,2019,1,100000062379,1
112,Олимпиадинский ГОК,Самосвалы карьерные,Самосвалы CAT 785C,2019,2,100000062379,1
113,Олимпиадинский ГОК,Самосвалы карьерные,Самосвалы CAT 785C,2019,3,100000062379,1
114,Олимпиадинский ГОК,Самосвалы карьерные,Самосвалы CAT 785C,2019,4,100000062379,1
115,Олимпиадинский ГОК,Самосвалы карьерные,Самосвалы CAT 785C,2019,5,100000062379,1
116,Олимпиадинский ГОК,Самосвалы карьерные,Самосвалы CAT 785C,2019,6,100000062379,1
117,Олимпиадинский ГОК,Самосвалы карьерные,Самосвалы CAT 785C,2019,7,100000062379,1
118,Олимпиадинский ГОК,Самосвалы карьерные,Самосвалы CAT 785C,2019,8,100000062379,1
119,Олимпиадинский ГОК,Самосвалы карьерные,Самосвалы CAT 785C,2019,9,100000062379,1
120,Олимпиадинский ГОК,Самосвалы карьерные,Самосвалы CAT 785C,2019,10,100000062379,1
121,Олимпиадинский ГОК,Самосвалы карьерные,Самосвалы CAT 785C,2019,11,100000062379,1
122,Олимпиадинский ГОК,Самосвалы карьерные,Самосвалы CAT 785C,2019,12,100000062379,1
123,Олимпиадинский ГОК,Самосвалы карьерные,Самосвалы CAT 785C,2020,1,100000062379,1
124,Олимпиадинский ГОК,Самосвалы карьерные,Самосвалы CAT 785C,2020,2,100000062379,1
125,Олимпиадинский ГОК,Самосвалы карьерные,Самосвалы CAT 785C,2020,3,100000062379,1
126,Олимпиадинский ГОК,Самосвалы карьерные,Самосвалы CAT 785C,2020,4,100000062379,1
127,Олимпиадинский ГОК,Самосвалы карьерные,Самосвалы CAT 785C,2020,5,100000062379,1
128,Олимпиадинский ГОК,Самосвалы карьерные,Самосвалы CAT 785C,2020,6,100000062379,1
129,Олимпиадинский ГОК,Самосвалы карьерные,Самосвалы CAT 785C,2020,7,100000062379,1
130,Олимпиадинский ГОК,Самосвалы карьерные,Самосвалы CAT 785C,2020,8,100000062379,1
131,Олимпиадинский ГОК,Самосвалы карьерные,Самосвалы CAT 785C,2020,9,100000062379,1
132,Олимпиадинский ГОК,Самосвалы карьерные,Самосвалы CAT 785C,2020,10,100000062379,1
133,Олимпиадинский ГОК,Самосвалы карьерные,Самосвалы CAT 785C,2020,11,100000062379,1
134,Олимпиадинский ГОК,Самосвалы карьерные,Самосвалы CAT 785C,2020,12,100000062379,1
135,Олимпиадинский ГОК,Самосвалы карьерные,Самосвалы CAT 785C,2021,1,100000062379,1
136,Олимпиадинский ГОК,Самосвалы карьерные,Самосвалы CAT 785C,2021,2,100000062379,1
137,Олимпиадинский ГОК,Самосвалы карьерные,Самосвалы CAT 785C,2021,3,100000062379,1
138,Олимпиадинский ГОК,Самосвалы карьерные,Самосвалы CAT 785C,2021,4,100000062379,1
139,Олимпиадинский ГОК,Самосвалы карьерные,Самосвалы CAT 785C,2021,5,100000062379,1
140,Олимпиадинский ГОК,Самосвалы карьерные,Самосвалы CAT 785C,2021,6,100000062379,1
141,Олимпиадинский ГОК,Самосвалы карьерные,Самосвалы CAT 785C,2021,7,100000062379,1
142,Олимпиадинский ГОК,Самосвалы карьерные,Самосвалы CAT 785C,2021,8,100000062379,1
143,Олимпиадинский ГОК,Самосвалы карьерные,Самосвалы CAT 785C,2021,9,100000062379,1
144,Олимпиадинский ГОК,Самосвалы карьерные,Самосвалы CAT 785C,2021,10,100000062379,1
145,Олимпиадинский ГОК,Самосвалы карьерные,Самосвалы CAT 785C,2021,11,100000062379,1
146,Олимпиадинский ГОК,Самосвалы карьерные,Самосвалы CAT 785C,2021,12,100000062379,1
147,Олимпиадинский ГОК,Самосвалы карьерные,Самосвалы CAT 785C,2022,1,100000062379,1
148,Олимпиадинский ГОК,Самосвалы карьерные,Самосвалы CAT 785C,2022,2,100000062379,1
149,Олимпиадинский ГОК,Самосвалы карьерные,Самосвалы CAT 785C,2022,3,100000062379,1
150,Олимпиадинский ГОК,Самосвалы карьерные,Самосвалы CAT 785C,2022,4,100000062379,1
151,Олимпиадинский ГОК,Самосвалы карьерные,Самосвалы CAT 785C,2022,5,100000062379,1
152,Олимпиадинский ГОК,Самосвалы карьерные,Самосвалы CAT 785C,2022,6,100000062379,1
153,Олимпиадинский ГОК,Самосвалы карьерные,Самосвалы CAT 785C,2022,7,100000062379,1
154,Олимпиадинский ГОК,Самосвалы карьерные,Самосвалы CAT 785C,2022,8,100000062379,1
155,Олимпиадинский ГОК,Самосвалы карьерные,Самосвалы CAT 785C,2022,9,100000062379,1
156,Олимпиадинский ГОК,Самосвалы карьерные,Самосвалы CAT 785C,2022,10,100000062379,1
157,Олимпиадинский ГОК,Самосвалы карьерные,Самосвалы CAT 785C,2022,11,100000062379,1
158,Олимпиадинский ГОК,Самосвалы карьерные,Самосвалы CAT 785C,2022,12,100000062379,1
159,Олимпиадинский ГОК,Самосвалы карьерные,Самосвалы CAT 785C,2023,1,100000062379,1
160,Олимпиадинский ГОК,Самосвалы карьерные,Самосвалы CAT 793D,2017,11,100000065514,1
161,Олимпиадинский ГОК,Самосвалы карьерные,Самосвалы CAT 793D,2017,12,100000065514,1
162,Олимпиадинский ГОК,Самосвалы карьерные,Самосвалы CAT 793D,2018,1,100000065514,1
163,Олимпиадинский ГОК,Самосвалы карьерные,Самосвалы CAT 793D,2018,2,100000065514,1
164,Олимпиадинский ГОК,Самосвалы карьерные,Самосвалы CAT 793D,2018,3,100000065514,1
165,Олимпиадинский ГОК,Самосвалы карьерные,Самосвалы CAT 793D,2018,4,100000065514,1
166,Олимпиадинский ГОК,Самосвалы карьерные,Самосвалы CAT 793D,2018,5,100000065514,1
167,Олимпиадинский ГОК,Самосвалы карьерные,Самосвалы CAT 793D,2018,6,100000065514,1
168,Олимпиадинский ГОК,Самосвалы карьерные,Самосвалы CAT 793D,2018,7,100000065514,1
169,Олимпиадинский ГОК,Самосвалы карьерные,Самосвалы CAT 793D,2018,8,100000065514,1
170,Олимпиадинский ГОК,Самосвалы карьерные,Самосвалы CAT 793D,2018,9,100000065514,1
171,Олимпиадинский ГОК,Самосвалы карьерные,Самосвалы CAT 793D,2018,10,100000065514,1
172,Олимпиадинский ГОК,Самосвалы карьерные,Самосвалы CAT 793D,2018,11,100000065514,1
173,Олимпиадинский ГОК,Самосвалы карьерные,Самосвалы CAT 793D,2018,12,100000065514,1
174,Олимпиадинский ГОК,Самосвалы карьерные,Самосвалы CAT 793D,2019,1,100000065514,1
175,Олимпиадинский ГОК,Самосвалы карьерные,Самосвалы CAT 793D,2019,2,100000065514,1
176,Олимпиадинский ГОК,Самосвалы карьерные,Самосвалы CAT 793D,2019,3,100000065514,1
177,Олимпиадинский ГОК,Самосвалы карьерные,Самосвалы CAT 793D,2019,4,100000065514,1
178,Олимпиадинский ГОК,Самосвалы карьерные,Самосвалы CAT 793D,2019,5,100000065514,1
179,Олимпиадинский ГОК,Самосвалы карьерные,Самосвалы CAT 793D,2019,6,100000065514,1
180,Олимпиадинский ГОК,Самосвалы карьерные,Самосвалы CAT 793D,2019,7,100000065514,1
181,Олимпиадинский ГОК,Самосвалы карьерные,Самосвалы CAT 793D,2019,8,100000065514,1
182,Олимпиадинский ГОК,Самосвалы карьерные,Самосвалы CAT 793D,2019,9,100000065514,1
183,Олимпиадинский ГОК,Самосвалы карьерные,Самосвалы CAT 793D,2019,10,100000065514,1
184,Олимпиадинский ГОК,Самосвалы карьерные,Самосвалы CAT 793D,2019,11,100000065514,1
185,Олимпиадинский ГОК,Самосвалы карьерные,Самосвалы CAT 793D,2019,12,100000065514,1
186,Олимпиадинский ГОК,Самосвалы карьерные,Самосвалы CAT 793D,2020,1,100000065514,1
187,Олимпиадинский ГОК,Самосвалы карьерные,Самосвалы CAT 793D,2020,2,100000065514,1
188,Олимпиадинский ГОК,Самосвалы карьерные,Самосвалы CAT 793D,2020,3,100000065514,1
189,Олимпиадинский ГОК,Самосвалы карьерные,Самосвалы CAT 793D,2020,4,100000065514,1
190,Олимпиадинский ГОК,Самосвалы карьерные,Самосвалы CAT 793D,2020,5,100000065514,1
191,Олимпиадинский ГОК,Самосвалы карьерные,Самосвалы CAT 793D,2020,6,100000065514,1
192,Олимпиадинский ГОК,Самосвалы карьерные,Самосвалы CAT 793D,2020,7,100000065514,1
193,Олимпиадинский ГОК,Самосвалы карьерные,Самосвалы CAT 793D,2020,8,100000065514,1
194,Олимпиадинский ГОК,Самосвалы карьерные,Самосвалы CAT 793D,2020,9,100000065514,1
195,Олимпиадинский ГОК,Самосвалы карьерные,Самосвалы CAT 793D,2020,10,100000065514,1
196,Олимпиадинский ГОК,Самосвалы карьерные,Самосвалы CAT 793D,2020,11,100000065514,1
197,Олимпиадинский ГОК,Самосвалы карьерные,Самосвалы CAT 793D,2020,12,100000065514,1
198,Олимпиадинский ГОК,Самосвалы карьерные,Самосвалы CAT 793D,2021,1,100000065514,1
199,Олимпиадинский ГОК,Самосвалы карьерные,Самосвалы CAT 793D,2021,2,100000065514,1
200,Олимпиадинский ГОК,Самосвалы карьерные,Самосвалы CAT 793D,2021,3,100000065514,1
201,Олимпиадинский ГОК,Самосвалы карьерные,Самосвалы CAT 793D,2021,4,100000065514,1
202,Олимпиадинский ГОК,Самосвалы карьерные,Самосвалы CAT 793D,2021,5,100000065514,1
203,Олимпиадинский ГОК,Самосвалы карьерные,Самосвалы CAT 793D,2021,6,100000065514,1
204,Олимпиадинский ГОК,Самосвалы карьерные,Самосвалы CAT 793D,2021,7,100000065514,1
205,Олимпиадинский ГОК,Самосвалы карьерные,Самосвалы CAT 793D,2021,8,100000065514,1
206,Олимпиадинский ГОК,Самосвалы карьерные,Самосвалы CAT 793D,2021,9,100000065514,1
207,Олимпиадинский ГОК,Самосвалы карьерные,Самосвалы CAT 793D,2021,10,100000065514,1
208,Олимпиадинский ГОК,Самосвалы карьерные,Самосвалы CAT 793D,2021,11,100000065514,1
209,Олимпиадинский ГОК,Самосвалы карьерные,Самосвалы CAT 793D,2021,12,100000065514,1
210,Олимпиадинский ГОК,Самосвалы карьерные,Самосвалы CAT 793D,2022,1,100000065514,1
211,Олимпиадинский ГОК,Самосвалы карьерные,Самосвалы CAT 793D,2022,2,100000065514,1
212,Олимпиадинский ГОК,Самосвалы карьерные,Самосвалы CAT 793D,2022,3,100000065514,1
213,Олимпиадинский ГОК,Самосвалы карьерные,Самосвалы CAT 793D,2022,4,100000065514,1
214,Олимпиадинский ГОК,Самосвалы карьерные,Самосвалы CAT 793D,2022,5,100000065514,1
215,Олимпиадинский ГОК,Самосвалы карьерные,Самосвалы CAT 793D,2022,6,100000065514,1
216,Олимпиадинский ГОК,Самосвалы карьерные,Самосвалы CAT 793D,2022,7,100000065514,1
217,Олимпиадинский ГОК,Самосвалы карьерные,Самосвалы CAT 793D,2022,8,100000065514,1
218,Олимпиадинский ГОК,Самосвалы карьерные,Самосвалы CAT 793D,2022,9,100000065514,1
219,Олимпиадинский ГОК,Самосвалы карьерные,Самосвалы CAT 793D,2022,10,100000065514,1
220,Олимпиадинский ГОК,Самосвалы карьерные,Самосвалы CAT 793D,2022,11,100000065514,1
221,Олимпиадинский ГОК,Самосвалы карьерные,Самосвалы CAT 793D,2022,12,100000065514,1
222,Олимпиадинский ГОК,Самосвалы карьерные,Самосвалы CAT 793D,2023,1,100000065514,1
223,Олимпиадинский ГОК,Самосвалы карьерные,Самосвалы CAT 793D,2023,2,100000065514,1
224,Олимпиадинский ГОК,Самосвалы карьерные,Самосвалы CAT 793D,2023,3,100000065514,1
225,Олимпиадинский ГОК,Самосвалы карьерные,Самосвалы CAT 793D,2023,4,100000065514,1
226,Олимпиадинский ГОК,Самосвалы карьерные,Самосвалы CAT 793D,2023,5,100000065514,1
227,Олимпиадинский ГОК,Самосвалы карьерные,Самосвалы CAT 793D,2023,6,100000065514,1
228,Олимпиадинский ГОК,Самосвалы карьерные,Самосвалы CAT 793D,2023,7,100000065514,1
229,Олимпиадинский ГОК,Самосвалы карьерные,Самосвалы CAT 793D,2023,8,100000065514,1
230,Олимпиадинский ГОК,Самосвалы карьерные,Самосвалы CAT 793D,2023,9,100000065514,1
231,Олимпиадинский ГОК,Самосвалы карьерные,Самосвалы CAT 793D,2023,10,100000065514,1
232,Олимпиадинский ГОК,Самосвалы карьерные,Самосвалы CAT 793D,2023,11,100000065514,1
233,Олимпиадинский ГОК,Самосвалы карьерные,Самосвалы CAT 793D,2023,12,100000065514,1
234,Олимпиадинский ГОК,Самосвалы карьерные,Самосвалы CAT 793D,2024,1,100000065514,1
235,Олимпиадинский ГОК,Самосвалы карьерные,Самосвалы CAT 793D,2024,2,100000065514,1
236,Олимпиадинский ГОК,Самосвалы карьерные,Самосвалы CAT 793D,2024,3,100000065514,1
237,Олимпиадинский ГОК,Самосвалы карьерные,Самосвалы CAT 793D,2024,4,100000065514,1
238,Олимпиадинский ГОК,Самосвалы карьерные,Самосвалы CAT 793D,2024,5,100000065514,1
239,Олимпиадинский ГОК,Самосвалы карьерные,Самосвалы CAT 793D,2024,6,100000065514,1
240,Олимпиадинский ГОК,Самосвалы карьерные,Самосвалы CAT 793D,2024,7,100000065514,1
241,Олимпиадинский ГОК,Самосвалы карьерные,Самосвалы CAT 793D,2024,8,100000065514,1
242,Олимпиадинский ГОК,Самосвалы карьерные,Самосвалы CAT 793D,2024,9,100000065514,1
243,Олимпиадинский ГОК,Самосвалы карьерные,Самосвалы CAT 793D,2024,10,100000065514,1
244,Олимпиадинский ГОК,Самосвалы карьерные,Самосвалы CAT 793D,2024,11,100000065514,1
245,Олимпиадинский ГОК,Самосвалы карьерные,Самосвалы CAT 793D,2024,12,100000065514,1
246,Олимпиадинский ГОК,Самосвалы карьерные,Самосвалы CAT 793D,2025,1,100000065514,1
247,Олимпиадинский ГОК,Самосвалы карьерные,Самосвалы CAT 793D,2025,2,100000065514,1
248,Олимпиадинский ГОК,Самосвалы карьерные,Самосвалы CAT 793D,2025,3,100000065514,1
249,Олимпиадинский ГОК,Самосвалы карьерные,Самосвалы CAT 793D,2025,4,100000065514,1
250,Олимпиадинский ГОК,Самосвалы карьерные,Самосвалы CAT 793D,2025,5,100000065514,1
251,Олимпиадинский ГОК,Самосвалы карьерные,Самосвалы CAT 793D,2025,6,100000065514,1
252,Олимпиадинский ГОК,Самосвалы карьерные,Самосвалы CAT 793D,2025,7,100000065514,1
253,Олимпиадинский ГОК,Самосвалы карьерные,Самосвалы CAT 793D,2025,8,100000065514,1
254,Олимпиадинский ГОК,Самосвалы карьерные,Самосвалы CAT 793D,2025,9,100000065514,1
255,Олимпиадинский ГОК,Самосвалы карьерные,Самосвалы CAT 793D,2025,10,100000065514,1
256,Олимпиадинский ГОК,Самосвалы карьерные,Самосвалы CAT 793D,2025,11,100000065514,1
257,Олимпиадинский ГОК,Самосвалы карьерные,Самосвалы CAT 793D,2025,12,100000065514,1
258,Олимпиадинский ГОК,Самосвалы карьерные,Самосвалы CAT 793D,2026,1,100000065514,1
259,Олимпиадинский ГОК,Самосвалы карьерные,Самосвалы CAT 793D,2026,2,100000065514,1
260,Олимпиадинский ГОК,Самосвалы карьерные,Самосвалы CAT 793D,2026,3,100000065514,1
261,Олимпиадинский ГОК,Самосвалы карьерные,Самосвалы CAT 793D,2026,4,100000065514,1
262,Олимпиадинский ГОК,Самосвалы карьерные,Самосвалы CAT 793D,2026,5,100000065514,1
263,Олимпиадинский ГОК,Самосвалы карьерные,Самосвалы CAT 793D,2026,6,100000065514,1
264,Олимпиадинский ГОК,Самосвалы карьерные,Самосвалы CAT 793D,2026,7,100000065514,1
265,Олимпиадинский ГОК,Самосвалы карьерные,Самосвалы CAT 793D,2026,8,100000065514,1
266,Олимпиадинский ГОК,Самосвалы карьерные,Самосвалы CAT 793D,2026,9,100000065514,1
267,Олимпиадинский ГОК,Самосвалы карьерные,Самосвалы CAT 793D,2026,10,100000065514,1
268,Олимпиадинский ГОК,Самосвалы карьерные,Самосвалы CAT 793D,2026,11,100000065514,1
269,Олимпиадинский ГОК,Самосвалы карьерные,Самосвалы CAT 793D,2026,12,100000065514,1
270,Олимпиадинский ГОК,Самосвалы карьерные,Самосвалы CAT 793D,2027,1,100000065514,1
271,Олимпиадинский ГОК,Самосвалы карьерные,Самосвалы CAT 793D,2027,2,100000065514,1
272,Олимпиадинский ГОК,Самосвалы карьерные,Самосвалы CAT 793D,2027,3,100000065514,1
273,Олимпиадинский ГОК,Самосвалы карьерные,Самосвалы CAT 793D,2027,4,100000065514,1
274,Олимпиадинский ГОК,Самосвалы карьерные,Самосвалы CAT 793D,2027,5,100000065514,1
275,Олимпиадинский ГОК,Самосвалы карьерные,Самосвалы CAT 793D,2027,6,100000065514,1
276,Олимпиадинский ГОК,Самосвалы карьерные,Самосвалы CAT 793D,2027,7,100000065514,1
277,Олимпиадинский ГОК,Самосвалы карьерные,Самосвалы CAT 793D,2027,8,100000065514,1
278,Олимпиадинский ГОК,Самосвалы карьерные,Самосвалы CAT 793D,2027,9,100000065514,1
279,Олимпиадинский ГОК,Самосвалы карьерные,Самосвалы CAT 793D,2027,10,100000065514,1
280,Олимпиадинский ГОК,Самосвалы карьерные,Самосвалы CAT 793D,2027,11,100000065514,1
281,Олимпиадинский ГОК,Самосвалы карьерные,Самосвалы CAT 793D,2027,12,100000065514,1
282,Олимпиадинский ГОК,Самосвалы карьерные,Самосвалы CAT 793D,2028,1,100000065514,1
283,Олимпиадинский ГОК,Самосвалы карьерные,Самосвалы CAT 793D,2028,2,100000065514,1
284,Олимпиадинский ГОК,Самосвалы карьерные,Самосвалы CAT 793D,2028,3,100000065514,1
285,Олимпиадинский ГОК,Самосвалы карьерные,Самосвалы CAT 793D,2028,4,100000065514,1
286,Олимпиадинский ГОК,Самосвалы карьерные,Самосвалы CAT 793D,2028,5,100000065514,1
287,Олимпиадинский ГОК,Самосвалы карьерные,Самосвалы CAT 793D,2028,6,100000065514,1
288,Олимпиадинский ГОК,Самосвалы карьерные,Самосвалы CAT 793D,2028,7,100000065514,1
289,Олимпиадинский ГОК,Самосвалы карьерные,Самосвалы CAT 793D,2028,8,100000065514,1
290,Олимпиадинский ГОК,Самосвалы карьерные,Самосвалы CAT 793D,2028,9,100000065514,1
291,Олимпиадинский ГОК,Самосвалы карьерные,Самосвалы CAT 793D,2028,10,100000065514,1
292,Олимпиадинский ГОК,Самосвалы карьерные,Самосвалы CAT 793D,2028,11,100000065514,1
293,Олимпиадинский ГОК,Самосвалы карьерные,Самосвалы CAT 793D,2028,12,100000065514,1
294,Олимпиадинский ГОК,Самосвалы карьерные,Самосвалы CAT 793D,2029,1,100000065514,1
295,Олимпиадинский ГОК,Самосвалы карьерные,Самосвалы CAT 793D,2029,2,100000065514,1
296,Олимпиадинский ГОК,Самосвалы карьерные,Самосвалы CAT 793D,2029,3,100000065514,1
297,Олимпиадинский ГОК,Самосвалы карьерные,Самосвалы CAT 793D,2029,4,100000065514,1
298,Олимпиадинский ГОК,Самосвалы карьерные,Самосвалы CAT 793D,2029,5,100000065514,1
299,Олимпиадинский ГОК,Самосвалы карьерные,Самосвалы CAT 793D,2029,6,100000065514,1
300,Олимпиадинский ГОК,Самосвалы карьерные,Самосвалы CAT 793D,2029,7,100000065514,1
301,Олимпиадинский ГОК,Самосвалы карьерные,Самосвалы CAT 793D,2029,8,100000065514,1
302,Олимпиадинский ГОК,Самосвалы карьерные,Самосвалы CAT 793D,2029,9,100000065514,1
303,Олимпиадинский ГОК,Самосвалы карьерные,Самосвалы CAT 793D,2029,10,100000065514,1
304,Олимпиадинский ГОК,Самосвалы карьерные,Самосвалы CAT 793D,2029,11,100000065514,1
305,Олимпиадинский ГОК,Самосвалы карьерные,Самосвалы CAT 793D,2029,12,100000065514,1
306,Полюс Вернинское,Самосвалы карьерные,Самосвалы CAT 785C,2017,12,100000008673,1
307,Полюс Вернинское,Самосвалы карьерные,Самосвалы CAT 785C,2018,1,100000008673,1
308,Полюс Вернинское,Самосвалы карьерные,Самосвалы CAT 785C,2018,2,100000008673,1
309,Полюс Вернинское,Самосвалы карьерные,Самосвалы CAT 785C,2018,3,100000008673,1
310,Полюс Вернинское,Самосвалы карьерные,Самосвалы CAT 785C,2018,4,100000008673,1
311,Полюс Вернинское,Самосвалы карьерные,Самосвалы CAT 785C,2018,5,100000008673,1
312,Полюс Вернинское,Самосвалы карьерные,Самосвалы CAT 785C,2018,6,100000008673,1
313,Полюс Вернинское,Самосвалы карьерные,Самосвалы CAT 785C,2018,7,100000008673,1
314,Полюс Вернинское,Самосвалы карьерные,Самосвалы CAT 785C,2018,8,100000008673,1
315,Полюс Вернинское,Самосвалы карьерные,Самосвалы CAT 785C,2018,9,100000008673,1
316,Полюс Вернинское,Самосвалы карьерные,Самосвалы CAT 785C,2018,10,100000008673,1
317,Полюс Вернинское,Самосвалы карьерные,Самосвалы CAT 785C,2018,11,100000008673,1
318,Полюс Вернинское,Самосвалы карьерные,Самосвалы CAT 785C,2018,12,100000008673,1
319,Полюс Вернинское,Самосвалы карьерные,Самосвалы CAT 785C,2019,1,100000008673,1
320,Полюс Вернинское,Самосвалы карьерные,Самосвалы CAT 785C,2019,2,100000008673,1
321,Полюс Вернинское,Самосвалы карьерные,Самосвалы CAT 785C,2019,3,100000008673,1
322,Полюс Вернинское,Самосвалы карьерные,Самосвалы CAT 785C,2019,4,100000008673,1
323,Полюс Вернинское,Самосвалы карьерные,Самосвалы CAT 785C,2019,5,100000008673,1
324,Полюс Вернинское,Самосвалы карьерные,Самосвалы CAT 785C,2019,6,100000008673,1
325,Полюс Вернинское,Самосвалы карьерные,Самосвалы CAT 785C,2019,7,100000008673,1
326,Полюс Вернинское,Самосвалы карьерные,Самосвалы CAT 785C,2019,8,100000008673,1
327,Полюс Вернинское,Самосвалы карьерные,Самосвалы CAT 785C,2019,9,100000008673,1
328,Полюс Вернинское,Самосвалы карьерные,Самосвалы CAT 785C,2019,10,100000008673,1
329,Полюс Вернинское,Самосвалы карьерные,Самосвалы CAT 785C,2019,11,100000008673,1
330,Полюс Вернинское,Самосвалы карьерные,Самосвалы CAT 785C,2019,12,100000008673,1
331,Полюс Вернинское,Самосвалы карьерные,Самосвалы CAT 785C,2020,1,100000008673,1
332,Полюс Вернинское,Самосвалы карьерные,Самосвалы CAT 785C,2020,2,100000008673,1
333,Полюс Вернинское,Самосвалы карьерные,Самосвалы CAT 785C,2020,3,100000008673,1
334,Полюс Вернинское,Самосвалы карьерные,Самосвалы CAT 785C,2020,4,100000008673,1
335,Полюс Вернинское,Самосвалы карьерные,Самосвалы CAT 785C,2020,5,100000008673,1
336,Полюс Вернинское,Самосвалы карьерные,Самосвалы CAT 785C,2020,6,100000008673,1
337,Полюс Вернинское,Самосвалы карьерные,Самосвалы CAT 785C,2020,7,100000008673,1
338,Полюс Вернинское,Самосвалы карьерные,Самосвалы CAT 785C,2020,8,100000008673,1
339,Полюс Вернинское,Самосвалы карьерные,Самосвалы CAT 785C,2020,9,100000008673,1
340,Полюс Вернинское,Самосвалы карьерные,Самосвалы CAT 785C,2020,10,100000008673,1
341,Полюс Вернинское,Самосвалы карьерные,Самосвалы CAT 785C,2020,11,100000008673,1
342,Полюс Вернинское,Самосвалы карьерные,Самосвалы CAT 785C,2020,12,100000008673,1
343,Полюс Вернинское,Самосвалы карьерные,Самосвалы CAT 785C,2021,1,100000008673,1
344,Полюс Вернинское,Самосвалы карьерные,Самосвалы CAT 785C,2021,2,100000008673,1
345,Полюс Вернинское,Самосвалы карьерные,Самосвалы CAT 785C,2021,3,100000008673,1
346,Полюс Вернинское,Самосвалы карьерные,Самосвалы CAT 785C,2021,4,100000008673,1
347,Полюс Вернинское,Самосвалы карьерные,Самосвалы CAT 785C,2021,5,100000008673,1
348,Полюс Вернинское,Самосвалы карьерные,Самосвалы CAT 785C,2021,6,100000008673,1
349,Полюс Вернинское,Самосвалы карьерные,Самосвалы CAT 785C,2021,7,100000008673,1
350,Полюс Вернинское,Самосвалы карьерные,Самосвалы CAT 785C,2021,8,100000008673,1
351,Полюс Вернинское,Самосвалы карьерные,Самосвалы CAT 785C,2021,9,100000008673,1
352,Полюс Вернинское,Самосвалы карьерные,Самосвалы CAT 785C,2021,10,100000008673,1
353,Полюс Вернинское,Самосвалы карьерные,Самосвалы CAT 785C,2021,11,100000008673,1
354,Полюс Вернинское,Самосвалы карьерные,Самосвалы CAT 785C,2021,12,100000008673,1
355,Полюс Вернинское,Самосвалы карьерные,Самосвалы CAT 785C,2022,1,100000008673,1
356,Полюс Вернинское,Самосвалы карьерные,Самосвалы CAT 785C,2022,2,100000008673,1
357,Полюс Вернинское,Самосвалы карьерные,Самосвалы CAT 785C,2022,3,100000008673,1
358,Полюс Вернинское,Самосвалы карьерные,Самосвалы CAT 785C,2022,4,100000008673,1
359,Полюс Вернинское,Самосвалы карьерные,Самосвалы CAT 785C,2022,5,100000008673,1
360,Полюс Вернинское,Самосвалы карьерные,Самосвалы CAT 785C,2022,6,100000008673,1
361,Полюс Вернинское,Самосвалы карьерные,Самосвалы CAT 785C,2022,7,100000008673,1
362,Полюс Вернинское,Самосвалы карьерные,Самосвалы CAT 785C,2022,8,100000008673,1
363,Полюс Вернинское,Самосвалы карьерные,Самосвалы CAT 785C,2022,9,100000008673,1
364,Полюс Вернинское,Самосвалы карьерные,Самосвалы CAT 785C,2022,10,100000008673,1
365,Полюс Вернинское,Самосвалы карьерные,Самосвалы CAT 785C,2022,11,100000008673,1
366,Полюс Вернинское,Самосвалы карьерные,Самосвалы CAT 785C,2022,12,100000008673,1
367,Полюс Вернинское,Самосвалы карьерные,Самосвалы CAT 785C,2023,1,100000008673,1
368,Полюс Вернинское,Самосвалы карьерные,Самосвалы CAT 785C,2023,2,100000008673,1
369,Полюс Вернинское,Самосвалы карьерные,Самосвалы CAT 785C,2023,3,100000008673,1
370,Полюс Вернинское,Самосвалы карьерные,Самосвалы CAT 785C,2023,4,100000008673,1
371,Полюс Вернинское,Самосвалы карьерные,Самосвалы CAT 785C,2023,5,100000008673,1
372,Полюс Вернинское,Самосвалы карьерные,Самосвалы CAT 785C,2023,6,100000008673,1
373,Полюс Вернинское,Самосвалы карьерные,Самосвалы CAT 785C,2023,7,100000008673,1
374,Полюс Вернинское,Самосвалы карьерные,Самосвалы CAT 785C,2023,8,100000008673,1
375,Полюс Вернинское,Самосвалы карьерные,Самосвалы CAT 785C,2023,9,100000008673,1
376,Полюс Вернинское,Самосвалы карьерные,Самосвалы CAT 785C,2023,10,100000008673,1
377,Полюс Вернинское,Самосвалы карьерные,Самосвалы CAT 785C,2023,11,100000008673,1
378,Полюс Вернинское,Самосвалы карьерные,Самосвалы CAT 785C,2023,12,100000008673,1
379,Полюс Вернинское,Самосвалы карьерные,Самосвалы CAT 785C,2024,1,100000008673,1
380,Полюс Вернинское,Самосвалы карьерные,Самосвалы CAT 785C,2024,2,100000008673,1
381,Полюс Вернинское,Самосвалы карьерные,Самосвалы CAT 785C,2024,3,100000008673,1
382,Полюс Вернинское,Самосвалы карьерные,Самосвалы CAT 785C,2024,4,100000008673,1
383,Полюс Вернинское,Самосвалы карьерные,Самосвалы CAT 785C,2024,5,100000008673,1
384,Полюс Вернинское,Самосвалы карьерные,Самосвалы CAT 785C,2024,6,100000008673,1
385,Полюс Вернинское,Самосвалы карьерные,Самосвалы CAT 785C,2024,7,100000008673,1
386,Полюс Вернинское,Самосвалы карьерные,Самосвалы CAT 785C,2024,8,100000008673,1
387,Полюс Вернинское,Самосвалы карьерные,Самосвалы CAT 785C,2024,9,100000008673,1
388,Полюс Вернинское,Самосвалы карьерные,Самосвалы CAT 785C,2024,10,100000008673,1
389,Полюс Вернинское,Самосвалы карьерные,Самосвалы CAT 785C,2024,11,100000008673,1
390,Полюс Вернинское,Самосвалы карьерные,Самосвалы CAT 785C,2024,12,100000008673,1
391,Полюс Вернинское,Самосвалы карьерные,Самосвалы CAT 785C,2025,1,100000008673,1
392,Полюс Вернинское,Самосвалы карьерные,Самосвалы CAT 785C,2025,2,100000008673,1
393,Полюс Вернинское,Самосвалы карьерные,Самосвалы CAT 785C,2025,3,100000008673,1
394,Полюс Вернинское,Самосвалы карьерные,Самосвалы CAT 785C,2025,4,100000008673,1
395,Полюс Вернинское,Самосвалы карьерные,Самосвалы CAT 785C,2025,5,100000008673,1
396,Полюс Вернинское,Самосвалы карьерные,Самосвалы CAT 785C,2025,6,100000008673,1
397,Полюс Вернинское,Самосвалы карьерные,Самосвалы CAT 785C,2025,7,100000008673,1
398,Полюс Вернинское,Самосвалы карьерные,Самосвалы CAT 785C,2025,8,100000008673,1
399,Полюс Вернинское,Самосвалы карьерные,Самосвалы CAT 785C,2025,9,100000008673,1
400,Полюс Вернинское,Самосвалы карьерные,Самосвалы CAT 785C,2025,10,100000008673,1
401,Полюс Вернинское,Самосвалы карьерные,Самосвалы CAT 785C,2025,11,100000008673,1
402,Полюс Вернинское,Самосвалы карьерные,Самосвалы CAT 785C,2025,12,100000008673,1
403,Полюс Вернинское,Самосвалы карьерные,Самосвалы CAT 785C,2026,1,100000008673,1
404,Полюс Вернинское,Самосвалы карьерные,Самосвалы CAT 785C,2026,2,100000008673,1
405,Полюс Вернинское,Самосвалы карьерные,Самосвалы CAT 785C,2026,3,100000008673,1
406,Полюс Вернинское,Самосвалы карьерные,Самосвалы CAT 785C,2026,4,100000008673,1
407,Полюс Вернинское,Самосвалы карьерные,Самосвалы CAT 785C,2026,5,100000008673,1
408,Полюс Вернинское,Самосвалы карьерные,Самосвалы CAT 785C,2026,6,100000008673,1
409,Полюс Вернинское,Самосвалы карьерные,Самосвалы CAT 785C,2026,7,100000008673,1
410,Полюс Вернинское,Самосвалы карьерные,Самосвалы CAT 785C,2026,8,100000008673,1
411,Полюс Вернинское,Самосвалы карьерные,Самосвалы CAT 785C,2026,9,100000008673,1
412,Полюс Вернинское,Самосвалы карьерные,Самосвалы CAT 785C,2026,10,100000008673,1
413,Полюс Вернинское,Самосвалы карьерные,Самосвалы CAT 785C,2026,11,100000008673,1
414,Полюс Вернинское,Самосвалы карьерные,Самосвалы CAT 785C,2026,12,100000008673,1
415,Полюс Вернинское,Самосвалы карьерные,Самосвалы CAT 785C,2027,1,100000008673,1
416,Полюс Вернинское,Самосвалы карьерные,Самосвалы CAT 785C,2027,2,100000008673,1
417,Полюс Вернинское,Самосвалы карьерные,Самосвалы CAT 785C,2027,3,100000008673,1
418,Полюс Вернинское,Самосвалы карьерные,Самосвалы CAT 785C,2027,4,100000008673,1
419,Полюс Вернинское,Самосвалы карьерные,Самосвалы CAT 785C,2027,5,100000008673,1
420,Полюс Вернинское,Самосвалы карьерные,Самосвалы CAT 785C,2027,6,100000008673,1
421,Полюс Вернинское,Самосвалы карьерные,Самосвалы CAT 785C,2027,7,100000008673,1
422,Полюс Вернинское,Самосвалы карьерные,Самосвалы CAT 785C,2027,8,100000008673,1
423,Полюс Вернинское,Самосвалы карьерные,Самосвалы CAT 785C,2027,9,100000008673,1
424,Полюс Вернинское,Самосвалы карьерные,Самосвалы CAT 785C,2027,10,100000008673,1
425,Полюс Вернинское,Самосвалы карьерные,Самосвалы CAT 785C,2027,11,100000008673,1
426,Полюс Вернинское,Самосвалы карьерные,Самосвалы CAT 785C,2027,12,100000008673,1
427,Полюс Вернинское,Самосвалы карьерные,Самосвалы CAT 785C,2028,1,100000008673,1
428,Полюс Вернинское,Самосвалы карьерные,Самосвалы CAT 785C,2028,2,100000008673,1
429,Полюс Вернинское,Самосвалы карьерные,Самосвалы CAT 785C,2028,3,100000008673,1
430,Полюс Вернинское,Самосвалы карьерные,Самосвалы CAT 785C,2028,4,100000008673,1
431,Полюс Вернинское,Самосвалы карьерные,Самосвалы CAT 785C,2028,5,100000008673,1
432,Полюс Вернинское,Самосвалы карьерные,Самосвалы CAT 785C,2028,6,100000008673,1
433,Полюс Вернинское,Самосвалы карьерные,Самосвалы CAT 785C,2028,7,100000008673,1
434,Полюс Вернинское,Самосвалы карьерные,Самосвалы CAT 785C,2028,8,100000008673,1
435,Полюс Вернинское,Самосвалы карьерные,Самосвалы CAT 785C,2028,9,100000008673,1
436,Полюс Вернинское,Самосвалы карьерные,Самосвалы CAT 785C,2028,10,100000008673,1
437,Полюс Вернинское,Самосвалы карьерные,Самосвалы CAT 785C,2028,11,100000008673,1
438,Полюс Вернинское,Самосвалы карьерные,Самосвалы CAT 785C,2028,12,100000008673,1
439,Полюс Вернинское,Самосвалы карьерные,Самосвалы CAT 785C,2029,1,100000008673,1
440,Полюс Вернинское,Самосвалы карьерные,Самосвалы CAT 785C,2029,2,100000008673,1
441,Полюс Вернинское,Самосвалы карьерные,Самосвалы CAT 785C,2029,3,100000008673,1
442,Полюс Вернинское,Самосвалы карьерные,Самосвалы CAT 785C,2029,4,100000008673,1
443,Полюс Вернинское,Самосвалы карьерные,Самосвалы CAT 785C,2029,5,100000008673,1
444,Полюс Вернинское,Самосвалы карьерные,Самосвалы CAT 785C,2029,6,100000008673,1
445,Полюс Вернинское,Самосвалы карьерные,Самосвалы CAT 785C,2029,7,100000008673,1
446,Полюс Вернинское,Самосвалы карьерные,Самосвалы CAT 785C,2029,8,100000008673,1
447,Полюс Вернинское,Самосвалы карьерные,Самосвалы CAT 785C,2029,9,100000008673,1
448,Полюс Вернинское,Самосвалы карьерные,Самосвалы CAT 785C,2029,10,100000008673,1
449,Полюс Вернинское,Самосвалы карьерные,Самосвалы CAT 785C,2029,11,100000008673,1
450,Полюс Вернинское,Самосвалы карьерные,Самосвалы CAT 785C,2029,12,100000008673,1
451,Полюс Магадан,Самосвалы карьерные,Самосвалы Komatsu 730E-8,2018,3,100000084396,1
452,Полюс Магадан,Самосвалы карьерные,Самосвалы Komatsu 730E-8,2018,4,100000084396,1
453,Полюс Магадан,Самосвалы карьерные,Самосвалы Komatsu 730E-8,2018,5,100000084396,1
454,Полюс Магадан,Самосвалы карьерные,Самосвалы Komatsu 730E-8,2018,6,100000084396,1
455,Полюс Магадан,Самосвалы карьерные,Самосвалы Komatsu 730E-8,2018,7,100000084396,1
456,Полюс Магадан,Самосвалы карьерные,Самосвалы Komatsu 730E-8,2018,8,100000084396,1
457,Полюс Магадан,Самосвалы карьерные,Самосвалы Komatsu 730E-8,2018,9,100000084396,1
458,Полюс Магадан,Самосвалы карьерные,Самосвалы Komatsu 730E-8,2018,10,100000084396,1
459,Полюс Магадан,Самосвалы карьерные,Самосвалы Komatsu 730E-8,2018,11,100000084396,1
460,Полюс Магадан,Самосвалы карьерные,Самосвалы Komatsu 730E-8,2018,12,100000084396,1
461,Полюс Магадан,Самосвалы карьерные,Самосвалы Komatsu 730E-8,2019,1,100000084396,1
462,Полюс Магадан,Самосвалы карьерные,Самосвалы Komatsu 730E-8,2019,2,100000084396,1
463,Полюс Магадан,Самосвалы карьерные,Самосвалы Komatsu 730E-8,2019,3,100000084396,1
464,Полюс Магадан,Самосвалы карьерные,Самосвалы Komatsu 730E-8,2019,4,100000084396,1
465,Полюс Магадан,Самосвалы карьерные,Самосвалы Komatsu 730E-8,2019,5,100000084396,1
466,Полюс Магадан,Самосвалы карьерные,Самосвалы Komatsu 730E-8,2019,6,100000084396,1
467,Полюс Магадан,Самосвалы карьерные,Самосвалы Komatsu 730E-8,2019,7,100000084396,1
468,Полюс Магадан,Самосвалы карьерные,Самосвалы Komatsu 730E-8,2019,8,100000084396,1
469,Полюс Магадан,Самосвалы карьерные,Самосвалы Komatsu 730E-8,2019,9,100000084396,1
470,Полюс Магадан,Самосвалы карьерные,Самосвалы Komatsu 730E-8,2019,10,100000084396,1
471,Полюс Магадан,Самосвалы карьерные,Самосвалы Komatsu 730E-8,2019,11,100000084396,1
472,Полюс Магадан,Самосвалы карьерные,Самосвалы Komatsu 730E-8,2019,12,100000084396,1
473,Полюс Магадан,Самосвалы карьерные,Самосвалы Komatsu 730E-8,2020,1,100000084396,1
474,Полюс Магадан,Самосвалы карьерные,Самосвалы Komatsu 730E-8,2020,2,100000084396,1
475,Полюс Магадан,Самосвалы карьерные,Самосвалы Komatsu 730E-8,2020,3,100000084396,1
476,Полюс Магадан,Самосвалы карьерные,Самосвалы Komatsu 730E-8,2020,4,100000084396,1
477,Полюс Магадан,Самосвалы карьерные,Самосвалы Komatsu 730E-8,2020,5,100000084396,1
478,Полюс Магадан,Самосвалы карьерные,Самосвалы Komatsu 730E-8,2020,6,100000084396,1
479,Полюс Магадан,Самосвалы карьерные,Самосвалы Komatsu 730E-8,2020,7,100000084396,1
480,Полюс Магадан,Самосвалы карьерные,Самосвалы Komatsu 730E-8,2020,8,100000084396,1
481,Полюс Магадан,Самосвалы карьерные,Самосвалы Komatsu 730E-8,2020,9,100000084396,1
482,Полюс Магадан,Самосвалы карьерные,Самосвалы Komatsu 730E-8,2020,10,100000084396,1
483,Полюс Магадан,Самосвалы карьерные,Самосвалы Komatsu 730E-8,2020,11,100000084396,1
484,Полюс Магадан,Самосвалы карьерные,Самосвалы Komatsu 730E-8,2020,12,100000084396,1
485,Полюс Магадан,Самосвалы карьерные,Самосвалы Komatsu 730E-8,2021,1,100000084396,1
486,Полюс Магадан,Самосвалы карьерные,Самосвалы Komatsu 730E-8,2021,2,100000084396,1
487,Полюс Магадан,Самосвалы карьерные,Самосвалы Komatsu 730E-8,2021,3,100000084396,1
488,Полюс Магадан,Самосвалы карьерные,Самосвалы Komatsu 730E-8,2021,4,100000084396,1
489,Полюс Магадан,Самосвалы карьерные,Самосвалы Komatsu 730E-8,2021,5,100000084396,1
490,Полюс Магадан,Самосвалы карьерные,Самосвалы Komatsu 730E-8,2021,6,100000084396,1
491,Полюс Магадан,Самосвалы карьерные,Самосвалы Komatsu 730E-8,2021,7,100000084396,1
492,Полюс Магадан,Самосвалы карьерные,Самосвалы Komatsu 730E-8,2021,8,100000084396,1
493,Полюс Магадан,Самосвалы карьерные,Самосвалы Komatsu 730E-8,2021,9,100000084396,1
494,Полюс Магадан,Самосвалы карьерные,Самосвалы Komatsu 730E-8,2021,10,100000084396,1
495,Полюс Магадан,Самосвалы карьерные,Самосвалы Komatsu 730E-8,2021,11,100000084396,1
496,Полюс Магадан,Самосвалы карьерные,Самосвалы Komatsu 730E-8,2021,12,100000084396,1
497,Полюс Магадан,Самосвалы карьерные,Самосвалы Komatsu 730E-8,2022,1,100000084396,1
498,Полюс Магадан,Самосвалы карьерные,Самосвалы Komatsu 730E-8,2022,2,100000084396,1
499,Полюс Магадан,Самосвалы карьерные,Самосвалы Komatsu 730E-8,2022,3,100000084396,1
500,Полюс Магадан,Самосвалы карьерные,Самосвалы Komatsu 730E-8,2022,4,100000084396,1
501,Полюс Магадан,Самосвалы карьерные,Самосвалы Komatsu 730E-8,2022,5,100000084396,1
502,Полюс Магадан,Самосвалы карьерные,Самосвалы Komatsu 730E-8,2022,6,100000084396,1
503,Полюс Магадан,Самосвалы карьерные,Самосвалы Komatsu 730E-8,2022,7,100000084396,1
504,Полюс Магадан,Самосвалы карьерные,Самосвалы Komatsu 730E-8,2022,8,100000084396,1
505,Полюс Магадан,Самосвалы карьерные,Самосвалы Komatsu 730E-8,2022,9,100000084396,1
506,Полюс Магадан,Самосвалы карьерные,Самосвалы Komatsu 730E-8,2022,10,100000084396,1
507,Полюс Магадан,Самосвалы карьерные,Самосвалы Komatsu 730E-8,2022,11,100000084396,1
508,Полюс Магадан,Самосвалы карьерные,Самосвалы Komatsu 730E-8,2022,12,100000084396,1
509,Полюс Магадан,Самосвалы карьерные,Самосвалы Komatsu 730E-8,2023,1,100000084396,1
510,Полюс Магадан,Самосвалы карьерные,Самосвалы Komatsu 730E-8,2023,2,100000084396,1
511,Полюс Магадан,Самосвалы карьерные,Самосвалы Komatsu 730E-8,2023,3,100000084396,1
512,Полюс Магадан,Самосвалы карьерные,Самосвалы Komatsu 730E-8,2023,4,100000084396,1
513,Полюс Магадан,Самосвалы карьерные,Самосвалы Komatsu 730E-8,2023,5,100000084396,1
514,Полюс Магадан,Самосвалы карьерные,Самосвалы Komatsu 730E-8,2023,6,100000084396,1
515,Полюс Магадан,Самосвалы карьерные,Самосвалы Komatsu 730E-8,2023,7,100000084396,1
516,Полюс Магадан,Самосвалы карьерные,Самосвалы Komatsu 730E-8,2023,8,100000084396,1
517,Полюс Магадан,Самосвалы карьерные,Самосвалы Komatsu 730E-8,2023,9,100000084396,1
518,Полюс Магадан,Самосвалы карьерные,Самосвалы Komatsu 730E-8,2023,10,100000084396,1
519,Полюс Магадан,Самосвалы карьерные,Самосвалы Komatsu 730E-8,2023,11,100000084396,1
520,Полюс Магадан,Самосвалы карьерные,Самосвалы Komatsu 730E-8,2023,12,100000084396,1
521,Полюс Магадан,Самосвалы карьерные,Самосвалы Komatsu 730E-8,2024,1,100000084396,1
522,Полюс Магадан,Самосвалы карьерные,Самосвалы Komatsu 730E-8,2024,2,100000084396,1
523,Полюс Магадан,Самосвалы карьерные,Самосвалы Komatsu 730E-8,2024,3,100000084396,1
524,Полюс Магадан,Самосвалы карьерные,Самосвалы Komatsu 730E-8,2024,4,100000084396,1
525,Полюс Магадан,Самосвалы карьерные,Самосвалы Komatsu 730E-8,2024,5,100000084396,1
526,Полюс Магадан,Самосвалы карьерные,Самосвалы Komatsu 730E-8,2024,6,100000084396,1
527,Полюс Магадан,Самосвалы карьерные,Самосвалы Komatsu 730E-8,2024,7,100000084396,1
528,Полюс Магадан,Самосвалы карьерные,Самосвалы Komatsu 730E-8,2024,8,100000084396,1
529,Полюс Магадан,Самосвалы карьерные,Самосвалы Komatsu 730E-8,2024,9,100000084396,1
530,Полюс Магадан,Самосвалы карьерные,Самосвалы Komatsu 730E-8,2024,10,100000084396,1
531,Полюс Магадан,Самосвалы карьерные,Самосвалы Komatsu 730E-8,2024,11,100000084396,1
532,Полюс Магадан,Самосвалы карьерные,Самосвалы Komatsu 730E-8,2024,12,100000084396,1
533,Полюс Магадан,Самосвалы карьерные,Самосвалы Komatsu 730E-8,2025,1,100000084396,1
534,Полюс Магадан,Самосвалы карьерные,Самосвалы Komatsu 730E-8,2025,2,100000084396,1
535,Полюс Магадан,Самосвалы карьерные,Самосвалы Komatsu 730E-8,2025,3,100000084396,1
536,Полюс Магадан,Самосвалы карьерные,Самосвалы Komatsu 730E-8,2025,4,100000084396,1
537,Полюс Магадан,Самосвалы карьерные,Самосвалы Komatsu 730E-8,2025,5,100000084396,1
538,Полюс Магадан,Самосвалы карьерные,Самосвалы Komatsu 730E-8,2025,6,100000084396,1
539,Полюс Магадан,Самосвалы карьерные,Самосвалы Komatsu 730E-8,2025,7,100000084396,1
540,Полюс Магадан,Самосвалы карьерные,Самосвалы Komatsu 730E-8,2025,8,100000084396,1
541,Полюс Магадан,Самосвалы карьерные,Самосвалы Komatsu 730E-8,2025,9,100000084396,1
542,Полюс Магадан,Самосвалы карьерные,Самосвалы Komatsu 730E-8,2025,10,100000084396,1
543,Полюс Магадан,Самосвалы карьерные,Самосвалы Komatsu 730E-8,2025,11,100000084396,1
544,Полюс Магадан,Самосвалы карьерные,Самосвалы Komatsu 730E-8,2025,12,100000084396,1
545,Полюс Магадан,Самосвалы карьерные,Самосвалы Komatsu 730E-8,2026,1,100000084396,1
546,Полюс Магадан,Самосвалы карьерные,Самосвалы Komatsu 730E-8,2026,2,100000084396,1
547,Полюс Магадан,Самосвалы карьерные,Самосвалы Komatsu 730E-8,2026,3,100000084396,1
548,Полюс Магадан,Самосвалы карьерные,Самосвалы Komatsu 730E-8,2026,4,100000084396,1
549,Полюс Магадан,Самосвалы карьерные,Самосвалы Komatsu 730E-8,2026,5,100000084396,1
550,Полюс Магадан,Самосвалы карьерные,Самосвалы Komatsu 730E-8,2026,6,100000084396,1
551,Полюс Магадан,Самосвалы карьерные,Самосвалы Komatsu 730E-8,2026,7,100000084396,1
552,Полюс Магадан,Самосвалы карьерные,Самосвалы Komatsu 730E-8,2026,8,100000084396,1
553,Полюс Магадан,Самосвалы карьерные,Самосвалы Komatsu 730E-8,2026,9,100000084396,1
554,Полюс Магадан,Самосвалы карьерные,Самосвалы Komatsu 730E-8,2026,10,100000084396,1
555,Полюс Магадан,Самосвалы карьерные,Самосвалы Komatsu 730E-8,2026,11,100000084396,1
556,Полюс Магадан,Самосвалы карьерные,Самосвалы Komatsu 730E-8,2026,12,100000084396,1
557,Полюс Магадан,Самосвалы карьерные,Самосвалы Komatsu 730E-8,2027,1,100000084396,1
558,Полюс Магадан,Самосвалы карьерные,Самосвалы Komatsu 730E-8,2027,2,100000084396,1
559,Полюс Магадан,Самосвалы карьерные,Самосвалы Komatsu 730E-8,2027,3,100000084396,1
560,Полюс Магадан,Самосвалы карьерные,Самосвалы Komatsu 730E-8,2027,4,100000084396,1
561,Полюс Магадан,Самосвалы карьерные,Самосвалы Komatsu 730E-8,2027,5,100000084396,1
562,Полюс Магадан,Самосвалы карьерные,Самосвалы Komatsu 730E-8,2027,6,100000084396,1
563,Полюс Магадан,Самосвалы карьерные,Самосвалы Komatsu 730E-8,2027,7,100000084396,1
564,Полюс Магадан,Самосвалы карьерные,Самосвалы Komatsu 730E-8,2027,8,100000084396,1
565,Полюс Магадан,Самосвалы карьерные,Самосвалы Komatsu 730E-8,2027,9,100000084396,1
566,Полюс Магадан,Самосвалы карьерные,Самосвалы Komatsu 730E-8,2027,10,100000084396,1
567,Полюс Магадан,Самосвалы карьерные,Самосвалы Komatsu 730E-8,2027,11,100000084396,1
568,Полюс Магадан,Самосвалы карьерные,Самосвалы Komatsu 730E-8,2027,12,100000084396,1
569,Полюс Магадан,Самосвалы карьерные,Самосвалы Komatsu 730E-8,2028,1,100000084396,1
570,Полюс Магадан,Самосвалы карьерные,Самосвалы Komatsu 730E-8,2028,2,100000084396,1
571,Полюс Магадан,Самосвалы карьерные,Самосвалы Komatsu 730E-8,2028,3,100000084396,1
572,Полюс Магадан,Самосвалы карьерные,Самосвалы Komatsu 730E-8,2028,4,100000084396,1
573,Полюс Магадан,Самосвалы карьерные,Самосвалы Komatsu 730E-8,2028,5,100000084396,1
574,Полюс Магадан,Самосвалы карьерные,Самосвалы Komatsu 730E-8,2028,6,100000084396,1
575,Полюс Магадан,Самосвалы карьерные,Самосвалы Komatsu 730E-8,2028,7,100000084396,1
576,Полюс Магадан,Самосвалы карьерные,Самосвалы Komatsu 730E-8,2028,8,100000084396,1
577,Полюс Магадан,Самосвалы карьерные,Самосвалы Komatsu 730E-8,2028,9,100000084396,1
578,Полюс Магадан,Самосвалы карьерные,Самосвалы Komatsu 730E-8,2028,10,100000084396,1
579,Полюс Магадан,Самосвалы карьерные,Самосвалы Komatsu 730E-8,2028,11,100000084396,1
580,Полюс Магадан,Самосвалы карьерные,Самосвалы Komatsu 730E-8,2028,12,100000084396,1
581,Полюс Магадан,Самосвалы карьерные,Самосвалы Komatsu 730E-8,2029,1,100000084396,1
582,Полюс Магадан,Самосвалы карьерные,Самосвалы Komatsu 730E-8,2029,2,100000084396,1
583,Полюс Магадан,Самосвалы карьерные,Самосвалы Komatsu 730E-8,2029,3,100000084396,1
584,Полюс Магадан,Самосвалы карьерные,Самосвалы Komatsu 730E-8,2029,4,100000084396,1
585,Полюс Магадан,Самосвалы карьерные,Самосвалы Komatsu 730E-8,2029,5,100000084396,1
586,Полюс Магадан,Самосвалы карьерные,Самосвалы Komatsu 730E-8,2029,6,100000084396,1
587,Полюс Магадан,Самосвалы карьерные,Самосвалы Komatsu 730E-8,2029,7,100000084396,1
588,Полюс Магадан,Самосвалы карьерные,Самосвалы Komatsu 730E-8,2029,8,100000084396,1
589,Полюс Магадан,Самосвалы карьерные,Самосвалы Komatsu 730E-8,2029,9,100000084396,1
590,Полюс Магадан,Самосвалы карьерные,Самосвалы Komatsu 730E-8,2029,10,100000084396,1
591,Полюс Магадан,Самосвалы карьерные,Самосвалы Komatsu 730E-8,2029,11,100000084396,1
592,Полюс Магадан,Самосвалы карьерные,Самосвалы Komatsu 730E-8,2029,12,100000084396,1
593,Полюс Магадан,Самосвалы карьерные,Самосвалы Komatsu 730E-8,2030,1,100000084396,1
594,Полюс Магадан,Самосвалы карьерные,Самосвалы Komatsu 730E-8,2030,2,100000084396,1
595,Полюс Магадан,Самосвалы карьерные,Самосвалы Komatsu 730E-8,2030,3,100000084396,1
596,Сухой Лог,Самосвалы карьерные,Самосвалы Komatsu 730E-8,2024,9,sl_730_1,1
597,Сухой Лог,Самосвалы карьерные,Самосвалы Komatsu 730E-8,2024,10,sl_730_1,1
598,Сухой Лог,Самосвалы карьерные,Самосвалы Komatsu 730E-8,2024,11,sl_730_1,1
599,Сухой Лог,Самосвалы карьерные,Самосвалы Komatsu 730E-8,2024,12,sl_730_1,1
600,Сухой Лог,Самосвалы карьерные,Самосвалы Komatsu 730E-8,2025,1,sl_730_1,1
601,Сухой Лог,Самосвалы карьерные,Самосвалы Komatsu 730E-8,2025,2,sl_730_1,1
602,Сухой Лог,Самосвалы карьерные,Самосвалы Komatsu 730E-8,2025,3,sl_730_1,1
603,Сухой Лог,Самосвалы карьерные,Самосвалы Komatsu 730E-8,2025,4,sl_730_1,1
604,Сухой Лог,Самосвалы карьерные,Самосвалы Komatsu 730E-8,2025,5,sl_730_1,1
605,Сухой Лог,Самосвалы карьерные,Самосвалы Komatsu 730E-8,2025,6,sl_730_1,1
606,Сухой Лог,Самосвалы карьерные,Самосвалы Komatsu 730E-8,2025,7,sl_730_1,1
607,Сухой Лог,Самосвалы карьерные,Самосвалы Komatsu 730E-8,2025,8,sl_730_1,1
608,Сухой Лог,Самосвалы карьерные,Самосвалы Komatsu 730E-8,2025,9,sl_730_1,1
609,Сухой Лог,Самосвалы карьерные,Самосвалы Komatsu 730E-8,2025,10,sl_730_1,1
610,Сухой Лог,Самосвалы карьерные,Самосвалы Komatsu 730E-8,2025,11,sl_730_1,1
611,Сухой Лог,Самосвалы карьерные,Самосвалы Komatsu 730E-8,2025,12,sl_730_1,1
612,Сухой Лог,Самосвалы карьерные,Самосвалы Komatsu 730E-8,2026,1,sl_730_1,1
613,Сухой Лог,Самосвалы карьерные,Самосвалы Komatsu 730E-8,2026,2,sl_730_1,1
614,Сухой Лог,Самосвалы карьерные,Самосвалы Komatsu 730E-8,2026,3,sl_730_1,1
615,Сухой Лог,Самосвалы карьерные,Самосвалы Komatsu 730E-8,2026,4,sl_730_1,1
616,Сухой Лог,Самосвалы карьерные,Самосвалы Komatsu 730E-8,2026,5,sl_730_1,1
617,Сухой Лог,Самосвалы карьерные,Самосвалы Komatsu 730E-8,2026,6,sl_730_1,1
618,Сухой Лог,Самосвалы карьерные,Самосвалы Komatsu 730E-8,2026,7,sl_730_1,1
619,Сухой Лог,Самосвалы карьерные,Самосвалы Komatsu 730E-8,2026,8,sl_730_1,1
620,Сухой Лог,Самосвалы карьерные,Самосвалы Komatsu 730E-8,2026,9,sl_730_1,1
621,Сухой Лог,Самосвалы карьерные,Самосвалы Komatsu 730E-8,2026,10,sl_730_1,1
622,Сухой Лог,Самосвалы карьерные,Самосвалы Komatsu 730E-8,2026,11,sl_730_1,1
623,Сухой Лог,Самосвалы карьерные,Самосвалы Komatsu 730E-8,2026,12,sl_730_1,1
624,Сухой Лог,Самосвалы карьерные,Самосвалы Komatsu 730E-8,2027,1,sl_730_1,1
625,Сухой Лог,Самосвалы карьерные,Самосвалы Komatsu 730E-8,2027,2,sl_730_1,1
626,Сухой Лог,Самосвалы карьерные,Самосвалы Komatsu 730E-8,2027,3,sl_730_1,1
627,Сухой Лог,Самосвалы карьерные,Самосвалы Komatsu 730E-8,2027,4,sl_730_1,1
628,Сухой Лог,Самосвалы карьерные,Самосвалы Komatsu 730E-8,2027,5,sl_730_1,1
629,Сухой Лог,Самосвалы карьерные,Самосвалы Komatsu 730E-8,2027,6,sl_730_1,1
630,Сухой Лог,Самосвалы карьерные,Самосвалы Komatsu 730E-8,2027,7,sl_730_1,1
631,Сухой Лог,Самосвалы карьерные,Самосвалы Komatsu 730E-8,2027,8,sl_730_1,1
632,Сухой Лог,Самосвалы карьерные,Самосвалы Komatsu 730E-8,2027,9,sl_730_1,1
633,Сухой Лог,Самосвалы карьерные,Самосвалы Komatsu 730E-8,2027,10,sl_730_1,1
634,Сухой Лог,Самосвалы карьерные,Самосвалы Komatsu 730E-8,2027,11,sl_730_1,1
635,Сухой Лог,Самосвалы карьерные,Самосвалы Komatsu 730E-8,2027,12,sl_730_1,1
636,Сухой Лог,Самосвалы карьерные,Самосвалы Komatsu 730E-8,2028,1,sl_730_1,1
637,Сухой Лог,Самосвалы карьерные,Самосвалы Komatsu 730E-8,2028,2,sl_730_1,1
638,Сухой Лог,Самосвалы карьерные,Самосвалы Komatsu 730E-8,2028,3,sl_730_1,1
639,Сухой Лог,Самосвалы карьерные,Самосвалы Komatsu 730E-8,2028,4,sl_730_1,1
640,Сухой Лог,Самосвалы карьерные,Самосвалы Komatsu 730E-8,2028,5,sl_730_1,1
641,Сухой Лог,Самосвалы карьерные,Самосвалы Komatsu 730E-8,2028,6,sl_730_1,1
642,Сухой Лог,Самосвалы карьерные,Самосвалы Komatsu 730E-8,2028,7,sl_730_1,1
643,Сухой Лог,Самосвалы карьерные,Самосвалы Komatsu 730E-8,2028,8,sl_730_1,1
644,Сухой Лог,Самосвалы карьерные,Самосвалы Komatsu 730E-8,2028,9,sl_730_1,1
645,Сухой Лог,Самосвалы карьерные,Самосвалы Komatsu 730E-8,2028,10,sl_730_1,1
646,Сухой Лог,Самосвалы карьерные,Самосвалы Komatsu 730E-8,2028,11,sl_730_1,1
647,Сухой Лог,Самосвалы карьерные,Самосвалы Komatsu 730E-8,2028,12,sl_730_1,1
648,Сухой Лог,Самосвалы карьерные,Самосвалы Komatsu 730E-8,2029,1,sl_730_1,1
649,Сухой Лог,Самосвалы карьерные,Самосвалы Komatsu 730E-8,2029,2,sl_730_1,1
650,Сухой Лог,Самосвалы карьерные,Самосвалы Komatsu 730E-8,2029,3,sl_730_1,1
651,Сухой Лог,Самосвалы карьерные,Самосвалы Komatsu 730E-8,2029,4,sl_730_1,1
652,Сухой Лог,Самосвалы карьерные,Самосвалы Komatsu 730E-8,2029,5,sl_730_1,1
653,Сухой Лог,Самосвалы карьерные,Самосвалы Komatsu 730E-8,2029,6,sl_730_1,1
654,Сухой Лог,Самосвалы карьерные,Самосвалы Komatsu 730E-8,2029,7,sl_730_1,1
655,Сухой Лог,Самосвалы карьерные,Самосвалы Komatsu 730E-8,2029,8,sl_730_1,1
656,Сухой Лог,Самосвалы карьерные,Самосвалы Komatsu 730E-8,2029,9,sl_730_1,1
657,Сухой Лог,Самосвалы карьерные,Самосвалы Komatsu 730E-8,2029,10,sl_730_1,1
658,Сухой Лог,Самосвалы карьерные,Самосвалы Komatsu 730E-8,2029,11,sl_730_1,1
659,Сухой Лог,Самосвалы карьерные,Самосвалы Komatsu 730E-8,2029,12,sl_730_1,1
660,Сухой Лог,Самосвалы карьерные,Самосвалы Komatsu 730E-8,2030,1,sl_730_1,1
661,Сухой Лог,Самосвалы карьерные,Самосвалы Komatsu 730E-8,2030,2,sl_730_1,1
662,Сухой Лог,Самосвалы карьерные,Самосвалы Komatsu 730E-8,2030,3,sl_730_1,1
663,Сухой Лог,Самосвалы карьерные,Самосвалы Komatsu 730E-8,2030,4,sl_730_1,1
664,Сухой Лог,Самосвалы карьерные,Самосвалы Komatsu 730E-8,2030,5,sl_730_1,1
665,Сухой Лог,Самосвалы карьерные,Самосвалы Komatsu 730E-8,2030,6,sl_730_1,1
666,Сухой Лог,Самосвалы карьерные,Самосвалы Komatsu 730E-8,2030,7,sl_730_1,1
667,Сухой Лог,Самосвалы карьерные,Самосвалы Komatsu 730E-8,2030,8,sl_730_1,1
668,Сухой Лог,Самосвалы карьерные,Самосвалы Komatsu 730E-8,2030,9,sl_730_1,1
669,Сухой Лог,Самосвалы карьерные,Самосвалы Komatsu 730E-8,2030,10,sl_730_1,1
670,Сухой Лог,Самосвалы карьерные,Самосвалы Komatsu 730E-8,2030,11,sl_730_1,1
671,Сухой Лог,Самосвалы карьерные,Самосвалы Komatsu 730E-8,2030,12,sl_730_1,1
672,Сухой Лог,Самосвалы карьерные,Самосвалы Komatsu 730E-8,2031,1,sl_730_1,1
673,Сухой Лог,Самосвалы карьерные,Самосвалы Komatsu 730E-8,2031,2,sl_730_1,1
674,Сухой Лог,Самосвалы карьерные,Самосвалы Komatsu 730E-8,2031,3,sl_730_1,1
675,Сухой Лог,Самосвалы карьерные,Самосвалы Komatsu 730E-8,2031,4,sl_730_1,1
676,Сухой Лог,Самосвалы карьерные,Самосвалы Komatsu 730E-8,2031,5,sl_730_1,1
677,Сухой Лог,Самосвалы карьерные,Самосвалы Komatsu 730E-8,2031,6,sl_730_1,1
678,Сухой Лог,Самосвалы карьерные,Самосвалы Komatsu 730E-8,2031,7,sl_730_1,1
679,Сухой Лог,Самосвалы карьерные,Самосвалы Komatsu 730E-8,2031,8,sl_730_1,1
680,Сухой Лог,Самосвалы карьерные,Самосвалы Komatsu 730E-8,2031,9,sl_730_1,1
681,Сухой Лог,Самосвалы карьерные,Самосвалы Komatsu 730E-8,2031,10,sl_730_1,1
682,Сухой Лог,Самосвалы карьерные,Самосвалы Komatsu 730E-8,2031,11,sl_730_1,1
683,Сухой Лог,Самосвалы карьерные,Самосвалы Komatsu 730E-8,2031,12,sl_730_1,1
684,Сухой Лог,Самосвалы карьерные,Самосвалы Komatsu 730E-8,2032,1,sl_730_1,1
685,Сухой Лог,Самосвалы карьерные,Самосвалы Komatsu 730E-8,2032,2,sl_730_1,1
686,Сухой Лог,Самосвалы карьерные,Самосвалы Komatsu 730E-8,2032,3,sl_730_1,1
687,Сухой Лог,Самосвалы карьерные,Самосвалы Komatsu 730E-8,2032,4,sl_730_1,1
688,Сухой Лог,Самосвалы карьерные,Самосвалы Komatsu 730E-8,2032,5,sl_730_1,1
689,Сухой Лог,Самосвалы карьерные,Самосвалы Komatsu 730E-8,2032,6,sl_730_1,1
690,Сухой Лог,Самосвалы карьерные,Самосвалы Komatsu 730E-8,2032,7,sl_730_1,1
691,Сухой Лог,Самосвалы карьерные,Самосвалы Komatsu 730E-8,2032,8,sl_730_1,1
692,Сухой Лог,Самосвалы карьерные,Самосвалы Komatsu 730E-8,2032,9,sl_730_1,1
693,Сухой Лог,Самосвалы карьерные,Самосвалы Komatsu 730E-8,2032,10,sl_730_1,1
694,Сухой Лог,Самосвалы карьерные,Самосвалы Komatsu 730E-8,2032,11,sl_730_1,1
695,Сухой Лог,Самосвалы карьерные,Самосвалы Komatsu 730E-8,2032,12,sl_730_1,1
696,Сухой Лог,Самосвалы карьерные,Самосвалы Komatsu 730E-8,2033,1,sl_730_1,1
697,Сухой Лог,Самосвалы карьерные,Самосвалы Komatsu 730E-8,2033,2,sl_730_1,1
698,Сухой Лог,Самосвалы карьерные,Самосвалы Komatsu 730E-8,2033,3,sl_730_1,1
699,Сухой Лог,Самосвалы карьерные,Самосвалы Komatsu 730E-8,2033,4,sl_730_1,1
700,Сухой Лог,Самосвалы карьерные,Самосвалы Komatsu 730E-8,2033,5,sl_730_1,1
701,Сухой Лог,Самосвалы карьерные,Самосвалы Komatsu 730E-8,2033,6,sl_730_1,1
702,Сухой Лог,Самосвалы карьерные,Самосвалы Komatsu 730E-8,2033,7,sl_730_1,1
703,Сухой Лог,Самосвалы карьерные,Самосвалы Komatsu 730E-8,2033,8,sl_730_1,1
704,Сухой Лог,Самосвалы карьерные,Самосвалы Komatsu 730E-8,2033,9,sl_730_1,1
705,Сухой Лог,Самосвалы карьерные,Самосвалы Komatsu 730E-8,2033,10,sl_730_1,1
706,Сухой Лог,Самосвалы карьерные,Самосвалы Komatsu 730E-8,2033,11,sl_730_1,1
707,Сухой Лог,Самосвалы карьерные,Самосвалы Komatsu 730E-8,2033,12,sl_730_1,1
708,Сухой Лог,Самосвалы карьерные,Самосвалы Komatsu 730E-8,2034,1,sl_730_1,1
709,Сухой Лог,Самосвалы карьерные,Самосвалы Komatsu 730E-8,2034,2,sl_730_1,1
710,Сухой Лог,Самосвалы карьерные,Самосвалы Komatsu 730E-8,2034,3,sl_730_1,1
711,Сухой Лог,Самосвалы карьерные,Самосвалы Komatsu 730E-8,2034,4,sl_730_1,1
712,Сухой Лог,Самосвалы карьерные,Самосвалы Komatsu 730E-8,2034,5,sl_730_1,1
713,Сухой Лог,Самосвалы карьерные,Самосвалы Komatsu 730E-8,2034,6,sl_730_1,1
714,Сухой Лог,Самосвалы карьерные,Самосвалы Komatsu 730E-8,2034,7,sl_730_1,1
715,Сухой Лог,Самосвалы карьерные,Самосвалы Komatsu 730E-8,2034,8,sl_730_1,1
