Год,Месяц,БЕ,Класс ЕО,Модель ЕО,count,month_year
2009,10,Олимпиадинский ГОК,Самосвалы карьерные,Самосвалы CAT 785C,1,10_2009
2009,11,Олимпиадинский ГОК,Самосвалы карьерные,Самосвалы CAT 785C,1,11_2009
2009,12,Олимпиадинский ГОК,Самосвалы карьерные,Самосвалы CAT 785C,1,12_2009
2010,1,Олимпиадинский ГОК,Самосвалы карьерные,Самосвалы CAT 785C,1,1_2010
2010,2,Олимпиадинский ГОК,Самосвалы карьерные,Самосвалы CAT 785C,1,2_2010
2010,3,Олимпиадинский ГОК,Самосвалы карьерные,Самосвалы CAT 785C,1,3_2010
2010,4,Олимпиадинский ГОК,Самосвалы карьерные,Самосвалы CAT 785C,1,4_2010
2010,5,Олимпиадинский ГОК,Самосвалы карьерные,Самосвалы CAT 785C,1,5_2010
2010,6,Олимпиадинский ГОК,Самосвалы карьерные,Самосвалы CAT 785C,1,6_2010
2010,7,Олимпиадинский ГОК,Самосвалы карьерные,Самосвалы CAT 785C,1,7_2010
2010,8,Олимпиадинский ГОК,Самосвалы карьерные,Самосвалы CAT 785C,1,8_2010
2010,9,Олимпиадинский ГОК,Самосвалы карьерные,Самосвалы CAT 785C,1,9_2010
2010,10,Олимпиадинский ГОК,Самосвалы карьерные,Самосвалы CAT 785C,1,10_2010
2010,11,Олимпиадинский ГОК,Самосвалы карьерные,Самосвалы CAT 785C,1,11_2010
2010,12,Олимпиадинский ГОК,Самосвалы карьерные,Самосвалы CAT 785C,6,12_2010
2011,1,Олимпиадинский ГОК,Самосвалы карьерные,Самосвалы CAT 785C,8,1_2011
2011,2,Олимпиадинский ГОК,Самосвалы карьерные,Самосвалы CAT 785C,12,2_2011
2011,3,Олимпиадинский ГОК,Самосвалы карьерные,Самосвалы CAT 785C,14,3_2011
2011,4,Олимпиадинский ГОК,Самосвалы карьерные,Самосвалы CAT 785C,21,4_2011
2011,5,Олимпиадинский ГОК,Самосвалы карьерные,Самосвалы CAT 785C,25,5_2011
2011,6,Олимпиадинский ГОК,Самосвалы карьерные,Самосвалы CAT 785C,25,6_2011
2011,7,Олимпиадинский ГОК,Самосвалы карьерные,Самосвалы CAT 785C,29,7_2011
2011,8,Олимпиадинский ГОК,Самосвалы карьерные,Самосвалы CAT 785C,30,8_2011
2011,9,Олимпиадинский ГОК,Самосвалы карьерные,Самосвалы CAT 785C,30,9_2011
2011,10,Олимпиадинский ГОК,Самосвалы карьерные,Самосвалы CAT 785C,30,10_2011
2011,11,Олимпиадинский ГОК,Самосвалы карьерные,Самосвалы CAT 785C,30,11_2011
2011,12,Олимпиадинский ГОК,Самосвалы карьерные,Самосвалы CAT 785C,30,12_2011
2012,1,Олимпиадинский ГОК,Самосвалы карьерные,Самосвалы CAT 785C,30,1_2012
2012,2,Олимпиадинский ГОК,Самосвалы карьерные,Самосвалы CAT 785C,30,2_2012
2012,3,Олимпиадинский ГОК,Самосвалы карьерные,Самосвалы CAT 785C,30,3_2012
2012,4,Олимпиадинский ГОК,Самосвалы карьерные,Самосвалы CAT 785C,30,4_2012
2012,5,Олимпиадинский ГОК,Самосвалы карьерные,Самосвалы CAT 785C,30,5_2012
2012,6,Олимпиадинский ГОК,Самосвалы карьерные,Самосвалы CAT 785C,30,6_2012
2012,7,Олимпиадинский ГОК,Самосвалы карьерные,Самосвалы CAT 785C,34,7_2012
2012,8,Олимпиадинский ГОК,Самосвалы карьерные,Самосвалы CAT 785C,34,8_2012
2012,9,Олимпиадинский ГОК,Самосвалы карьерные,Самосвалы CAT 785C,36,9_2012
2012,10,Олимпиадинский ГОК,Самосвалы карьерные,Самосвалы CAT 785C,36,10_2012
2012,11,Олимпиадинский ГОК,Самосвалы карьерные,Самосвалы CAT 785C,36,11_2012
2012,12,Олимпиадинский ГОК,Самосвалы карьерные,Самосвалы CAT 785C,36,12_2012
2013,1,Олимпиадинский ГОК,Самосвалы карьерные,Самосвалы CAT 785C,36,1_2013
2013,2,Олимпиадинский ГОК,Самосвалы карьерные,Самосвалы CAT 785C,36,2_2013
2013,3,Олимпиадинский ГОК,Самосвалы карьерные,Самосвалы CAT 785C,36,3_2013
2013,4,Олимпиадинский ГОК,Самосвалы карьерные,Самосвалы CAT 785C,36,4_2013
2013,5,Олимпиадинский ГОК,Самосвалы карьерные,Самосвалы CAT 785C,36,5_2013
2013,6,Олимпиадинский ГОК,Самосвалы карьерные,Самосвалы CAT 785C,36,6_2013
2013,7,Олимпиадинский ГОК,Самосвалы карьерные,Самосвалы CAT 785C,41,7_2013
2013,8,Олимпиадинский ГОК,Самосвалы карьерные,Самосвалы CAT 785C,41,8_2013
2013,9,Олимпиадинский ГОК,Самосвалы карьерные,Самосвалы CAT 785C,41,9_2013
2013,10,Олимпиадинский ГОК,Самосвалы карьерные,Самосвалы CAT 785C,41,10_2013
2013,11,Олимпиадинский ГОК,Самосвалы карьерные,Самосвалы CAT 785C,41,11_2013
2013,12,Олимпиадинский ГОК,Самосвалы карьерные,Самосвалы CAT 785C,51,12_2013
2014,1,Олимпиадинский ГОК,Самосвалы карьерные,Самосвалы CAT 785C,51,1_2014
2014,2,Олимпиадинский ГОК,Самосвалы карьерные,Самосвалы CAT 785C,55,2_2014
2014,3,Олимпиадинский ГОК,Самосвалы карьерные,Самосвалы CAT 785C,59,3_2014
2014,4,Олимпиадинский ГОК,Самосвалы карьерные,Самосвалы CAT 785C,59,4_2014
2014,5,Олимпиадинский ГОК,Самосвалы карьерные,Самосвалы CAT 785C,59,5_2014
2014,6,Олимпиадинский ГОК,Самосвалы карьерные,Самосвалы CAT 785C,64,6_2014
2014,7,Олимпиадинский ГОК,Самосвалы карьерные,Самосвалы CAT 785C,64,7_2014
2014,8,Олимпиадинский ГОК,Самосвалы карьерные,Самосвалы CAT 785C,64,8_2014
2014,9,Олимпиадинский ГОК,Самосвалы карьерные,Самосвалы CAT 785C,64,9_2014
2014,10,Олимпиадинский ГОК,Самосвалы карьерные,Самосвалы CAT 785C,64,10_2014
2014,11,Олимпиадинский ГОК,Самосвалы карьерные,Самосвалы CAT 785C,64,11_2014
2014,12,Олимпиадинский ГОК,Самосвалы карьерные,Самосвалы CAT 785C,64,12_2014
2015,1,Олимпиадинский ГОК,Самосвалы карьерные,Самосвалы CAT 785C,64,1_2015
2015,2,Олимпиадинский ГОК,Самосвалы карьерные,Самосвалы CAT 785C,64,2_2015
2015,3,Олимпиадинский ГОК,Самосвалы карьерные,Самосвалы CAT 785C,64,3_2015
2015,4,Олимпиадинский ГОК,Самосвалы карьерные,Самосвалы CAT 785C,64,4_2015
2015,5,Олимпиадинский ГОК,Самосвалы карьерные,Самосвалы CAT 785C,64,5_2015
2015,6,Олимпиадинский ГОК,Самосвалы карьерные,Самосвалы CAT 785C,64,6_2015
2015,7,Олимпиадинский ГОК,Самосвалы карьерные,Самосвалы CAT 785C,64,7_2015
2015,8,Олимпиадинский ГОК,Самосвалы карьерные,Самосвалы CAT 785C,64,8_2015
2015,9,Олимпиадинский ГОК,Самосвалы карьерные,Самосвалы CAT 785C,64,9_2015
2015,10,Олимпиадинский ГОК,Самосвалы карьерные,Самосвалы CAT 785C,64,10_2015
2015,11,Олимпиадинский ГОК,Самосвалы карьерные,Самосвалы CAT 785C,64,11_2015
2015,12,Олимпиадинский ГОК,Самосвалы карьерные,Самосвалы CAT 785C,64,12_2015
2016,1,Олимпиадинский ГОК,Самосвалы карьерные,Самосвалы CAT 785C,64,1_2016
2016,2,Олимпиадинский ГОК,Самосвалы карьерные,Самосвалы CAT 785C,64,2_2016
2016,3,Олимпиадинский ГОК,Самосвалы карьерные,Самосвалы CAT 785C,64,3_2016
2016,4,Олимпиадинский ГОК,Самосвалы карьерные,Самосвалы CAT 785C,64,4_2016
2016,5,Олимпиадинский ГОК,Самосвалы карьерные,Самосвалы CAT 785C,64,5_2016
2016,6,Олимпиадинский ГОК,Самосвалы карьерные,Самосвалы CAT 785C,64,6_2016
2016,7,Олимпиадинский ГОК,Самосвалы карьерные,Самосвалы CAT 785C,64,7_2016
2016,8,Олимпиадинский ГОК,Самосвалы карьерные,Самосвалы CAT 785C,69,8_2016
2016,9,Олимпиадинский ГОК,Самосвалы карьерные,Самосвалы CAT 785C,69,9_2016
2016,10,Олимпиадинский ГОК,Самосвалы карьерные,Самосвалы CAT 785C,69,10_2016
2016,11,Олимпиадинский ГОК,Самосвалы карьерные,Самосвалы CAT 785C,69,11_2016
2016,12,Олимпиадинский ГОК,Самосвалы карьерные,Самосвалы CAT 785C,69,12_2016
2017,1,Олимпиадинский ГОК,Самосвалы карьерные,Самосвалы CAT 785C,69,1_2017
2017,2,Олимпиадинский ГОК,Самосвалы карьерные,Самосвалы CAT 785C,69,2_2017
2017,3,Олимпиадинский ГОК,Самосвалы карьерные,Самосвалы CAT 785C,69,3_2017
2017,4,Олимпиадинский ГОК,Самосвалы карьерные,Самосвалы CAT 785C,69,4_2017
2017,5,Олимпиадинский ГОК,Самосвалы карьерные,Самосвалы CAT 785C,69,5_2017
2017,6,Олимпиадинский ГОК,Самосвалы карьерные,Самосвалы CAT 785C,69,6_2017
2017,7,Олимпиадинский ГОК,Самосвалы карьерные,Самосвалы CAT 785C,69,7_2017
2017,8,Олимпиадинский ГОК,Самосвалы карьерные,Самосвалы CAT 785C,69,8_2017
2017,9,Олимпиадинский ГОК,Самосвалы карьерные,Самосвалы CAT 785C,69,9_2017
2017,10,Олимпиадинский ГОК,Самосвалы карьерные,Самосвалы CAT 785C,69,10_2017
2017,11,Олимпиадинский ГОК,Самосвалы карьерные,Самосвалы CAT 785C,69,11_2017
2017,11,Олимпиадинский ГОК,Самосвалы карьерные,Самосвалы CAT 793D,5,11_2017
2017,12,Олимпиадинский ГОК,Самосвалы карьерные,Самосвалы CAT 785C,69,12_2017
2017,12,Олимпиадинский ГОК,Самосвалы карьерные,Самосвалы CAT 793D,8,12_2017
2017,12,Полюс Вернинское,Самосвалы карьерные,Самосвалы CAT 785C,2,12_2017
2018,1,Олимпиадинский ГОК,Самосвалы карьерные,Самосвалы CAT 785C,69,1_2018
2018,1,Олимпиадинский ГОК,Самосвалы карьерные,Самосвалы CAT 793D,9,1_2018
2018,1,Полюс Вернинское,Самосвалы карьерные,Самосвалы CAT 785C,2,1_2018
2018,2,Олимпиадинский ГОК,Самосвалы карьерные,Самосвалы CAT 785C,69,2_2018
2018,2,Олимпиадинский ГОК,Самосвалы карьерные,Самосвалы CAT 793D,13,2_2018
2018,2,Полюс Вернинское,Самосвалы карьерные,Самосвалы CAT 785C,2,2_2018
2018,3,Олимпиадинский ГОК,Самосвалы карьерные,Самосвалы CAT 785C,69,3_2018
2018,3,Олимпиадинский ГОК,Самосвалы карьерные,Самосвалы CAT 793D,13,3_2018
2018,3,Полюс Вернинское,Самосвалы карьерные,Самосвалы CAT 785C,2,3_2018
2018,3,Полюс Магадан,Самосвалы карьерные,Самосвалы Komatsu 730E-8,2,3_2018
2018,4,Олимпиадинский ГОК,Самосвалы карьерные,Самосвалы CAT 785C,69,4_2018
2018,4,Олимпиадинский ГОК,Самосвалы карьерные,Самосвалы CAT 793D,16,4_2018
2018,4,Полюс Вернинское,Самосвалы карьерные,Самосвалы CAT 785C,2,4_2018
2018,4,Полюс Магадан,Самосвалы карьерные,Самосвалы Komatsu 730E-8,6,4_2018
2018,5,Олимпиадинский ГОК,Самосвалы карьерные,Самосвалы CAT 785C,69,5_2018
2018,5,Олимпиадинский ГОК,Самосвалы карьерные,Самосвалы CAT 793D,21,5_2018
2018,5,Полюс Вернинское,Самосвалы карьерные,Самосвалы CAT 785C,2,5_2018
2018,5,Полюс Магадан,Самосвалы карьерные,Самосвалы Komatsu 730E-8,10,5_2018
2018,6,Олимпиадинский ГОК,Самосвалы карьерные,Самосвалы CAT 785C,69,6_2018
2018,6,Олимпиадинский ГОК,Самосвалы карьерные,Самосвалы CAT 793D,23,6_2018
2018,6,Полюс Вернинское,Самосвалы карьерные,Самосвалы CAT 785C,2,6_2018
2018,6,Полюс Магадан,Самосвалы карьерные,Самосвалы Komatsu 730E-8,13,6_2018
2018,7,Олимпиадинский ГОК,Самосвалы карьерные,Самосвалы CAT 785C,69,7_2018
2018,7,Олимпиадинский ГОК,Самосвалы карьерные,Самосвалы CAT 793D,25,7_2018
2018,7,Полюс Вернинское,Самосвалы карьерные,Самосвалы CAT 785C,2,7_2018
2018,7,Полюс Магадан,Самосвалы карьерные,Самосвалы Komatsu 730E-8,16,7_2018
2018,8,Олимпиадинский ГОК,Самосвалы карьерные,Самосвалы CAT 785C,69,8_2018
2018,8,Олимпиадинский ГОК,Самосвалы карьерные,Самосвалы CAT 793D,29,8_2018
2018,8,Полюс Вернинское,Самосвалы карьерные,Самосвалы CAT 785C,2,8_2018
2018,8,Полюс Магадан,Самосвалы карьерные,Самосвалы Komatsu 730E-8,16,8_2018
2018,9,Олимпиадинский ГОК,Самосвалы карьерные,Самосвалы CAT 785C,69,9_2018
2018,9,Олимпиадинский ГОК,Самосвалы карьерные,Самосвалы CAT 793D,34,9_2018
2018,9,Полюс Вернинское,Самосвалы карьерные,Самосвалы CAT 785C,2,9_2018
2018,9,Полюс Магадан,Самосвалы карьерные,Самосвалы Komatsu 730E-8,17,9_2018
2018,10,Олимпиадинский ГОК,Самосвалы карьерные,Самосвалы CAT 785C,69,10_2018
2018,10,Олимпиадинский ГОК,Самосвалы карьерные,Самосвалы CAT 793D,34,10_2018
2018,10,Полюс Вернинское,Самосвалы карьерные,Самосвалы CAT 785C,2,10_2018
2018,10,Полюс Магадан,Самосвалы карьерные,Самосвалы Komatsu 730E-8,17,10_2018
2018,11,Олимпиадинский ГОК,Самосвалы карьерные,Самосвалы CAT 785C,69,11_2018
2018,11,Олимпиадинский ГОК,Самосвалы карьерные,Самосвалы CAT 793D,34,11_2018
2018,11,Полюс Вернинское,Самосвалы карьерные,Самосвалы CAT 785C,2,11_2018
2018,11,Полюс Магадан,Самосвалы карьерные,Самосвалы Komatsu 730E-8,17,11_2018
2018,12,Олимпиадинский ГОК,Самосвалы карьерные,Самосвалы CAT 785C,69,12_2018
2018,12,Олимпиадинский ГОК,Самосвалы карьерные,Самосвалы CAT 793D,34,12_2018
2018,12,Полюс Вернинское,Самосвалы карьерные,Самосвалы CAT 785C,2,12_2018
2018,12,Полюс Магадан,Самосвалы карьерные,Самосвалы Komatsu 730E-8,17,12_2018
2019,1,Олимпиадинский ГОК,Самосвалы карьерные,Самосвалы CAT 785C,69,1_2019
2019,1,Олимпиадинский ГОК,Самосвалы карьерные,Самосвалы CAT 793D,34,1_2019
2019,1,Полюс Вернинское,Самосвалы карьерные,Самосвалы CAT 785C,2,1_2019
2019,1,Полюс Магадан,Самосвалы карьерные,Самосвалы Komatsu 730E-8,17,1_2019
2019,2,Олимпиадинский ГОК,Самосвалы карьерные,Самосвалы CAT 785C,69,2_2019
2019,2,Олимпиадинский ГОК,Самосвалы карьерные,Самосвалы CAT 793D,34,2_2019
2019,2,Полюс Вернинское,Самосвалы карьерные,Самосвалы CAT 785C,2,2_2019
2019,2,Полюс Магадан,Самосвалы карьерные,Самосвалы Komatsu 730E-8,17,2_2019
2019,3,Олимпиадинский ГОК,Самосвалы карьерные,Самосвалы CAT 785C,69,3_2019
2019,3,Олимпиадинский ГОК,Самосвалы карьерные,Самосвалы CAT 793D,34,3_2019
2019,3,Полюс Вернинское,Самосвалы карьерные,Самосвалы CAT 785C,2,3_2019
2019,3,Полюс Магадан,Самосвалы карьерные,Самосвалы Komatsu 730E-8,17,3_2019
2019,4,Олимпиадинский ГОК,Самосвалы карьерные,Самосвалы CAT 785C,69,4_2019
2019,4,Олимпиадинский ГОК,Самосвалы карьерные,Самосвалы CAT 793D,34,4_2019
2019,4,Полюс Вернинское,Самосвалы карьерные,Самосвалы CAT 785C,2,4_2019
2019,4,Полюс Магадан,Самосвалы карьерные,Самосвалы Komatsu 730E-8,17,4_2019
2019,5,Олимпиадинский ГОК,Самосвалы карьерные,Самосвалы CAT 785C,69,5_2019
2019,5,Олимпиадинский ГОК,Самосвалы карьерные,Самосвалы CAT 793D,34,5_2019
2019,5,Полюс Вернинское,Самосвалы карьерные,Самосвалы CAT 785C,2,5_2019
2019,5,Полюс Магадан,Самосвалы карьерные,Самосвалы Komatsu 730E-8,17,5_2019
2019,6,Олимпиадинский ГОК,Самосвалы карьерные,Самосвалы CAT 785C,69,6_2019
2019,6,Олимпиадинский ГОК,Самосвалы карьерные,Самосвалы CAT 793D,34,6_2019
2019,6,Полюс Вернинское,Самосвалы карьерные,Самосвалы CAT 785C,2,6_2019
2019,6,Полюс Магадан,Самосвалы карьерные,Самосвалы Komatsu 730E-8,17,6_2019
2019,7,Олимпиадинский ГОК,Самосвалы карьерные,Самосвалы CAT 785C,69,7_2019
2019,7,Олимпиадинский ГОК,Самосвалы карьерные,Самосвалы CAT 793D,34,7_2019
2019,7,Полюс Вернинское,Самосвалы карьерные,Самосвалы CAT 785C,2,7_2019
2019,7,Полюс Магадан,Самосвалы карьерные,Самосвалы Komatsu 730E-8,17,7_2019
2019,8,Олимпиадинский ГОК,Самосвалы карьерные,Самосвалы CAT 785C,69,8_2019
2019,8,Олимпиадинский ГОК,Самосвалы карьерные,Самосвалы CAT 793D,34,8_2019
2019,8,Полюс Вернинское,Самосвалы карьерные,Самосвалы CAT 785C,2,8_2019
2019,8,Полюс Магадан,Самосвалы карьерные,Самосвалы Komatsu 730E-8,17,8_2019
2019,9,Олимпиадинский ГОК,Самосвалы карьерные,Самосвалы CAT 785C,69,9_2019
2019,9,Олимпиадинский ГОК,Самосвалы карьерные,Самосвалы CAT 793D,35,9_2019
2019,9,Полюс Вернинское,Самосвалы карьерные,Самосвалы CAT 785C,2,9_2019
2019,9,Полюс Магадан,Самосвалы карьерные,Самосвалы Komatsu 730E-8,17,9_2019
2019,10,Олимпиадинский ГОК,Самосвалы карьерные,Самосвалы CAT 785C,69,10_2019
2019,10,Олимпиадинский ГОК,Самосвалы карьерные,Самосвалы CAT 793D,37,10_2019
2019,10,Полюс Вернинское,Самосвалы карьерные,Самосвалы CAT 785C,2,10_2019
2019,10,Полюс Магадан,Самосвалы карьерные,Самосвалы Komatsu 730E-8,17,10_2019
2019,11,Олимпиадинский ГОК,Самосвалы карьерные,Самосвалы CAT 785C,69,11_2019
2019,11,Олимпиадинский ГОК,Самосвалы карьерные,Самосвалы CAT 793D,40,11_2019
2019,11,Полюс Вернинское,Самосвалы карьерные,Самосвалы CAT 785C,2,11_2019
2019,11,Полюс Магадан,Самосвалы карьерные,Самосвалы Komatsu 730E-8,17,11_2019
2019,12,Олимпиадинский ГОК,Самосвалы карьерные,Самосвалы CAT 785C,69,12_2019
2019,12,Олимпиадинский ГОК,Самосвалы карьерные,Самосвалы CAT 793D,42,12_2019
2019,12,Полюс Вернинское,Самосвалы карьерные,Самосвалы CAT 785C,2,12_2019
2019,12,Полюс Магадан,Самосвалы карьерные,Самосвалы Komatsu 730E-8,17,12_2019
2020,1,Олимпиадинский ГОК,Самосвалы карьерные,Самосвалы CAT 785C,69,1_2020
2020,1,Олимпиадинский ГОК,Самосвалы карьерные,Самосвалы CAT 793D,44,1_2020
2020,1,Полюс Вернинское,Самосвалы карьерные,Самосвалы CAT 785C,2,1_2020
2020,1,Полюс Магадан,Самосвалы карьерные,Самосвалы Komatsu 730E-8,17,1_2020
2020,2,Олимпиадинский ГОК,Самосвалы карьерные,Самосвалы CAT 785C,69,2_2020
2020,2,Олимпиадинский ГОК,Самосвалы карьерные,Самосвалы CAT 793D,44,2_2020
2020,2,Полюс Вернинское,Самосвалы карьерные,Самосвалы CAT 785C,2,2_2020
2020,2,Полюс Магадан,Самосвалы карьерные,Самосвалы Komatsu 730E-8,17,2_2020
2020,3,Олимпиадинский ГОК,Самосвалы карьерные,Самосвалы CAT 785C,69,3_2020
2020,3,Олимпиадинский ГОК,Самосвалы карьерные,Самосвалы CAT 793D,44,3_2020
2020,3,Полюс Вернинское,Самосвалы карьерные,Самосвалы CAT 785C,2,3_2020
2020,3,Полюс Магадан,Самосвалы карьерные,Самосвалы Komatsu 730E-8,17,3_2020
2020,4,Олимпиадинский ГОК,Самосвалы карьерные,Самосвалы CAT 785C,69,4_2020
2020,4,Олимпиадинский ГОК,Самосвалы карьерные,Самосвалы CAT 793D,44,4_2020
2020,4,Полюс Вернинское,Самосвалы карьерные,Самосвалы CAT 785C,2,4_2020
2020,4,Полюс Магадан,Самосвалы карьерные,Самосвалы Komatsu 730E-8,17,4_2020
2020,5,Олимпиадинский ГОК,Самосвалы карьерные,Самосвалы CAT 785C,69,5_2020
2020,5,Олимпиадинский ГОК,Самосвалы карьерные,Самосвалы CAT 793D,44,5_2020
2020,5,Полюс Вернинское,Самосвалы карьерные,Самосвалы CAT 785C,2,5_2020
2020,5,Полюс Магадан,Самосвалы карьерные,Самосвалы Komatsu 730E-8,17,5_2020
2020,6,Олимпиадинский ГОК,Самосвалы карьерные,Самосвалы CAT 785C,69,6_2020
2020,6,Олимпиадинский ГОК,Самосвалы карьерные,Самосвалы CAT 793D,44,6_2020
2020,6,Полюс Вернинское,Самосвалы карьерные,Самосвалы CAT 785C,2,6_2020
2020,6,Полюс Магадан,Самосвалы карьерные,Самосвалы Komatsu 730E-8,17,6_2020
2020,7,Олимпиадинский ГОК,Самосвалы карьерные,Самосвалы CAT 785C,69,7_2020
2020,7,Олимпиадинский ГОК,Самосвалы карьерные,Самосвалы CAT 793D,44,7_2020
2020,7,Полюс Вернинское,Самосвалы карьерные,Самосвалы CAT 785C,2,7_2020
2020,7,Полюс Магадан,Самосвалы карьерные,Самосвалы Komatsu 730E-8,17,7_2020
2020,8,Олимпиадинский ГОК,Самосвалы карьерные,Самосвалы CAT 785C,69,8_2020
2020,8,Олимпиадинский ГОК,Самосвалы карьерные,Самосвалы CAT 793D,44,8_2020
2020,8,Полюс Вернинское,Самосвалы карьерные,Самосвалы CAT 785C,2,8_2020
2020,8,Полюс Магадан,Самосвалы карьерные,Самосвалы Komatsu 730E-8,17,8_2020
2020,9,Олимпиадинский ГОК,Самосвалы карьерные,Самосвалы CAT 785C,69,9_2020
2020,9,Олимпиадинский ГОК,Самосвалы карьерные,Самосвалы CAT 793D,44,9_2020
2020,9,Полюс Вернинское,Самосвалы карьерные,Самосвалы CAT 785C,2,9_2020
2020,9,Полюс Магадан,Самосвалы карьерные,Самосвалы Komatsu 730E-8,17,9_2020
2020,10,Олимпиадинский ГОК,Самосвалы карьерные,Самосвалы CAT 785C,69,10_2020
2020,10,Олимпиадинский ГОК,Самосвалы карьерные,Самосвалы CAT 793D,49,10_2020
2020,10,Полюс Вернинское,Самосвалы карьерные,Самосвалы CAT 785C,2,10_2020
2020,10,Полюс Магадан,Самосвалы карьерные,Самосвалы Komatsu 730E-8,17,10_2020
2020,11,Олимпиадинский ГОК,Самосвалы карьерные,Самосвалы CAT 785C,69,11_2020
2020,11,Олимпиадинский ГОК,Самосвалы карьерные,Самосвалы CAT 793D,53,11_2020
2020,11,Полюс Вернинское,Самосвалы карьерные,Самосвалы CAT 785C,2,11_2020
2020,11,Полюс Магадан,Самосвалы карьерные,Самосвалы Komatsu 730E-8,17,11_2020
2020,12,Олимпиадинский ГОК,Самосвалы карьерные,Самосвалы CAT 785C,69,12_2020
2020,12,Олимпиадинский ГОК,Самосвалы карьерные,Самосвалы CAT 793D,57,12_2020
2020,12,Полюс Вернинское,Самосвалы карьерные,Самосвалы CAT 785C,2,12_2020
2020,12,Полюс Магадан,Самосвалы карьерные,Самосвалы Komatsu 730E-8,17,12_2020
2021,1,Олимпиадинский ГОК,Самосвалы карьерные,Самосвалы CAT 785C,69,1_2021
2021,1,Олимпиадинский ГОК,Самосвалы карьерные,Самосвалы CAT 793D,58,1_2021
2021,1,Полюс Вернинское,Самосвалы карьерные,Самосвалы CAT 785C,2,1_2021
2021,1,Полюс Магадан,Самосвалы карьерные,Самосвалы Komatsu 730E-8,17,1_2021
2021,2,Олимпиадинский ГОК,Самосвалы карьерные,Самосвалы CAT 785C,69,2_2021
2021,2,Олимпиадинский ГОК,Самосвалы карьерные,Самосвалы CAT 793D,60,2_2021
2021,2,Полюс Вернинское,Самосвалы карьерные,Самосвалы CAT 785C,2,2_2021
2021,2,Полюс Магадан,Самосвалы карьерные,Самосвалы Komatsu 730E-8,17,2_2021
2021,3,Олимпиадинский ГОК,Самосвалы карьерные,Самосвалы CAT 785C,69,3_2021
2021,3,Олимпиадинский ГОК,Самосвалы карьерные,Самосвалы CAT 793D,60,3_2021
2021,3,Полюс Вернинское,Самосвалы карьерные,Самосвалы CAT 785C,2,3_2021
2021,3,Полюс Магадан,Самосвалы карьерные,Самосвалы Komatsu 730E-8,17,3_2021
2021,4,Олимпиадинский ГОК,Самосвалы карьерные,Самосвалы CAT 785C,69,4_2021
2021,4,Олимпиадинский ГОК,Самосвалы карьерные,Самосвалы CAT 793D,60,4_2021
2021,4,Полюс Вернинское,Самосвалы карьерные,Самосвалы CAT 785C,2,4_2021
2021,4,Полюс Магадан,Самосвалы карьерные,Самосвалы Komatsu 730E-8,17,4_2021
2021,5,Олимпиадинский ГОК,Самосвалы карьерные,Самосвалы CAT 785C,69,5_2021
2021,5,Олимпиадинский ГОК,Самосвалы карьерные,Самосвалы CAT 793D,64,5_2021
2021,5,Полюс Вернинское,Самосвалы карьерные,Самосвалы CAT 785C,2,5_2021
2021,5,Полюс Магадан,Самосвалы карьерные,Самосвалы Komatsu 730E-8,17,5_2021
2021,6,Олимпиадинский ГОК,Самосвалы карьерные,Самосвалы CAT 785C,69,6_2021
2021,6,Олимпиадинский ГОК,Самосвалы карьерные,Самосвалы CAT 793D,64,6_2021
2021,6,Полюс Вернинское,Самосвалы карьерные,Самосвалы CAT 785C,2,6_2021
2021,6,Полюс Магадан,Самосвалы карьерные,Самосвалы Komatsu 730E-8,17,6_2021
2021,7,Олимпиадинский ГОК,Самосвалы карьерные,Самосвалы CAT 785C,70,7_2021
2021,7,Олимпиадинский ГОК,Самосвалы карьерные,Самосвалы CAT 793D,66,7_2021
2021,7,Полюс Вернинское,Самосвалы карьерные,Самосвалы CAT 785C,2,7_2021
2021,7,Полюс Магадан,Самосвалы карьерные,Самосвалы Komatsu 730E-8,17,7_2021
2021,8,Олимпиадинский ГОК,Самосвалы карьерные,Самосвалы CAT 785C,70,8_2021
2021,8,Олимпиадинский ГОК,Самосвалы карьерные,Самосвалы CAT 793D,70,8_2021
2021,8,Полюс Вернинское,Самосвалы карьерные,Самосвалы CAT 785C,2,8_2021
2021,8,Полюс Магадан,Самосвалы карьерные,Самосвалы Komatsu 730E-8,17,8_2021
2021,9,Олимпиадинский ГОК,Самосвалы карьерные,Самосвалы CAT 785C,70,9_2021
2021,9,Олимпиадинский ГОК,Самосвалы карьерные,Самосвалы CAT 793D,74,9_2021
2021,9,Полюс Вернинское,Самосвалы карьерные,Самосвалы CAT 785C,2,9_2021
2021,9,Полюс Магадан,Самосвалы карьерные,Самосвалы Komatsu 730E-8,17,9_2021
2021,10,Олимпиадинский ГОК,Самосвалы карьерные,Самосвалы CAT 785C,70,10_2021
2021,10,Олимпиадинский ГОК,Самосвалы карьерные,Самосвалы CAT 793D,77,10_2021
2021,10,Полюс Вернинское,Самосвалы карьерные,Самосвалы CAT 785C,2,10_2021
2021,10,Полюс Магадан,Самосвалы карьерные,Самосвалы Komatsu 730E-8,17,10_2021
2021,11,Олимпиадинский ГОК,Самосвалы карьерные,Самосвалы CAT 785C,70,11_2021
2021,11,Олимпиадинский ГОК,Самосвалы карьерные,Самосвалы CAT 793D,78,11_2021
2021,11,Полюс Вернинское,Самосвалы карьерные,Самосвалы CAT 785C,2,11_2021
2021,11,Полюс Магадан,Самосвалы карьерные,Самосвалы Komatsu 730E-8,17,11_2021
2021,12,Олимпиадинский ГОК,Самосвалы карьерные,Самосвалы CAT 785C,70,12_2021
2021,12,Олимпиадинский ГОК,Самосвалы карьерные,Самосвалы CAT 793D,79,12_2021
2021,12,Полюс Вернинское,Самосвалы карьерные,Самосвалы CAT 785C,2,12_2021
2021,12,Полюс Магадан,Самосвалы карьерные,Самосвалы Komatsu 730E-8,17,12_2021
2022,1,Олимпиадинский ГОК,Самосвалы карьерные,Самосвалы CAT 785C,70,1_2022
2022,1,Олимпиадинский ГОК,Самосвалы карьерные,Самосвалы CAT 793D,79,1_2022
2022,1,Полюс Вернинское,Самосвалы карьерные,Самосвалы CAT 785C,2,1_2022
2022,1,Полюс Магадан,Самосвалы карьерные,Самосвалы Komatsu 730E-8,17,1_2022
2022,2,Олимпиадинский ГОК,Самосвалы карьерные,Самосвалы CAT 785C,70,2_2022
2022,2,Олимпиадинский ГОК,Самосвалы карьерные,Самосвалы CAT 793D,79,2_2022
2022,2,Полюс Вернинское,Самосвалы карьерные,Самосвалы CAT 785C,2,2_2022
2022,2,Полюс Магадан,Самосвалы карьерные,Самосвалы Komatsu 730E-8,17,2_2022
2022,3,Олимпиадинский ГОК,Самосвалы карьерные,Самосвалы CAT 785C,70,3_2022
2022,3,Олимпиадинский ГОК,Самосвалы карьерные,Самосвалы CAT 793D,79,3_2022
2022,3,Полюс Вернинское,Самосвалы карьерные,Самосвалы CAT 785C,2,3_2022
2022,3,Полюс Магадан,Самосвалы карьерные,Самосвалы Komatsu 730E-8,17,3_2022
2022,4,Олимпиадинский ГОК,Самосвалы карьерные,Самосвалы CAT 785C,70,4_2022
2022,4,Олимпиадинский ГОК,Самосвалы карьерные,Самосвалы CAT 793D,79,4_2022
2022,4,Полюс Вернинское,Самосвалы карьерные,Самосвалы CAT 785C,2,4_2022
2022,4,Полюс Магадан,Самосвалы карьерные,Самосвалы Komatsu 730E-8,17,4_2022
2022,5,Олимпиадинский ГОК,Самосвалы карьерные,Самосвалы CAT 785C,70,5_2022
2022,5,Олимпиадинский ГОК,Самосвалы карьерные,Самосвалы CAT 793D,79,5_2022
2022,5,Полюс Вернинское,Самосвалы карьерные,Самосвалы CAT 785C,2,5_2022
2022,5,Полюс Магадан,Самосвалы карьерные,Самосвалы Komatsu 730E-8,17,5_2022
2022,6,Олимпиадинский ГОК,Самосвалы карьерные,Самосвалы CAT 785C,70,6_2022
2022,6,Олимпиадинский ГОК,Самосвалы карьерные,Самосвалы CAT 793D,79,6_2022
2022,6,Полюс Вернинское,Самосвалы карьерные,Самосвалы CAT 785C,2,6_2022
2022,6,Полюс Магадан,Самосвалы карьерные,Самосвалы Komatsu 730E-8,17,6_2022
2022,7,Олимпиадинский ГОК,Самосвалы карьерные,Самосвалы CAT 785C,70,7_2022
2022,7,Олимпиадинский ГОК,Самосвалы карьерные,Самосвалы CAT 793D,79,7_2022
2022,7,Полюс Вернинское,Самосвалы карьерные,Самосвалы CAT 785C,2,7_2022
2022,7,Полюс Магадан,Самосвалы карьерные,Самосвалы Komatsu 730E-8,17,7_2022
2022,8,Олимпиадинский ГОК,Самосвалы карьерные,Самосвалы CAT 785C,70,8_2022
2022,8,Олимпиадинский ГОК,Самосвалы карьерные,Самосвалы CAT 793D,79,8_2022
2022,8,Полюс Вернинское,Самосвалы карьерные,Самосвалы CAT 785C,2,8_2022
2022,8,Полюс Магадан,Самосвалы карьерные,Самосвалы Komatsu 730E-8,17,8_2022
2022,9,Олимпиадинский ГОК,Самосвалы карьерные,Самосвалы CAT 785C,70,9_2022
2022,9,Олимпиадинский ГОК,Самосвалы карьерные,Самосвалы CAT 793D,79,9_2022
2022,9,Полюс Вернинское,Самосвалы карьерные,Самосвалы CAT 785C,2,9_2022
2022,9,Полюс Магадан,Самосвалы карьерные,Самосвалы Komatsu 730E-8,17,9_2022
2022,10,Олимпиадинский ГОК,Самосвалы карьерные,Самосвалы CAT 785C,70,10_2022
2022,10,Олимпиадинский ГОК,Самосвалы карьерные,Самосвалы CAT 793D,79,10_2022
2022,10,Полюс Вернинское,Самосвалы карьерные,Самосвалы CAT 785C,2,10_2022
2022,10,Полюс Магадан,Самосвалы карьерные,Самосвалы Komatsu 730E-8,17,10_2022
2022,11,Олимпиадинский ГОК,Самосвалы карьерные,Самосвалы CAT 785C,70,11_2022
2022,11,Олимпиадинский ГОК,Самосвалы карьерные,Самосвалы CAT 793D,79,11_2022
2022,11,Полюс Вернинское,Самосвалы карьерные,Самосвалы CAT 785C,2,11_2022
2022,11,Полюс Магадан,Самосвалы карьерные,Самосвалы Komatsu 730E-8,17,11_2022
2022,12,Олимпиадинский ГОК,Самосвалы карьерные,Самосвалы CAT 785C,70,12_2022
2022,12,Олимпиадинский ГОК,Самосвалы карьерные,Самосвалы CAT 793D,79,12_2022
2022,12,Полюс Вернинское,Самосвалы карьерные,Самосвалы CAT 785C,2,12_2022
2022,12,Полюс Магадан,Самосвалы карьерные,Самосвалы Komatsu 730E-8,17,12_2022
2023,1,Олимпиадинский ГОК,Самосвалы карьерные,Самосвалы CAT 785C,70,1_2023
2023,1,Олимпиадинский ГОК,Самосвалы карьерные,Самосвалы CAT 793D,79,1_2023
2023,1,Полюс Вернинское,Самосвалы карьерные,Самосвалы CAT 785C,2,1_2023
2023,1,Полюс Магадан,Самосвалы карьерные,Самосвалы Komatsu 730E-8,17,1_2023
2023,2,Олимпиадинский ГОК,Самосвалы карьерные,Самосвалы CAT 785C,69,2_2023
2023,2,Олимпиадинский ГОК,Самосвалы карьерные,Самосвалы CAT 793D,82,2_2023
2023,2,Полюс Вернинское,Самосвалы карьерные,Самосвалы CAT 785C,2,2_2023
2023,2,Полюс Магадан,Самосвалы карьерные,Самосвалы Komatsu 730E-8,17,2_2023
2023,3,Олимпиадинский ГОК,Самосвалы карьерные,Самосвалы CAT 785C,69,3_2023
2023,3,Олимпиадинский ГОК,Самосвалы карьерные,Самосвалы CAT 793D,82,3_2023
2023,3,Полюс Вернинское,Самосвалы карьерные,Самосвалы CAT 785C,2,3_2023
2023,3,Полюс Магадан,Самосвалы карьерные,Самосвалы Komatsu 730E-8,17,3_2023
2023,4,Олимпиадинский ГОК,Самосвалы карьерные,Самосвалы CAT 785C,69,4_2023
2023,4,Олимпиадинский ГОК,Самосвалы карьерные,Самосвалы CAT 793D,82,4_2023
2023,4,Полюс Вернинское,Самосвалы карьерные,Самосвалы CAT 785C,2,4_2023
2023,4,Полюс Магадан,Самосвалы карьерные,Самосвалы Komatsu 730E-8,17,4_2023
2023,5,Олимпиадинский ГОК,Самосвалы карьерные,Самосвалы CAT 785C,69,5_2023
2023,5,Олимпиадинский ГОК,Самосвалы карьерные,Самосвалы CAT 793D,82,5_2023
2023,5,Полюс Вернинское,Самосвалы карьерные,Самосвалы CAT 785C,2,5_2023
2023,5,Полюс Магадан,Самосвалы карьерные,Самосвалы Komatsu 730E-8,17,5_2023
2023,6,Олимпиадинский ГОК,Самосвалы карьерные,Самосвалы CAT 785C,69,6_2023
2023,6,Олимпиадинский ГОК,Самосвалы карьерные,Самосвалы CAT 793D,82,6_2023
2023,6,Полюс Вернинское,Самосвалы карьерные,Самосвалы CAT 785C,2,6_2023
2023,6,Полюс Магадан,Самосвалы карьерные,Самосвалы Komatsu 730E-8,17,6_2023
2023,7,Олимпиадинский ГОК,Самосвалы карьерные,Самосвалы CAT 785C,40,7_2023
2023,7,Олимпиадинский ГОК,Самосвалы карьерные,Самосвалы CAT 793D,82,7_2023
2023,7,Полюс Вернинское,Самосвалы карьерные,Самосвалы CAT 785C,2,7_2023
2023,7,Полюс Магадан,Самосвалы карьерные,Самосвалы Komatsu 730E-8,17,7_2023
2023,8,Олимпиадинский ГОК,Самосвалы карьерные,Самосвалы CAT 785C,40,8_2023
2023,8,Олимпиадинский ГОК,Самосвалы карьерные,Самосвалы CAT 793D,82,8_2023
2023,8,Полюс Вернинское,Самосвалы карьерные,Самосвалы CAT 785C,2,8_2023
2023,8,Полюс Магадан,Самосвалы карьерные,Самосвалы Komatsu 730E-8,17,8_2023
2023,9,Олимпиадинский ГОК,Самосвалы карьерные,Самосвалы CAT 785C,40,9_2023
2023,9,Олимпиадинский ГОК,Самосвалы карьерные,Самосвалы CAT 793D,82,9_2023
2023,9,Полюс Вернинское,Самосвалы карьерные,Самосвалы CAT 785C,2,9_2023
2023,9,Полюс Магадан,Самосвалы карьерные,Самосвалы Komatsu 730E-8,17,9_2023
2023,10,Олимпиадинский ГОК,Самосвалы карьерные,Самосвалы CAT 785C,40,10_2023
2023,10,Олимпиадинский ГОК,Самосвалы карьерные,Самосвалы CAT 793D,82,10_2023
2023,10,Полюс Вернинское,Самосвалы карьерные,Самосвалы CAT 785C,2,10_2023
2023,10,Полюс Магадан,Самосвалы карьерные,Самосвалы Komatsu 730E-8,17,10_2023
2023,11,Олимпиадинский ГОК,Самосвалы карьерные,Самосвалы CAT 785C,40,11_2023
2023,11,Олимпиадинский ГОК,Самосвалы карьерные,Самосвалы CAT 793D,82,11_2023
2023,11,Полюс Вернинское,Самосвалы карьерные,Самосвалы CAT 785C,2,11_2023
2023,11,Полюс Магадан,Самосвалы карьерные,Самосвалы Komatsu 730E-8,17,11_2023
2023,12,Олимпиадинский ГОК,Самосвалы карьерные,Самосвалы CAT 785C,40,12_2023
2023,12,Олимпиадинский ГОК,Самосвалы карьерные,Самосвалы CAT 793D,82,12_2023
2023,12,Полюс Вернинское,Самосвалы карьерные,Самосвалы CAT 785C,2,12_2023
2023,12,Полюс Магадан,Самосвалы карьерные,Самосвалы Komatsu 730E-8,17,12_2023
2024,1,Олимпиадинский ГОК,Самосвалы карьерные,Самосвалы CAT 785C,40,1_2024
2024,1,Олимпиадинский ГОК,Самосвалы карьерные,Самосвалы CAT 793D,82,1_2024
2024,1,Полюс Вернинское,Самосвалы карьерные,Самосвалы CAT 785C,2,1_2024
2024,1,Полюс Магадан,Самосвалы карьерные,Самосвалы Komatsu 730E-8,17,1_2024
2024,2,Олимпиадинский ГОК,Самосвалы карьерные,Самосвалы CAT 785C,40,2_2024
2024,2,Олимпиадинский ГОК,Самосвалы карьерные,Самосвалы CAT 793D,82,2_2024
2024,2,Полюс Вернинское,Самосвалы карьерные,Самосвалы CAT 785C,2,2_2024
2024,2,Полюс Магадан,Самосвалы карьерные,Самосвалы Komatsu 730E-8,17,2_2024
2024,3,Олимпиадинский ГОК,Самосвалы карьерные,Самосвалы CAT 785C,40,3_2024
2024,3,Олимпиадинский ГОК,Самосвалы карьерные,Самосвалы CAT 793D,82,3_2024
2024,3,Полюс Вернинское,Самосвалы карьерные,Самосвалы CAT 785C,2,3_2024
2024,3,Полюс Магадан,Самосвалы карьерные,Самосвалы Komatsu 730E-8,17,3_2024
2024,4,Олимпиадинский ГОК,Самосвалы карьерные,Самосвалы CAT 785C,40,4_2024
2024,4,Олимпиадинский ГОК,Самосвалы карьерные,Самосвалы CAT 793D,82,4_2024
2024,4,Полюс Вернинское,Самосвалы карьерные,Самосвалы CAT 785C,2,4_2024
2024,4,Полюс Магадан,Самосвалы карьерные,Самосвалы Komatsu 730E-8,17,4_2024
2024,5,Олимпиадинский ГОК,Самосвалы карьерные,Самосвалы CAT 785C,40,5_2024
2024,5,Олимпиадинский ГОК,Самосвалы карьерные,Самосвалы CAT 793D,82,5_2024
2024,5,Полюс Вернинское,Самосвалы карьерные,Самосвалы CAT 785C,2,5_2024
2024,5,Полюс Магадан,Самосвалы карьерные,Самосвалы Komatsu 730E-8,17,5_2024
2024,6,Олимпиадинский ГОК,Самосвалы карьерные,Самосвалы CAT 785C,40,6_2024
2024,6,Олимпиадинский ГОК,Самосвалы карьерные,Самосвалы CAT 793D,82,6_2024
2024,6,Полюс Вернинское,Самосвалы карьерные,Самосвалы CAT 785C,2,6_2024
2024,6,Полюс Магадан,Самосвалы карьерные,Самосвалы Komatsu 730E-8,17,6_2024
2024,7,Олимпиадинский ГОК,Самосвалы карьерные,Самосвалы CAT 785C,34,7_2024
2024,7,Олимпиадинский ГОК,Самосвалы карьерные,Самосвалы CAT 793D,82,7_2024
2024,7,Полюс Вернинское,Самосвалы карьерные,Самосвалы CAT 785C,2,7_2024
2024,7,Полюс Магадан,Самосвалы карьерные,Самосвалы Komatsu 730E-8,17,7_2024
2024,8,Олимпиадинский ГОК,Самосвалы карьерные,Самосвалы CAT 785C,34,8_2024
2024,8,Олимпиадинский ГОК,Самосвалы карьерные,Самосвалы CAT 793D,82,8_2024
2024,8,Полюс Вернинское,Самосвалы карьерные,Самосвалы CAT 785C,2,8_2024
2024,8,Полюс Магадан,Самосвалы карьерные,Самосвалы Komatsu 730E-8,17,8_2024
2024,9,Олимпиадинский ГОК,Самосвалы карьерные,Самосвалы CAT 785C,34,9_2024
2024,9,Олимпиадинский ГОК,Самосвалы карьерные,Самосвалы CAT 793D,82,9_2024
2024,9,Полюс Вернинское,Самосвалы карьерные,Самосвалы CAT 785C,2,9_2024
2024,9,Полюс Магадан,Самосвалы карьерные,Самосвалы Komatsu 730E-8,17,9_2024
2024,9,Сухой Лог,Самосвалы карьерные,Самосвалы Komatsu 730E-8,14,9_2024
2024,10,Олимпиадинский ГОК,Самосвалы карьерные,Самосвалы CAT 785C,34,10_2024
2024,10,Олимпиадинский ГОК,Самосвалы карьерные,Самосвалы CAT 793D,82,10_2024
2024,10,Полюс Вернинское,Самосвалы карьерные,Самосвалы CAT 785C,2,10_2024
2024,10,Полюс Магадан,Самосвалы карьерные,Самосвалы Komatsu 730E-8,17,10_2024
2024,10,Сухой Лог,Самосвалы карьерные,Самосвалы Komatsu 730E-8,14,10_2024
2024,11,Олимпиадинский ГОК,Самосвалы карьерные,Самосвалы CAT 785C,34,11_2024
2024,11,Олимпиадинский ГОК,Самосвалы карьерные,Самосвалы CAT 793D,82,11_2024
2024,11,Полюс Вернинское,Самосвалы карьерные,Самосвалы CAT 785C,2,11_2024
2024,11,Полюс Магадан,Самосвалы карьерные,Самосвалы Komatsu 730E-8,17,11_2024
2024,11,Сухой Лог,Самосвалы карьерные,Самосвалы Komatsu 730E-8,14,11_2024
2024,12,Олимпиадинский ГОК,Самосвалы карьерные,Самосвалы CAT 785C,34,12_2024
2024,12,Олимпиадинский ГОК,Самосвалы карьерные,Самосвалы CAT 793D,82,12_2024
2024,12,Полюс Вернинское,Самосвалы карьерные,Самосвалы CAT 785C,2,12_2024
2024,12,Полюс Магадан,Самосвалы карьерные,Самосвалы Komatsu 730E-8,17,12_2024
2024,12,Сухой Лог,Самосвалы карьерные,Самосвалы Komatsu 730E-8,14,12_2024
2025,1,Олимпиадинский ГОК,Самосвалы карьерные,Самосвалы CAT 785C,34,1_2025
2025,1,Олимпиадинский ГОК,Самосвалы карьерные,Самосвалы CAT 793D,82,1_2025
2025,1,Полюс Вернинское,Самосвалы карьерные,Самосвалы CAT 785C,2,1_2025
2025,1,Полюс Магадан,Самосвалы карьерные,Самосвалы Komatsu 730E-8,17,1_2025
2025,1,Сухой Лог,Самосвалы карьерные,Самосвалы Komatsu 730E-8,29,1_2025
2025,2,Олимпиадинский ГОК,Самосвалы карьерные,Самосвалы CAT 785C,34,2_2025
2025,2,Олимпиадинский ГОК,Самосвалы карьерные,Самосвалы CAT 793D,82,2_2025
2025,2,Полюс Вернинское,Самосвалы карьерные,Самосвалы CAT 785C,2,2_2025
2025,2,Полюс Магадан,Самосвалы карьерные,Самосвалы Komatsu 730E-8,17,2_2025
2025,2,Сухой Лог,Самосвалы карьерные,Самосвалы Komatsu 730E-8,29,2_2025
2025,3,Олимпиадинский ГОК,Самосвалы карьерные,Самосвалы CAT 785C,34,3_2025
2025,3,Олимпиадинский ГОК,Самосвалы карьерные,Самосвалы CAT 793D,82,3_2025
2025,3,Полюс Вернинское,Самосвалы карьерные,Самосвалы CAT 785C,2,3_2025
2025,3,Полюс Магадан,Самосвалы карьерные,Самосвалы Komatsu 730E-8,17,3_2025
2025,3,Сухой Лог,Самосвалы карьерные,Самосвалы Komatsu 730E-8,29,3_2025
2025,4,Олимпиадинский ГОК,Самосвалы карьерные,Самосвалы CAT 785C,34,4_2025
2025,4,Олимпиадинский ГОК,Самосвалы карьерные,Самосвалы CAT 793D,82,4_2025
2025,4,Полюс Вернинское,Самосвалы карьерные,Самосвалы CAT 785C,2,4_2025
2025,4,Полюс Магадан,Самосвалы карьерные,Самосвалы Komatsu 730E-8,17,4_2025
2025,4,Сухой Лог,Самосвалы карьерные,Самосвалы Komatsu 730E-8,29,4_2025
2025,5,Олимпиадинский ГОК,Самосвалы карьерные,Самосвалы CAT 785C,34,5_2025
2025,5,Олимпиадинский ГОК,Самосвалы карьерные,Самосвалы CAT 793D,82,5_2025
2025,5,Полюс Вернинское,Самосвалы карьерные,Самосвалы CAT 785C,2,5_2025
2025,5,Полюс Магадан,Самосвалы карьерные,Самосвалы Komatsu 730E-8,17,5_2025
2025,5,Сухой Лог,Самосвалы карьерные,Самосвалы Komatsu 730E-8,29,5_2025
2025,6,Олимпиадинский ГОК,Самосвалы карьерные,Самосвалы CAT 785C,34,6_2025
2025,6,Олимпиадинский ГОК,Самосвалы карьерные,Самосвалы CAT 793D,82,6_2025
2025,6,Полюс Вернинское,Самосвалы карьерные,Самосвалы CAT 785C,2,6_2025
2025,6,Полюс Магадан,Самосвалы карьерные,Самосвалы Komatsu 730E-8,17,6_2025
2025,6,Сухой Лог,Самосвалы карьерные,Самосвалы Komatsu 730E-8,29,6_2025
2025,7,Олимпиадинский ГОК,Самосвалы карьерные,Самосвалы CAT 785C,5,7_2025
2025,7,Олимпиадинский ГОК,Самосвалы карьерные,Самосвалы CAT 793D,82,7_2025
2025,7,Полюс Вернинское,Самосвалы карьерные,Самосвалы CAT 785C,2,7_2025
2025,7,Полюс Магадан,Самосвалы карьерные,Самосвалы Komatsu 730E-8,17,7_2025
2025,7,Сухой Лог,Самосвалы карьерные,Самосвалы Komatsu 730E-8,44,7_2025
2025,8,Олимпиадинский ГОК,Самосвалы карьерные,Самосвалы CAT 785C,5,8_2025
2025,8,Олимпиадинский ГОК,Самосвалы карьерные,Самосвалы CAT 793D,82,8_2025
2025,8,Полюс Вернинское,Самосвалы карьерные,Самосвалы CAT 785C,2,8_2025
2025,8,Полюс Магадан,Самосвалы карьерные,Самосвалы Komatsu 730E-8,17,8_2025
2025,8,Сухой Лог,Самосвалы карьерные,Самосвалы Komatsu 730E-8,44,8_2025
2025,9,Олимпиадинский ГОК,Самосвалы карьерные,Самосвалы CAT 785C,5,9_2025
2025,9,Олимпиадинский ГОК,Самосвалы карьерные,Самосвалы CAT 793D,82,9_2025
2025,9,Полюс Вернинское,Самосвалы карьерные,Самосвалы CAT 785C,2,9_2025
2025,9,Полюс Магадан,Самосвалы карьерные,Самосвалы Komatsu 730E-8,17,9_2025
2025,9,Сухой Лог,Самосвалы карьерные,Самосвалы Komatsu 730E-8,44,9_2025
2025,10,Олимпиадинский ГОК,Самосвалы карьерные,Самосвалы CAT 785C,5,10_2025
2025,10,Олимпиадинский ГОК,Самосвалы карьерные,Самосвалы CAT 793D,82,10_2025
2025,10,Полюс Вернинское,Самосвалы карьерные,Самосвалы CAT 785C,2,10_2025
2025,10,Полюс Магадан,Самосвалы карьерные,Самосвалы Komatsu 730E-8,17,10_2025
2025,10,Сухой Лог,Самосвалы карьерные,Самосвалы Komatsu 730E-8,44,10_2025
2025,11,Олимпиадинский ГОК,Самосвалы карьерные,Самосвалы CAT 785C,5,11_2025
2025,11,Олимпиадинский ГОК,Самосвалы карьерные,Самосвалы CAT 793D,82,11_2025
2025,11,Полюс Вернинское,Самосвалы карьерные,Самосвалы CAT 785C,2,11_2025
2025,11,Полюс Магадан,Самосвалы карьерные,Самосвалы Komatsu 730E-8,17,11_2025
2025,11,Сухой Лог,Самосвалы карьерные,Самосвалы Komatsu 730E-8,44,11_2025
2025,12,Олимпиадинский ГОК,Самосвалы карьерные,Самосвалы CAT 785C,5,12_2025
2025,12,Олимпиадинский ГОК,Самосвалы карьерные,Самосвалы CAT 793D,82,12_2025
2025,12,Полюс Вернинское,Самосвалы карьерные,Самосвалы CAT 785C,2,12_2025
2025,12,Полюс Магадан,Самосвалы карьерные,Самосвалы Komatsu 730E-8,17,12_2025
2025,12,Сухой Лог,Самосвалы карьерные,Самосвалы Komatsu 730E-8,44,12_2025
2026,1,Олимпиадинский ГОК,Самосвалы карьерные,Самосвалы CAT 785C,5,1_2026
2026,1,Олимпиадинский ГОК,Самосвалы карьерные,Самосвалы CAT 793D,82,1_2026
2026,1,Полюс Вернинское,Самосвалы карьерные,Самосвалы CAT 785C,2,1_2026
2026,1,Полюс Магадан,Самосвалы карьерные,Самосвалы Komatsu 730E-8,17,1_2026
2026,1,Сухой Лог,Самосвалы карьерные,Самосвалы Komatsu 730E-8,53,1_2026
2026,2,Олимпиадинский ГОК,Самосвалы карьерные,Самосвалы CAT 785C,5,2_2026
2026,2,Олимпиадинский ГОК,Самосвалы карьерные,Самосвалы CAT 793D,82,2_2026
2026,2,Полюс Вернинское,Самосвалы карьерные,Самосвалы CAT 785C,2,2_2026
2026,2,Полюс Магадан,Самосвалы карьерные,Самосвалы Komatsu 730E-8,17,2_2026
2026,2,Сухой Лог,Самосвалы карьерные,Самосвалы Komatsu 730E-8,53,2_2026
2026,3,Олимпиадинский ГОК,Самосвалы карьерные,Самосвалы CAT 785C,5,3_2026
2026,3,Олимпиадинский ГОК,Самосвалы карьерные,Самосвалы CAT 793D,82,3_2026
2026,3,Полюс Вернинское,Самосвалы карьерные,Самосвалы CAT 785C,2,3_2026
2026,3,Полюс Магадан,Самосвалы карьерные,Самосвалы Komatsu 730E-8,17,3_2026
2026,3,Сухой Лог,Самосвалы карьерные,Самосвалы Komatsu 730E-8,53,3_2026
2026,4,Олимпиадинский ГОК,Самосвалы карьерные,Самосвалы CAT 785C,5,4_2026
2026,4,Олимпиадинский ГОК,Самосвалы карьерные,Самосвалы CAT 793D,82,4_2026
2026,4,Полюс Вернинское,Самосвалы карьерные,Самосвалы CAT 785C,2,4_2026
2026,4,Полюс Магадан,Самосвалы карьерные,Самосвалы Komatsu 730E-8,17,4_2026
2026,4,Сухой Лог,Самосвалы карьерные,Самосвалы Komatsu 730E-8,53,4_2026
2026,5,Олимпиадинский ГОК,Самосвалы карьерные,Самосвалы CAT 785C,5,5_2026
2026,5,Олимпиадинский ГОК,Самосвалы карьерные,Самосвалы CAT 793D,82,5_2026
2026,5,Полюс Вернинское,Самосвалы карьерные,Самосвалы CAT 785C,2,5_2026
2026,5,Полюс Магадан,Самосвалы карьерные,Самосвалы Komatsu 730E-8,17,5_2026
2026,5,Сухой Лог,Самосвалы карьерные,Самосвалы Komatsu 730E-8,53,5_2026
2026,6,Олимпиадинский ГОК,Самосвалы карьерные,Самосвалы CAT 785C,5,6_2026
2026,6,Олимпиадинский ГОК,Самосвалы карьерные,Самосвалы CAT 793D,82,6_2026
2026,6,Полюс Вернинское,Самосвалы карьерные,Самосвалы CAT 785C,2,6_2026
2026,6,Полюс Магадан,Самосвалы карьерные,Самосвалы Komatsu 730E-8,17,6_2026
2026,6,Сухой Лог,Самосвалы карьерные,Самосвалы Komatsu 730E-8,53,6_2026
2026,7,Олимпиадинский ГОК,Самосвалы карьерные,Самосвалы CAT 785C,5,7_2026
2026,7,Олимпиадинский ГОК,Самосвалы карьерные,Самосвалы CAT 793D,82,7_2026
2026,7,Полюс Вернинское,Самосвалы карьерные,Самосвалы CAT 785C,2,7_2026
2026,7,Полюс Магадан,Самосвалы карьерные,Самосвалы Komatsu 730E-8,17,7_2026
2026,7,Сухой Лог,Самосвалы карьерные,Самосвалы Komatsu 730E-8,53,7_2026
2026,8,Олимпиадинский ГОК,Самосвалы карьерные,Самосвалы CAT 785C,5,8_2026
2026,8,Олимпиадинский ГОК,Самосвалы карьерные,Самосвалы CAT 793D,82,8_2026
2026,8,Полюс Вернинское,Самосвалы карьерные,Самосвалы CAT 785C,2,8_2026
2026,8,Полюс Магадан,Самосвалы карьерные,Самосвалы Komatsu 730E-8,17,8_2026
2026,8,Сухой Лог,Самосвалы карьерные,Самосвалы Komatsu 730E-8,53,8_2026
2026,9,Олимпиадинский ГОК,Самосвалы карьерные,Самосвалы CAT 785C,5,9_2026
2026,9,Олимпиадинский ГОК,Самосвалы карьерные,Самосвалы CAT 793D,82,9_2026
2026,9,Полюс Вернинское,Самосвалы карьерные,Самосвалы CAT 785C,2,9_2026
2026,9,Полюс Магадан,Самосвалы карьерные,Самосвалы Komatsu 730E-8,17,9_2026
2026,9,Сухой Лог,Самосвалы карьерные,Самосвалы Komatsu 730E-8,53,9_2026
2026,10,Олимпиадинский ГОК,Самосвалы карьерные,Самосвалы CAT 785C,5,10_2026
2026,10,Олимпиадинский ГОК,Самосвалы карьерные,Самосвалы CAT 793D,82,10_2026
2026,10,Полюс Вернинское,Самосвалы карьерные,Самосвалы CAT 785C,2,10_2026
2026,10,Полюс Магадан,Самосвалы карьерные,Самосвалы Komatsu 730E-8,17,10_2026
2026,10,Сухой Лог,Самосвалы карьерные,Самосвалы Komatsu 730E-8,53,10_2026
2026,11,Олимпиадинский ГОК,Самосвалы карьерные,Самосвалы CAT 785C,5,11_2026
2026,11,Олимпиадинский ГОК,Самосвалы карьерные,Самосвалы CAT 793D,82,11_2026
2026,11,Полюс Вернинское,Самосвалы карьерные,Самосвалы CAT 785C,2,11_2026
2026,11,Полюс Магадан,Самосвалы карьерные,Самосвалы Komatsu 730E-8,17,11_2026
2026,11,Сухой Лог,Самосвалы карьерные,Самосвалы Komatsu 730E-8,53,11_2026
2026,12,Олимпиадинский ГОК,Самосвалы карьерные,Самосвалы CAT 785C,5,12_2026
2026,12,Олимпиадинский ГОК,Самосвалы карьерные,Самосвалы CAT 793D,82,12_2026
2026,12,Полюс Вернинское,Самосвалы карьерные,Самосвалы CAT 785C,2,12_2026
2026,12,Полюс Магадан,Самосвалы карьерные,Самосвалы Komatsu 730E-8,17,12_2026
2026,12,Сухой Лог,Самосвалы карьерные,Самосвалы Komatsu 730E-8,53,12_2026
2027,1,Олимпиадинский ГОК,Самосвалы карьерные,Самосвалы CAT 785C,5,1_2027
2027,1,Олимпиадинский ГОК,Самосвалы карьерные,Самосвалы CAT 793D,82,1_2027
2027,1,Полюс Вернинское,Самосвалы карьерные,Самосвалы CAT 785C,2,1_2027
2027,1,Полюс Магадан,Самосвалы карьерные,Самосвалы Komatsu 730E-8,17,1_2027
2027,1,Сухой Лог,Самосвалы карьерные,Самосвалы Komatsu 730E-8,60,1_2027
2027,2,Олимпиадинский ГОК,Самосвалы карьерные,Самосвалы CAT 785C,5,2_2027
2027,2,Олимпиадинский ГОК,Самосвалы карьерные,Самосвалы CAT 793D,82,2_2027
2027,2,Полюс Вернинское,Самосвалы карьерные,Самосвалы CAT 785C,2,2_2027
2027,2,Полюс Магадан,Самосвалы карьерные,Самосвалы Komatsu 730E-8,17,2_2027
2027,2,Сухой Лог,Самосвалы карьерные,Самосвалы Komatsu 730E-8,60,2_2027
2027,3,Олимпиадинский ГОК,Самосвалы карьерные,Самосвалы CAT 785C,5,3_2027
2027,3,Олимпиадинский ГОК,Самосвалы карьерные,Самосвалы CAT 793D,82,3_2027
2027,3,Полюс Вернинское,Самосвалы карьерные,Самосвалы CAT 785C,2,3_2027
2027,3,Полюс Магадан,Самосвалы карьерные,Самосвалы Komatsu 730E-8,17,3_2027
2027,3,Сухой Лог,Самосвалы карьерные,Самосвалы Komatsu 730E-8,60,3_2027
2027,4,Олимпиадинский ГОК,Самосвалы карьерные,Самосвалы CAT 785C,5,4_2027
2027,4,Олимпиадинский ГОК,Самосвалы карьерные,Самосвалы CAT 793D,82,4_2027
2027,4,Полюс Вернинское,Самосвалы карьерные,Самосвалы CAT 785C,2,4_2027
2027,4,Полюс Магадан,Самосвалы карьерные,Самосвалы Komatsu 730E-8,17,4_2027
2027,4,Сухой Лог,Самосвалы карьерные,Самосвалы Komatsu 730E-8,60,4_2027
2027,5,Олимпиадинский ГОК,Самосвалы карьерные,Самосвалы CAT 785C,5,5_2027
2027,5,Олимпиадинский ГОК,Самосвалы карьерные,Самосвалы CAT 793D,82,5_2027
2027,5,Полюс Вернинское,Самосвалы карьерные,Самосвалы CAT 785C,2,5_2027
2027,5,Полюс Магадан,Самосвалы карьерные,Самосвалы Komatsu 730E-8,17,5_2027
2027,5,Сухой Лог,Самосвалы карьерные,Самосвалы Komatsu 730E-8,60,5_2027
2027,6,Олимпиадинский ГОК,Самосвалы карьерные,Самосвалы CAT 785C,5,6_2027
2027,6,Олимпиадинский ГОК,Самосвалы карьерные,Самосвалы CAT 793D,82,6_2027
2027,6,Полюс Вернинское,Самосвалы карьерные,Самосвалы CAT 785C,2,6_2027
2027,6,Полюс Магадан,Самосвалы карьерные,Самосвалы Komatsu 730E-8,17,6_2027
2027,6,Сухой Лог,Самосвалы карьерные,Самосвалы Komatsu 730E-8,60,6_2027
2027,7,Олимпиадинский ГОК,Самосвалы карьерные,Самосвалы CAT 785C,5,7_2027
2027,7,Олимпиадинский ГОК,Самосвалы карьерные,Самосвалы CAT 793D,82,7_2027
2027,7,Полюс Вернинское,Самосвалы карьерные,Самосвалы CAT 785C,2,7_2027
2027,7,Полюс Магадан,Самосвалы карьерные,Самосвалы Komatsu 730E-8,17,7_2027
2027,7,Сухой Лог,Самосвалы карьерные,Самосвалы Komatsu 730E-8,60,7_2027
2027,8,Олимпиадинский ГОК,Самосвалы карьерные,Самосвалы CAT 785C,5,8_2027
2027,8,Олимпиадинский ГОК,Самосвалы карьерные,Самосвалы CAT 793D,82,8_2027
2027,8,Полюс Вернинское,Самосвалы карьерные,Самосвалы CAT 785C,2,8_2027
2027,8,Полюс Магадан,Самосвалы карьерные,Самосвалы Komatsu 730E-8,17,8_2027
2027,8,Сухой Лог,Самосвалы карьерные,Самосвалы Komatsu 730E-8,60,8_2027
2027,9,Олимпиадинский ГОК,Самосвалы карьерные,Самосвалы CAT 785C,5,9_2027
2027,9,Олимпиадинский ГОК,Самосвалы карьерные,Самосвалы CAT 793D,82,9_2027
2027,9,Полюс Вернинское,Самосвалы карьерные,Самосвалы CAT 785C,2,9_2027
2027,9,Полюс Магадан,Самосвалы карьерные,Самосвалы Komatsu 730E-8,17,9_2027
2027,9,Сухой Лог,Самосвалы карьерные,Самосвалы Komatsu 730E-8,60,9_2027
2027,10,Олимпиадинский ГОК,Самосвалы карьерные,Самосвалы CAT 785C,5,10_2027
2027,10,Олимпиадинский ГОК,Самосвалы карьерные,Самосвалы CAT 793D,82,10_2027
2027,10,Полюс Вернинское,Самосвалы карьерные,Самосвалы CAT 785C,2,10_2027
2027,10,Полюс Магадан,Самосвалы карьерные,Самосвалы Komatsu 730E-8,17,10_2027
2027,10,Сухой Лог,Самосвалы карьерные,Самосвалы Komatsu 730E-8,60,10_2027
2027,11,Олимпиадинский ГОК,Самосвалы карьерные,Самосвалы CAT 785C,5,11_2027
2027,11,Олимпиадинский ГОК,Самосвалы карьерные,Самосвалы CAT 793D,82,11_2027
2027,11,Полюс Вернинское,Самосвалы карьерные,Самосвалы CAT 785C,2,11_2027
2027,11,Полюс Магадан,Самосвалы карьерные,Самосвалы Komatsu 730E-8,17,11_2027
2027,11,Сухой Лог,Самосвалы карьерные,Самосвалы Komatsu 730E-8,60,11_2027
2027,12,Олимпиадинский ГОК,Самосвалы карьерные,Самосвалы CAT 785C,5,12_2027
2027,12,Олимпиадинский ГОК,Самосвалы карьерные,Самосвалы CAT 793D,82,12_2027
2027,12,Полюс Вернинское,Самосвалы карьерные,Самосвалы CAT 785C,2,12_2027
2027,12,Полюс Магадан,Самосвалы карьерные,Самосвалы Komatsu 730E-8,17,12_2027
2027,12,Сухой Лог,Самосвалы карьерные,Самосвалы Komatsu 730E-8,60,12_2027
2028,1,Олимпиадинский ГОК,Самосвалы карьерные,Самосвалы CAT 785C,5,1_2028
2028,1,Олимпиадинский ГОК,Самосвалы карьерные,Самосвалы CAT 793D,82,1_2028
2028,1,Полюс Вернинское,Самосвалы карьерные,Самосвалы CAT 785C,2,1_2028
2028,1,Полюс Магадан,Самосвалы карьерные,Самосвалы Komatsu 730E-8,17,1_2028
2028,1,Сухой Лог,Самосвалы карьерные,Самосвалы Komatsu 730E-8,60,1_2028
2028,2,Олимпиадинский ГОК,Самосвалы карьерные,Самосвалы CAT 785C,5,2_2028
2028,2,Олимпиадинский ГОК,Самосвалы карьерные,Самосвалы CAT 793D,82,2_2028
2028,2,Полюс Вернинское,Самосвалы карьерные,Самосвалы CAT 785C,2,2_2028
2028,2,Полюс Магадан,Самосвалы карьерные,Самосвалы Komatsu 730E-8,17,2_2028
2028,2,Сухой Лог,Самосвалы карьерные,Самосвалы Komatsu 730E-8,60,2_2028
2028,3,Олимпиадинский ГОК,Самосвалы карьерные,Самосвалы CAT 785C,5,3_2028
2028,3,Олимпиадинский ГОК,Самосвалы карьерные,Самосвалы CAT 793D,82,3_2028
2028,3,Полюс Вернинское,Самосвалы карьерные,Самосвалы CAT 785C,2,3_2028
2028,3,Полюс Магадан,Самосвалы карьерные,Самосвалы Komatsu 730E-8,17,3_2028
2028,3,Сухой Лог,Самосвалы карьерные,Самосвалы Komatsu 730E-8,60,3_2028
2028,4,Олимпиадинский ГОК,Самосвалы карьерные,Самосвалы CAT 785C,5,4_2028
2028,4,Олимпиадинский ГОК,Самосвалы карьерные,Самосвалы CAT 793D,82,4_2028
2028,4,Полюс Вернинское,Самосвалы карьерные,Самосвалы CAT 785C,2,4_2028
2028,4,Полюс Магадан,Самосвалы карьерные,Самосвалы Komatsu 730E-8,17,4_2028
2028,4,Сухой Лог,Самосвалы карьерные,Самосвалы Komatsu 730E-8,60,4_2028
2028,5,Олимпиадинский ГОК,Самосвалы карьерные,Самосвалы CAT 785C,5,5_2028
2028,5,Олимпиадинский ГОК,Самосвалы карьерные,Самосвалы CAT 793D,82,5_2028
2028,5,Полюс Вернинское,Самосвалы карьерные,Самосвалы CAT 785C,2,5_2028
2028,5,Полюс Магадан,Самосвалы карьерные,Самосвалы Komatsu 730E-8,17,5_2028
2028,5,Сухой Лог,Самосвалы карьерные,Самосвалы Komatsu 730E-8,60,5_2028
2028,6,Олимпиадинский ГОК,Самосвалы карьерные,Самосвалы CAT 785C,5,6_2028
2028,6,Олимпиадинский ГОК,Самосвалы карьерные,Самосвалы CAT 793D,82,6_2028
2028,6,Полюс Вернинское,Самосвалы карьерные,Самосвалы CAT 785C,2,6_2028
2028,6,Полюс Магадан,Самосвалы карьерные,Самосвалы Komatsu 730E-8,17,6_2028
2028,6,Сухой Лог,Самосвалы карьерные,Самосвалы Komatsu 730E-8,60,6_2028
2028,7,Олимпиадинский ГОК,Самосвалы карьерные,Самосвалы CAT 785C,5,7_2028
2028,7,Олимпиадинский ГОК,Самосвалы карьерные,Самосвалы CAT 793D,82,7_2028
2028,7,Полюс Вернинское,Самосвалы карьерные,Самосвалы CAT 785C,2,7_2028
2028,7,Полюс Магадан,Самосвалы карьерные,Самосвалы Komatsu 730E-8,17,7_2028
2028,7,Сухой Лог,Самосвалы карьерные,Самосвалы Komatsu 730E-8,60,7_2028
2028,8,Олимпиадинский ГОК,Самосвалы карьерные,Самосвалы CAT 785C,5,8_2028
2028,8,Олимпиадинский ГОК,Самосвалы карьерные,Самосвалы CAT 793D,82,8_2028
2028,8,Полюс Вернинское,Самосвалы карьерные,Самосвалы CAT 785C,2,8_2028
2028,8,Полюс Магадан,Самосвалы карьерные,Самосвалы Komatsu 730E-8,17,8_2028
2028,8,Сухой Лог,Самосвалы карьерные,Самосвалы Komatsu 730E-8,60,8_2028
2028,9,Олимпиадинский ГОК,Самосвалы карьерные,Самосвалы CAT 785C,5,9_2028
2028,9,Олимпиадинский ГОК,Самосвалы карьерные,Самосвалы CAT 793D,82,9_2028
2028,9,Полюс Вернинское,Самосвалы карьерные,Самосвалы CAT 785C,2,9_2028
2028,9,Полюс Магадан,Самосвалы карьерные,Самосвалы Komatsu 730E-8,17,9_2028
2028,9,Сухой Лог,Самосвалы карьерные,Самосвалы Komatsu 730E-8,60,9_2028
2028,10,Олимпиадинский ГОК,Самосвалы карьерные,Самосвалы CAT 785C,5,10_2028
2028,10,Олимпиадинский ГОК,Самосвалы карьерные,Самосвалы CAT 793D,82,10_2028
2028,10,Полюс Вернинское,Самосвалы карьерные,Самосвалы CAT 785C,2,10_2028
2028,10,Полюс Магадан,Самосвалы карьерные,Самосвалы Komatsu 730E-8,17,10_2028
2028,10,Сухой Лог,Самосвалы карьерные,Самосвалы Komatsu 730E-8,60,10_2028
2028,11,Олимпиадинский ГОК,Самосвалы карьерные,Самосвалы CAT 785C,5,11_2028
2028,11,Олимпиадинский ГОК,Самосвалы карьерные,Самосвалы CAT 793D,82,11_2028
2028,11,Полюс Вернинское,Самосвалы карьерные,Самосвалы CAT 785C,2,11_2028
2028,11,Полюс Магадан,Самосвалы карьерные,Самосвалы Komatsu 730E-8,17,11_2028
2028,11,Сухой Лог,Самосвалы карьерные,Самосвалы Komatsu 730E-8,60,11_2028
2028,12,Олимпиадинский ГОК,Самосвалы карьерные,Самосвалы CAT 785C,5,12_2028
2028,12,Олимпиадинский ГОК,Самосвалы карьерные,Самосвалы CAT 793D,82,12_2028
2028,12,Полюс Вернинское,Самосвалы карьерные,Самосвалы CAT 785C,2,12_2028
2028,12,Полюс Магадан,Самосвалы карьерные,Самосвалы Komatsu 730E-8,17,12_2028
2028,12,Сухой Лог,Самосвалы карьерные,Самосвалы Komatsu 730E-8,60,12_2028
2029,1,Олимпиадинский ГОК,Самосвалы карьерные,Самосвалы CAT 785C,5,1_2029
2029,1,Олимпиадинский ГОК,Самосвалы карьерные,Самосвалы CAT 793D,82,1_2029
2029,1,Полюс Вернинское,Самосвалы карьерные,Самосвалы CAT 785C,2,1_2029
2029,1,Полюс Магадан,Самосвалы карьерные,Самосвалы Komatsu 730E-8,17,1_2029
2029,1,Сухой Лог,Самосвалы карьерные,Самосвалы Komatsu 730E-8,60,1_2029
2029,2,Олимпиадинский ГОК,Самосвалы карьерные,Самосвалы CAT 785C,5,2_2029
2029,2,Олимпиадинский ГОК,Самосвалы карьерные,Самосвалы CAT 793D,82,2_2029
2029,2,Полюс Вернинское,Самосвалы карьерные,Самосвалы CAT 785C,2,2_2029
2029,2,Полюс Магадан,Самосвалы карьерные,Самосвалы Komatsu 730E-8,17,2_2029
2029,2,Сухой Лог,Самосвалы карьерные,Самосвалы Komatsu 730E-8,60,2_2029
2029,3,Олимпиадинский ГОК,Самосвалы карьерные,Самосвалы CAT 785C,5,3_2029
2029,3,Олимпиадинский ГОК,Самосвалы карьерные,Самосвалы CAT 793D,82,3_2029
2029,3,Полюс Вернинское,Самосвалы карьерные,Самосвалы CAT 785C,2,3_2029
2029,3,Полюс Магадан,Самосвалы карьерные,Самосвалы Komatsu 730E-8,17,3_2029
2029,3,Сухой Лог,Самосвалы карьерные,Самосвалы Komatsu 730E-8,60,3_2029
2029,4,Олимпиадинский ГОК,Самосвалы карьерные,Самосвалы CAT 785C,5,4_2029
2029,4,Олимпиадинский ГОК,Самосвалы карьерные,Самосвалы CAT 793D,82,4_2029
2029,4,Полюс Вернинское,Самосвалы карьерные,Самосвалы CAT 785C,2,4_2029
2029,4,Полюс Магадан,Самосвалы карьерные,Самосвалы Komatsu 730E-8,17,4_2029
2029,4,Сухой Лог,Самосвалы карьерные,Самосвалы Komatsu 730E-8,60,4_2029
2029,5,Олимпиадинский ГОК,Самосвалы карьерные,Самосвалы CAT 785C,5,5_2029
2029,5,Олимпиадинский ГОК,Самосвалы карьерные,Самосвалы CAT 793D,82,5_2029
2029,5,Полюс Вернинское,Самосвалы карьерные,Самосвалы CAT 785C,2,5_2029
2029,5,Полюс Магадан,Самосвалы карьерные,Самосвалы Komatsu 730E-8,17,5_2029
2029,5,Сухой Лог,Самосвалы карьерные,Самосвалы Komatsu 730E-8,60,5_2029
2029,6,Олимпиадинский ГОК,Самосвалы карьерные,Самосвалы CAT 785C,5,6_2029
2029,6,Олимпиадинский ГОК,Самосвалы карьерные,Самосвалы CAT 793D,82,6_2029
2029,6,Полюс Вернинское,Самосвалы карьерные,Самосвалы CAT 785C,2,6_2029
2029,6,Полюс Магадан,Самосвалы карьерные,Самосвалы Komatsu 730E-8,17,6_2029
2029,6,Сухой Лог,Самосвалы карьерные,Самосвалы Komatsu 730E-8,60,6_2029
2029,7,Олимпиадинский ГОК,Самосвалы карьерные,Самосвалы CAT 785C,5,7_2029
2029,7,Олимпиадинский ГОК,Самосвалы карьерные,Самосвалы CAT 793D,82,7_2029
2029,7,Полюс Вернинское,Самосвалы карьерные,Самосвалы CAT 785C,2,7_2029
2029,7,Полюс Магадан,Самосвалы карьерные,Самосвалы Komatsu 730E-8,17,7_2029
2029,7,Сухой Лог,Самосвалы карьерные,Самосвалы Komatsu 730E-8,60,7_2029
2029,8,Олимпиадинский ГОК,Самосвалы карьерные,Самосвалы CAT 785C,5,8_2029
2029,8,Олимпиадинский ГОК,Самосвалы карьерные,Самосвалы CAT 793D,82,8_2029
2029,8,Полюс Вернинское,Самосвалы карьерные,Самосвалы CAT 785C,2,8_2029
2029,8,Полюс Магадан,Самосвалы карьерные,Самосвалы Komatsu 730E-8,17,8_2029
2029,8,Сухой Лог,Самосвалы карьерные,Самосвалы Komatsu 730E-8,60,8_2029
2029,9,Олимпиадинский ГОК,Самосвалы карьерные,Самосвалы CAT 785C,5,9_2029
2029,9,Олимпиадинский ГОК,Самосвалы карьерные,Самосвалы CAT 793D,82,9_2029
2029,9,Полюс Вернинское,Самосвалы карьерные,Самосвалы CAT 785C,2,9_2029
2029,9,Полюс Магадан,Самосвалы карьерные,Самосвалы Komatsu 730E-8,17,9_2029
2029,9,Сухой Лог,Самосвалы карьерные,Самосвалы Komatsu 730E-8,60,9_2029
2029,10,Олимпиадинский ГОК,Самосвалы карьерные,Самосвалы CAT 785C,5,10_2029
2029,10,Олимпиадинский ГОК,Самосвалы карьерные,Самосвалы CAT 793D,82,10_2029
2029,10,Полюс Вернинское,Самосвалы карьерные,Самосвалы CAT 785C,2,10_2029
2029,10,Полюс Магадан,Самосвалы карьерные,Самосвалы Komatsu 730E-8,17,10_2029
2029,10,Сухой Лог,Самосвалы карьерные,Самосвалы Komatsu 730E-8,60,10_2029
2029,11,Олимпиадинский ГОК,Самосвалы карьерные,Самосвалы CAT 785C,5,11_2029
2029,11,Олимпиадинский ГОК,Самосвалы карьерные,Самосвалы CAT 793D,82,11_2029
2029,11,Полюс Вернинское,Самосвалы карьерные,Самосвалы CAT 785C,2,11_2029
2029,11,Полюс Магадан,Самосвалы карьерные,Самосвалы Komatsu 730E-8,17,11_2029
2029,11,Сухой Лог,Самосвалы карьерные,Самосвалы Komatsu 730E-8,60,11_2029
2029,12,Олимпиадинский ГОК,Самосвалы карьерные,Самосвалы CAT 785C,5,12_2029
2029,12,Олимпиадинский ГОК,Самосвалы карьерные,Самосвалы CAT 793D,82,12_2029
2029,12,Полюс Вернинское,Самосвалы карьерные,Самосвалы CAT 785C,2,12_2029
2029,12,Полюс Магадан,Самосвалы карьерные,Самосвалы Komatsu 730E-8,17,12_2029
2029,12,Сухой Лог,Самосвалы карьерные,Самосвалы Komatsu 730E-8,60,12_2029
2030,1,Олимпиадинский ГОК,Самосвалы карьерные,Самосвалы CAT 785C,5,1_2030
2030,1,Полюс Магадан,Самосвалы карьерные,Самосвалы Komatsu 730E-8,17,1_2030
2030,1,Сухой Лог,Самосвалы карьерные,Самосвалы Komatsu 730E-8,60,1_2030
2030,2,Олимпиадинский ГОК,Самосвалы карьерные,Самосвалы CAT 785C,5,2_2030
2030,2,Полюс Магадан,Самосвалы карьерные,Самосвалы Komatsu 730E-8,17,2_2030
2030,2,Сухой Лог,Самосвалы карьерные,Самосвалы Komatsu 730E-8,60,2_2030
2030,3,Олимпиадинский ГОК,Самосвалы карьерные,Самосвалы CAT 785C,5,3_2030
2030,3,Полюс Магадан,Самосвалы карьерные,Самосвалы Komatsu 730E-8,17,3_2030
2030,3,Сухой Лог,Самосвалы карьерные,Самосвалы Komatsu 730E-8,60,3_2030
2030,4,Олимпиадинский ГОК,Самосвалы карьерные,Самосвалы CAT 785C,5,4_2030
2030,4,Полюс Магадан,Самосвалы карьерные,Самосвалы Komatsu 730E-8,15,4_2030
2030,4,Сухой Лог,Самосвалы карьерные,Самосвалы Komatsu 730E-8,60,4_2030
2030,5,Олимпиадинский ГОК,Самосвалы карьерные,Самосвалы CAT 785C,5,5_2030
2030,5,Полюс Магадан,Самосвалы карьерные,Самосвалы Komatsu 730E-8,11,5_2030
2030,5,Сухой Лог,Самосвалы карьерные,Самосвалы Komatsu 730E-8,60,5_2030
2030,6,Олимпиадинский ГОК,Самосвалы карьерные,Самосвалы CAT 785C,5,6_2030
2030,6,Полюс Магадан,Самосвалы карьерные,Самосвалы Komatsu 730E-8,7,6_2030
2030,6,Сухой Лог,Самосвалы карьерные,Самосвалы Komatsu 730E-8,60,6_2030
2030,7,Полюс Магадан,Самосвалы карьерные,Самосвалы Komatsu 730E-8,4,7_2030
2030,7,Сухой Лог,Самосвалы карьерные,Самосвалы Komatsu 730E-8,60,7_2030
2030,8,Полюс Магадан,Самосвалы карьерные,Самосвалы Komatsu 730E-8,1,8_2030
2030,8,Сухой Лог,Самосвалы карьерные,Самосвалы Komatsu 730E-8,60,8_2030
2030,9,Полюс Магадан,Самосвалы карьерные,Самосвалы Komatsu 730E-8,1,9_2030
2030,9,Сухой Лог,Самосвалы карьерные,Самосвалы Komatsu 730E-8,60,9_2030
2030,10,Сухой Лог,Самосвалы карьерные,Самосвалы Komatsu 730E-8,60,10_2030
2030,11,Сухой Лог,Самосвалы карьерные,Самосвалы Komatsu 730E-8,60,11_2030
2030,12,Сухой Лог,Самосвалы карьерные,Самосвалы Komatsu 730E-8,60,12_2030
2031,1,Сухой Лог,Самосвалы карьерные,Самосвалы Komatsu 730E-8,60,1_2031
2031,2,Сухой Лог,Самосвалы карьерные,Самосвалы Komatsu 730E-8,60,2_2031
2031,3,Сухой Лог,Самосвалы карьерные,Самосвалы Komatsu 730E-8,60,3_2031
2031,4,Сухой Лог,Самосвалы карьерные,Самосвалы Komatsu 730E-8,60,4_2031
2031,5,Сухой Лог,Самосвалы карьерные,Самосвалы Komatsu 730E-8,60,5_2031
2031,6,Сухой Лог,Самосвалы карьерные,Самосвалы Komatsu 730E-8,60,6_2031
2031,7,Сухой Лог,Самосвалы карьерные,Самосвалы Komatsu 730E-8,60,7_2031
2031,8,Сухой Лог,Самосвалы карьерные,Самосвалы Komatsu 730E-8,60,8_2031
2031,9,Сухой Лог,Самосвалы карьерные,Самосвалы Komatsu 730E-8,60,9_2031
2031,10,Сухой Лог,Самосвалы карьерные,Самосвалы Komatsu 730E-8,60,10_2031
2031,11,Сухой Лог,Самосвалы карьерные,Самосвалы Komatsu 730E-8,60,11_2031
2031,12,Сухой Лог,Самосвалы карьерные,Самосвалы Komatsu 730E-8,60,12_2031
2032,1,Сухой Лог,Самосвалы карьерные,Самосвалы Komatsu 730E-8,62,1_2032
2032,2,Сухой Лог,Самосвалы карьерные,Самосвалы Komatsu 730E-8,62,2_2032
2032,3,Сухой Лог,Самосвалы карьерные,Самосвалы Komatsu 730E-8,62,3_2032
2032,4,Сухой Лог,Самосвалы карьерные,Самосвалы Komatsu 730E-8,62,4_2032
2032,5,Сухой Лог,Самосвалы карьерные,Самосвалы Komatsu 730E-8,62,5_2032
2032,6,Сухой Лог,Самосвалы карьерные,Самосвалы Komatsu 730E-8,62,6_2032
2032,7,Сухой Лог,Самосвалы карьерные,Самосвалы Komatsu 730E-8,62,7_2032
2032,8,Сухой Лог,Самосвалы карьерные,Самосвалы Komatsu 730E-8,62,8_2032
2032,9,Сухой Лог,Самосвалы карьерные,Самосвалы Komatsu 730E-8,62,9_2032
2032,10,Сухой Лог,Самосвалы карьерные,Самосвалы Komatsu 730E-8,62,10_2032
2032,11,Сухой Лог,Самосвалы карьерные,Самосвалы Komatsu 730E-8,62,11_2032
2032,12,Сухой Лог,Самосвалы карьерные,Самосвалы Komatsu 730E-8,62,12_2032
2033,1,Сухой Лог,Самосвалы карьерные,Самосвалы Komatsu 730E-8,62,1_2033
2033,2,Сухой Лог,Самосвалы карьерные,Самосвалы Komatsu 730E-8,62,2_2033
2033,3,Сухой Лог,Самосвалы карьерные,Самосвалы Komatsu 730E-8,62,3_2033
2033,4,Сухой Лог,Самосвалы карьерные,Самосвалы Komatsu 730E-8,62,4_2033
2033,5,Сухой Лог,Самосвалы карьерные,Самосвалы Komatsu 730E-8,62,5_2033
2033,6,Сухой Лог,Самосвалы карьерные,Самосвалы Komatsu 730E-8,62,6_2033
2033,7,Сухой Лог,Самосвалы карьерные,Самосвалы Komatsu 730E-8,62,7_2033
2033,8,Сухой Лог,Самосвалы карьерные,Самосвалы Komatsu 730E-8,62,8_2033
2033,9,Сухой Лог,Самосвалы карьерные,Самосвалы Komatsu 730E-8,62,9_2033
2033,10,Сухой Лог,Самосвалы карьерные,Самосвалы Komatsu 730E-8,62,10_2033
2033,11,Сухой Лог,Самосвалы карьерные,Самосвалы Komatsu 730E-8,62,11_2033
2033,12,Сухой Лог,Самосвалы карьерные,Самосвалы Komatsu 730E-8,62,12_2033
2034,1,Сухой Лог,Самосвалы карьерные,Самосвалы Komatsu 730E-8,62,1_2034
2034,2,Сухой Лог,Самосвалы карьерные,Самосвалы Komatsu 730E-8,62,2_2034
2034,3,Сухой Лог,Самосвалы карьерные,Самосвалы Komatsu 730E-8,62,3_2034
2034,4,Сухой Лог,Самосвалы карьерные,Самосвалы Komatsu 730E-8,62,4_2034
2034,5,Сухой Лог,Самосвалы карьерные,Самосвалы Komatsu 730E-8,62,5_2034
2034,6,Сухой Лог,Самосвалы карьерные,Самосвалы Komatsu 730E-8,62,6_2034
2034,7,Сухой Лог,Самосвалы карьерные,Самосвалы Komatsu 730E-8,62,7_2034
2034,8,Сухой Лог,Самосвалы карьерные,Самосвалы Komatsu 730E-8,62,8_2034
2034,9,Сухой Лог,Самосвалы карьерные,Самосвалы Komatsu 730E-8,48,9_2034
2034,10,Сухой Лог,Самосвалы карьерные,Самосвалы Komatsu 730E-8,48,10_2034
2034,11,Сухой Лог,Самосвалы карьерные,Самосвалы Komatsu 730E-8,48,11_2034
2034,12,Сухой Лог,Самосвалы карьерные,Самосвалы Komatsu 730E-8,48,12_2034
2035,1,Сухой Лог,Самосвалы карьерные,Самосвалы Komatsu 730E-8,33,1_2035
2035,2,Сухой Лог,Самосвалы карьерные,Самосвалы Komatsu 730E-8,33,2_2035
2035,3,Сухой Лог,Самосвалы карьерные,Самосвалы Komatsu 730E-8,33,3_2035
2035,4,Сухой Лог,Самосвалы карьерные,Самосвалы Komatsu 730E-8,33,4_2035
2035,5,Сухой Лог,Самосвалы карьерные,Самосвалы Komatsu 730E-8,33,5_2035
2035,6,Сухой Лог,Самосвалы карьерные,Самосвалы Komatsu 730E-8,33,6_2035
2035,7,Сухой Лог,Самосвалы карьерные,Самосвалы Komatsu 730E-8,18,7_2035
2035,8,Сухой Лог,Самосвалы карьерные,Самосвалы Komatsu 730E-8,18,8_2035
2035,9,Сухой Лог,Самосвалы карьерные,Самосвалы Komatsu 730E-8,18,9_2035
2035,10,Сухой Лог,Самосвалы карьерные,Самосвалы Komatsu 730E-8,18,10_2035
2035,11,Сухой Лог,Самосвалы карьерные,Самосвалы Komatsu 730E-8,18,11_2035
2035,12,Сухой Лог,Самосвалы карьерные,Самосвалы Komatsu 730E-8,18,12_2035
2036,1,Сухой Лог,Самосвалы карьерные,Самосвалы Komatsu 730E-8,9,1_2036
2036,2,Сухой Лог,Самосвалы карьерные,Самосвалы Komatsu 730E-8,9,2_2036
2036,3,Сухой Лог,Самосвалы карьерные,Самосвалы Komatsu 730E-8,9,3_2036
2036,4,Сухой Лог,Самосвалы карьерные,Самосвалы Komatsu 730E-8,9,4_2036
2036,5,Сухой Лог,Самосвалы карьерные,Самосвалы Komatsu 730E-8,9,5_2036
2036,6,Сухой Лог,Самосвалы карьерные,Самосвалы Komatsu 730E-8,9,6_2036
2036,7,Сухой Лог,Самосвалы карьерные,Самосвалы Komatsu 730E-8,9,7_2036
2036,8,Сухой Лог,Самосвалы карьерные,Самосвалы Komatsu 730E-8,9,8_2036
2036,9,Сухой Лог,Самосвалы карьерные,Самосвалы Komatsu 730E-8,9,9_2036
2036,10,Сухой Лог,Самосвалы карьерные,Самосвалы Komatsu 730E-8,9,10_2036
2036,11,Сухой Лог,Самосвалы карьерные,Самосвалы Komatsu 730E-8,9,11_2036
2036,12,Сухой Лог,Самосвалы карьерные,Самосвалы Komatsu 730E-8,9,12_2036
2037,1,Сухой Лог,Самосвалы карьерные,Самосвалы Komatsu 730E-8,2,1_2037
2037,2,Сухой Лог,Самосвалы карьерные,Самосвалы Komatsu 730E-8,2,2_2037
2037,3,Сухой Лог,Самосвалы карьерные,Самосвалы Komatsu 730E-8,2,3_2037
2037,4,Сухой Лог,Самосвалы карьерные,Самосвалы Komatsu 730E-8,2,4_2037
2037,5,Сухой Лог,Самосвалы карьерные,Самосвалы Komatsu 730E-8,2,5_2037
2037,6,Сухой Лог,Самосвалы карьерные,Самосвалы Komatsu 730E-8,2,6_2037
2037,7,Сухой Лог,Самосвалы карьерные,Самосвалы Komatsu 730E-8,2,7_2037
2037,8,Сухой Лог,Самосвалы карьерные,Самосвалы Komatsu 730E-8,2,8_2037
2037,9,Сухой Лог,Самосвалы карьерные,Самосвалы Komatsu 730E-8,2,9_2037
2037,10,Сухой Лог,Самосвалы карьерные,Самосвалы Komatsu 730E-8,2,10_2037
2037,11,Сухой Лог,Самосвалы карьерные,Самосвалы Komatsu 730E-8,2,11_2037
2037,12,Сухой Лог,Самосвалы карьерные,Самосвалы Komatsu 730E-8,2,12_2037
2038,1,Сухой Лог,Самосвалы карьерные,Самосвалы Komatsu 730E-8,2,1_2038
2038,2,Сухой Лог,Самосвалы карьерные,Самосвалы Komatsu 730E-8,2,2_2038
2038,3,Сухой Лог,Самосвалы карьерные,Самосвалы Komatsu 730E-8,2,3_2038
2038,4,Сухой Лог,Самосвалы карьерные,Самосвалы Komatsu 730E-8,2,4_2038
2038,5,Сухой Лог,Самосвалы карьерные,Самосвалы Komatsu 730E-8,2,5_2038
2038,6,Сухой Лог,Самосвалы карьерные,Самосвалы Komatsu 730E-8,2,6_2038
2038,7,Сухой Лог,Самосвалы карьерные,Самосвалы Komatsu 730E-8,2,7_2038
2038,8,Сухой Лог,Самосвалы карьерные,Самосвалы Komatsu 730E-8,2,8_2038
2038,9,Сухой Лог,Самосвалы карьерные,Самосвалы Komatsu 730E-8,2,9_2038
2038,10,Сухой Лог,Самосвалы карьерные,Самосвалы Komatsu 730E-8,2,10_2038
2038,11,Сухой Лог,Самосвалы карьерные,Самосвалы Komatsu 730E-8,2,11_2038
2038,12,Сухой Лог,Самосвалы карьерные,Самосвалы Komatsu 730E-8,2,12_2038
2039,1,Сухой Лог,Самосвалы карьерные,Самосвалы Komatsu 730E-8,2,1_2039
2039,2,Сухой Лог,Самосвалы карьерные,Самосвалы Komatsu 730E-8,2,2_2039
2039,3,Сухой Лог,Самосвалы карьерные,Самосвалы Komatsu 730E-8,2,3_2039
2039,4,Сухой Лог,Самосвалы карьерные,Самосвалы Komatsu 730E-8,2,4_2039
2039,5,Сухой Лог,Самосвалы карьерные,Самосвалы Komatsu 730E-8,2,5_2039
2039,6,Сухой Лог,Самосвалы карьерные,Самосвалы Komatsu 730E-8,2,6_2039
2039,7,Сухой Лог,Самосвалы карьерные,Самосвалы Komatsu 730E-8,2,7_2039
2039,8,Сухой Лог,Самосвалы карьерные,Самосвалы Komatsu 730E-8,2,8_2039
2039,9,Сухой Лог,Самосвалы карьерные,Самосвалы Komatsu 730E-8,2,9_2039
2039,10,Сухой Лог,Самосвалы карьерные,Самосвалы Komatsu 730E-8,2,10_2039
2039,11,Сухой Лог,Самосвалы карьерные,Самосвалы Komatsu 730E-8,2,11_2039
2039,12,Сухой Лог,Самосвалы карьерные,Самосвалы Komatsu 730E-8,2,12_2039
2040,1,Сухой Лог,Самосвалы карьерные,Самосвалы Komatsu 730E-8,2,1_2040
2040,2,Сухой Лог,Самосвалы карьерные,Самосвалы Komatsu 730E-8,2,2_2040
2040,3,Сухой Лог,Самосвалы карьерные,Самосвалы Komatsu 730E-8,2,3_2040
2040,4,Сухой Лог,Самосвалы карьерные,Самосвалы Komatsu 730E-8,2,4_2040
2040,5,Сухой Лог,Самосвалы карьерные,Самосвалы Komatsu 730E-8,2,5_2040
2040,6,Сухой Лог,Самосвалы карьерные,Самосвалы Komatsu 730E-8,2,6_2040
2040,7,Сухой Лог,Самосвалы карьерные,Самосвалы Komatsu 730E-8,2,7_2040
2040,8,Сухой Лог,Самосвалы карьерные,Самосвалы Komatsu 730E-8,2,8_2040
2040,9,Сухой Лог,Самосвалы карьерные,Самосвалы Komatsu 730E-8,2,9_2040
2040,10,Сухой Лог,Самосвалы карьерные,Самосвалы Komatsu 730E-8,2,10_2040
2040,11,Сухой Лог,Самосвалы карьерные,Самосвалы Komatsu 730E-8,2,11_2040
2040,12,Сухой Лог,Самосвалы карьерные,Самосвалы Komatsu 730E-8,2,12_2040
2041,1,Сухой Лог,Самосвалы карьерные,Самосвалы Komatsu 730E-8,2,1_2041
2041,2,Сухой Лог,Самосвалы карьерные,Самосвалы Komatsu 730E-8,2,2_2041
2041,3,Сухой Лог,Самосвалы карьерные,Самосвалы Komatsu 730E-8,2,3_2041
2041,4,Сухой Лог,Самосвалы карьерные,Самосвалы Komatsu 730E-8,2,4_2041
2041,5,Сухой Лог,Самосвалы карьерные,Самосвалы Komatsu 730E-8,2,5_2041
2041,6,Сухой Лог,Самосвалы карьерные,Самосвалы Komatsu 730E-8,2,6_2041
2041,7,Сухой Лог,Самосвалы карьерные,Самосвалы Komatsu 730E-8,2,7_2041
2041,8,Сухой Лог,Самосвалы карьерные,Самосвалы Komatsu 730E-8,2,8_2041
2041,9,Сухой Лог,Самосвалы карьерные,Самосвалы Komatsu 730E-8,2,9_2041
2041,10,Сухой Лог,Самосвалы карьерные,Самосвалы Komatsu 730E-8,2,10_2041
2041,11,Сухой Лог,Самосвалы карьерные,Самосвалы Komatsu 730E-8,2,11_2041
2041,12,Сухой Лог,Самосвалы карьерные,Самосвалы Komatsu 730E-8,2,12_2041
