,Название ЕО,ЕО,ТекстПланаПредупрТОРО,Название ВРТ,ВидЗаказа,Заказ,КраткийТекст заказа,СистСтатус,ПользСтатус,ПланДатаНачала,НовДатаНачала,ПланДатаНачала_month,НовДатаНачала_month
21,ЭД пост тока ДЭ-812,100000009347,Электродвигатель ДЭ-812 ЧАС,Техническое обслуживание,APP1,1100369367,(ТО) ДЭ-812 К 001,ПКАЛ ПРВВ ЗАКР МТКУ ДМНП,ГОД  УТВГ УТВП МЕС  УТВМ НЕД  УТВН ГИП  МТРЦ ТКБЕ СГГС,2022-01-13,2022-01-10,1,1
375,Генератор подъёма_4ГПЭМ 600-1/1,100000009369,(ТО) 4ГПЭМ 600-1/1,Техническое обслуживание,APP1,1100358955,(ТО) 4ГПЭМ 600-1/1,ДЕБЛ ПЕЧТ ЧПДТ ПКАЛ ПРВВ ДВМА ДМНП,ГОД  УТВГ УТВП МЕС  УТВМ ГИП  ПРНТ СРОЧ МТРЦ ТКБЕ СГГС,2022-01-15,2022-01-17,1,1
327,ЭД пост тока 4ГПЭ 300-1/2,100000009367,(ТО) 4ГПЭ 300-1/2,Техническое обслуживание,APP1,1100358911,(ТО) 4ГПЭ 300-1/2,ДЕБЛ ПЕЧТ ЧПДТ ПКАЛ ПРВВ ДВМА ДМНП,ГОД  УТВГ УТВП МЕС  УТВМ ГИП  ПРНТ СРОЧ МТРЦ ТКБЕ СГГС,2022-01-15,2022-01-17,1,1
351,Генератор напора_4ГПЭМ 170-1/1,100000009368,(ТО) 4ГПЭМ 170-1/1,Техническое обслуживание,APP1,1100358765,(ТО) 4ГПЭМ 170-1/1,ДЕБЛ ПЕЧТ ЧПДТ ПКАЛ ПРВВ ДВМА ДМНП,ГОД  УТВГ УТВП МЕС  УТВМ ГИП  ПРНТ СРОЧ МТРЦ ТКБЕ СГГС,2022-01-15,2022-01-17,1,1
455,ЭД синх ДСЭ-750-6,100000009373,(ТО) ДСЭ-750-6,Техническое обслуживание,APP1,1100358778,(ТО) ДСЭ-750-6,ДЕБЛ ПЕЧТ ЧПДТ ПКАЛ ПРВВ ДВМА ДМНП,ГОД  УТВГ УТВП МЕС  УТВМ ГИП  ПРНТ МТРЦ ТКБЕ СГГС,2022-01-15,2022-01-17,1,1
407,ЭД пост тока Д-12,100000009371,(ТО) Д-12,Техническое обслуживание,APP1,1100358996,(ТО) Д-12,ПЕЧТ ЧПДТ ПКАЛ ПРВВ ТЗКР ДВМА ДМНП JBFI,ГОД  УТВГ УТВП МЕС  УТВМ ГИП  ПРНТ МТРЦ ТКБЕ СГГС,2022-01-16,2022-01-17,1,1
658,ЭД асинх  YJ13L3,100000025392,ТО Хода №2;  YJ13L3 К 047,Техническое обслуживание,APP1,1100358700,ТО Хода №2;  YJ13L3 К 047,ПКАЛ ПРВВ ЗАКР МТКУ ДМНП KKMP,ГОД  УТВГ МЕС  УТВМ НЕД  УТВН ГИП  СГГС,2022-01-20,2022-01-06,1,1
635,ЭД асинх  YJ13L3,100000025391,ТО YJ13L3 К 047,Техническое обслуживание,APP1,1100358722,ТО Хода №1;  YJ13L3 К 047,ПКАЛ ПРВВ ЗАКР МТКУ ДМНП KKMP,ГОД  УТВГ МЕС  УТВМ НЕД  УТВН ГИП  СГГС,2022-01-20,2022-01-06,1,1
798,ЭД асинх YJ56E,100000025402,(ТО)YJ56E,Техническое обслуживание,APP1,1100359538,(ТО)YJ56E,ПКАЛ ПРВВ ЗАКР МТКУ ДМНП KKMP,ГОД  УТВГ МЕС  УТВМ НЕД  УТВН ГИП  СГГС,2022-01-24,2022-01-06,1,1
821,ЭД асинх YJ142A,100000025403,(ТО) YJ142A,Техническое обслуживание,APP1,1100359616,(ТО) YJ142A,ПКАЛ ПРВВ ЗАКР МТКУ ДМНП KKMP,ГОД  УТВГ МЕС  УТВМ НЕД  УТВН ГИП  СГГС,2022-01-24,2022-01-06,1,1
736,ЭД асинх YX3-121M-4,100000025398,(ТО)YX3-121M-4,Техническое обслуживание,APP1,1100359878,(ТО)YX3-121M-4,ПКАЛ ПРВВ ЗАКР МТКУ ДМНП KKMP,ГОД  УТВГ МЕС  УТВМ НЕД  УТВН ГИП  СГГС,2022-01-24,2022-01-06,1,1
681,ЭД асинх YJ13L4,100000025393,(ТО) YJ13L4,Техническое обслуживание,APP1,1100359355,(ТО) YJ13L4,ПКАЛ ПРВВ ЗАКР МТКУ ДМНП KKMP,ГОД  УТВГ МЕС  УТВМ НЕД  УТВН ГИП  СГГС,2022-01-24,2022-01-06,1,1
883,ЭД асинх YJ80A1,100000025407,(ТО)YJ80A1,Техническое обслуживание,APP1,1100359459,(ТО)YJ80A1,ПКАЛ ПРВВ ЗАКР МТКУ ДМНП KKMP,ГОД  УТВГ МЕС  УТВМ НЕД  УТВН ГИП  СГГС,2022-01-24,2022-01-06,1,1
775,ЭД асинх YJ56E,100000025401,(ТО)YJ56E,Техническое обслуживание,APP1,1100359526,(ТО)YJ56E,ПКАЛ ПРВВ ЗАКР МТКУ ДМНП KKMP,ГОД  УТВГ МЕС  УТВМ НЕД  УТВН ГИП  СГГС,2022-01-24,2022-01-06,1,1
860,ЭД асинх YJ80A1,100000025406,(ТО)YJ80A1,Техническое обслуживание,APP1,1100359559,(ТО)YJ80A1,ПКАЛ ПРВВ ЗАКР МТКУ ДМНП KKMP,ГОД  УТВГ МЕС  УТВМ НЕД  УТВН ГИП  СГГС,2022-01-24,2022-01-06,1,1
140,ЭД пост тока 4ГПЭ 300-1/2,100000009353,(ТО) 4ГПЭ 300-1/2,Техническое обслуживание,APP1,1100358677,(ТО) 4ГПЭ 300-1/2,ПЕЧТ ЧПДТ ПКАЛ ПРВВ ТЗКР ДВМА ДМНП JBFI,ГОД  УТВГ УТВП МЕС  УТВМ НЕД  УТВН ГИП  ПРНТ МТРЦ ТКБЕ СГГС,2022-01-25,2022-01-10,1,1
116,Генератор напора_4ГПЭМ 170-1/1,100000009352,(ТО) 4ГПЭМ 170-1/1,Техническое обслуживание,APP1,1100358932,(ТО) 4ГПЭМ 170-1/1,ПЕЧТ ЧПДТ ПКАЛ ПРВВ ТЗКР ДВМА ДМНП JBFI,ГОД  УТВГ УТВП МЕС  УТВМ НЕД  УТВН ГИП  ПРНТ МТРЦ ТКБЕ СГГС,2022-01-25,2022-01-10,1,1
187,Генератор подъёма_ 4ГПЭМ 600-1/1,100000009355,(ТО) 4ГПЭМ 600-1/1,Техническое обслуживание,APP1,1100358943,(ТО) 4ГПЭМ 600-1/1,ПЕЧТ ЧПДТ ПКАЛ ПРВВ ТЗКР ДВМА ДМНП JBFI,ГОД  УТВГ УТВП МЕС  УТВМ НЕД  УТВН ГИП  ПРНТ МТРЦ ТКБЕ СГГС,2022-01-25,2022-01-10,1,1
164,ЭД синх ДСЭ-750-6,100000009354,(ТО) ДСЭ-750-6,Техническое обслуживание,APP1,1100358843,(ТО) ДСЭ-750-6,ПЕЧТ ПКАЛ ПРВВ ЗАКР МТКУ ДМНП,ГОД  УТВГ УТВП МЕС  УТВМ НЕД  УТВН ГИП  МТРЦ ТКБЕ СГГС,2022-01-25,2022-01-10,1,1
68,ЭД пост тока ДЭВ-814,100000009350,(ТО) ДЭВ-814,Техническое обслуживание,APP1,1100359183,(ТО) ДЭВ-814 К 004,ПЕЧТ ЧПДТ ПКАЛ ПРВВ ТЗКР ДВМА ДМНП JBFI,ГОД  УТВГ УТВП МЕС  УТВМ НЕД  УТВН ГИП  ПРНТ МТРЦ ТКБЕ СГГС,2022-01-26,2022-01-10,1,1
92,ЭД пост тока ДЭ-818,100000009351,(ТО) ДЭ-818,Техническое обслуживание,APP1,1100359043,(ТО) ДЭ-818 К 005,ПЕЧТ ЧПДТ ПКАЛ ПРВВ ТЗКР ДВМА ДМНП JBFI,ГОД  УТВГ УТВП МЕС  УТВМ НЕД  УТВН ГИП  ПРНТ МТРЦ ТКБЕ СГГС,2022-01-26,2022-01-10,1,1
234,ЭД асинх Д-31,100000009357,(ТО) Д-31,Техническое обслуживание,APP1,1100359030,(ТО) Д-31,ПКАЛ ПРВВ ЗАКР ДМНП,ГОД  УТВГ УТВП МЕС  УТВМ НЕД  УТВН ГИП  МТРЦ ТКБЕ СГГС,2022-01-26,2022-01-10,1,1
431,ЭД асинх Д-31,100000009372,(ТО) Д-31,Техническое обслуживание,APP1,1100359097,(ТО) Д-31 К 026,ПЕЧТ ЧПДТ ПКАЛ ПРВВ ТЗКР ДВМА ДМНП JBFI,ГОД  УТВГ УТВП МЕС  УТВМ ГИП  ПРНТ МТРЦ ТКБЕ СГГС,2022-01-26,2022-01-17,1,1
571,ЭД пост тока ДЭ-818,100000009712,(ТО) ДЭ-818,Техническое обслуживание,APP1,1100359055,(ТО) ДЭ-818 К 023,ПЕЧТ ЧПДТ ПКАЛ ПРВВ ТЗКР ДВМА ДМНП JBFI,ГОД  УТВГ УТВП МЕС  УТВМ НЕД  УТВН ГИП  ПРНТ МТРЦ ТКБЕ СГГС,2022-01-26,2022-01-10,1,1
44,ЭД пост тока ДЭВ-814,100000009349,(ТО) ДЭВ-814,Техническое обслуживание,APP1,1100359031,(ТО) ДЭВ-814,ПЕЧТ ЧПДТ ПКАЛ ПРВВ ТЗКР ДВМА ДМНП JBFI,ГОД  УТВГ УТВП МЕС  УТВМ НЕД  УТВН ГИП  ПРНТ МТРЦ ТКБЕ СГГС,2022-01-26,2022-01-10,1,1
211,ЭД пост тока Д-12,100000009356,(ТО) Д-12,Техническое обслуживание,APP1,1100359014,(ТО) Д-12,ПКАЛ ПРВВ ЗАКР МТКУ ДМНП,ГОД  УТВГ УТВП МЕС  УТВМ НЕД  УТВН ГИП  МТРЦ ТКБЕ СГГС,2022-01-26,2022-01-10,1,1
548,ЭД пост тока ДЭ-812,100000009711,(ТО) ДЭ-812,Техническое обслуживание,APP1,1100359158,(ТО) ДЭ-812,ПКАЛ ПРВВ ЗАКР МТКУ ДМНП,ГОД  УТВГ УТВП МЕС  УТВМ НЕД  УТВН ГИП  МТРЦ ТКБЕ СГГС,2022-01-27,2022-01-10,1,1
22,ЭД пост тока ДЭ-812,100000009347,Электродвигатель ДЭ-812 ЧАС,Техническое обслуживание,APP1,1100369368,(ТО) ДЭ-812 К 001,ДЕБЛ ПКАЛ ПРВВ ДМНП,ГОД  УТВГ УТВП МЕС  УТВМ НЕД  УТВН ГИП  СРОЧ МТРЦ ТКБЕ СГГС,2022-02-12,2022-02-02,2,2
456,ЭД синх ДСЭ-750-6,100000009373,(ТО) ДСЭ-750-6,Техническое обслуживание,APP1,1100358779,(ТО) ДСЭ-750-6,ОТКР ПКАЛ ДМНП,ГОД  УТВГ УТВП МЕС  УТВМ ГИП  МТРЦ ТКБЕ СГГС,2022-02-14,2022-02-24,2,2
376,Генератор подъёма_4ГПЭМ 600-1/1,100000009369,(ТО) 4ГПЭМ 600-1/1,Техническое обслуживание,APP1,1100358956,(ТО) 4ГПЭМ 600-1/1,ОТКР ПКАЛ ДМНП,ГОД  УТВГ УТВП МЕС  УТВМ ГИП  МТРЦ ТКБЕ СГГС,2022-02-14,2022-02-24,2,2
328,ЭД пост тока 4ГПЭ 300-1/2,100000009367,(ТО) 4ГПЭ 300-1/2,Техническое обслуживание,APP1,1100358912,(ТО) 4ГПЭ 300-1/2,ОТКР ПКАЛ ДМНП,ГОД  УТВГ УТВП МЕС  УТВМ ГИП  МТРЦ ТКБЕ СГГС,2022-02-14,2022-02-24,2,2
352,Генератор напора_4ГПЭМ 170-1/1,100000009368,(ТО) 4ГПЭМ 170-1/1,Техническое обслуживание,APP1,1100358766,(ТО) 4ГПЭМ 170-1/1,ОТКР ПКАЛ ДМНП,ГОД  УТВГ УТВП МЕС  УТВМ ГИП  МТРЦ ТКБЕ СГГС,2022-02-14,2022-02-24,2,2
408,ЭД пост тока Д-12,100000009371,(ТО) Д-12,Техническое обслуживание,APP1,1100358997,(ТО) Д-12,ОТКР ПКАЛ ДМНП,ГОД  УТВГ УТВП МЕС  УТВМ ГИП  МТРЦ ТКБЕ СГГС,2022-02-15,2022-02-24,2,2
659,ЭД асинх  YJ13L3,100000025392,ТО Хода №2;  YJ13L3 К 047,Техническое обслуживание,APP1,1100358701,ТО Хода №2;  YJ13L3 К 047,ОТКР ПКАЛ ДМНП KKMP,ГОД  УТВГ МЕС  УТВМ ГИП  СГГС,2022-02-19,2022-02-09,2,2
636,ЭД асинх  YJ13L3,100000025391,ТО YJ13L3 К 047,Техническое обслуживание,APP1,1100358723,ТО Хода №1;  YJ13L3 К 047,ОТКР ПКАЛ ДМНП KKMP,ГОД  УТВГ МЕС  УТВМ ГИП  СГГС,2022-02-19,2022-02-09,2,2
861,ЭД асинх YJ80A1,100000025406,(ТО)YJ80A1,Техническое обслуживание,APP1,1100359561,(ТО)YJ80A1,ОТКР ПКАЛ ДМНП KKMP,ГОД  УТВГ МЕС  УТВМ ГИП  СГГС,2022-02-23,2022-02-10,2,2
852,ЭД асинх 1LE0002-1BC2 3-3FA4 132M,100000025405,(ТО)1LE0002-1BC,Техническое обслуживание,APP1,1100359900,(ТО)1LE0002-1BC,ОТКР ПКАЛ ДМНП KKMP,ГОД  УТВГ МЕС  УТВМ ГИП  СГГС,2022-02-23,2022-02-10,2,2
822,ЭД асинх YJ142A,100000025403,(ТО) YJ142A,Техническое обслуживание,APP1,1100359617,(ТО) YJ142A,ОТКР ПКАЛ ДМНП KKMP,ГОД  УТВГ МЕС  УТВМ ГИП  СГГС,2022-02-23,2022-02-10,2,2
712,ЭД асинх YE2-90S,100000025395,(ТО)YE2-90S-4,Техническое обслуживание,APP1,1100359731,(ТО)YE2-90S-4,ОТКР ПКАЛ ДМНП KKMP,ГОД  УТВГ МЕС  УТВМ ГИП  СГГС,2022-02-23,2022-02-09,2,2
799,ЭД асинх YJ56E,100000025402,(ТО)YJ56E,Техническое обслуживание,APP1,1100359539,(ТО)YJ56E,ОТКР ПКАЛ ДМНП KKMP,ГОД  УТВГ МЕС  УТВМ ГИП  СГГС,2022-02-23,2022-02-10,2,2
737,ЭД асинх YX3-121M-4,100000025398,(ТО)YX3-121M-4,Техническое обслуживание,APP1,1100359879,(ТО)YX3-121M-4,ОТКР ПКАЛ ДМНП KKMP,ГОД  УТВГ МЕС  УТВМ ГИП  СГГС,2022-02-23,2022-02-09,2,2
759,ЭД асинх DYP-132S-4G,100000025399,(ТО) DYP-132S-4G,Техническое обслуживание,APP1,1100359864,(ТО) DYP-132S-4G,ОТКР ПКАЛ ДМНП KKMP,ГОД  УТВГ МЕС  УТВМ ГИП  СГГС,2022-02-23,2022-02-10,2,2
682,ЭД асинх YJ13L4,100000025393,(ТО) YJ13L4,Техническое обслуживание,APP1,1100359356,(ТО) YJ13L4,ОТКР ПКАЛ ДМНП KKMP,ГОД  УТВГ МЕС  УТВМ ГИП  СГГС,2022-02-23,2022-02-09,2,2
844,ЭД асинх 1LE0002-1BC2 3-3FA4 132M,100000025404,(ТО)1LE0002-1BC,Техническое обслуживание,APP1,1100359853,(ТО)1LE0002-1BC,ОТКР ПКАЛ ДМНП KKMP,ГОД  УТВГ МЕС  УТВМ ГИП  СГГС,2022-02-23,2022-02-10,2,2
704,ЭД асинх YE2-132S,100000025394,(ТО) YE2-132S-4,Техническое обслуживание,APP1,1100359596,(ТО) YE2-132S-4,ОТКР ПКАЛ ДМНП KKMP,ГОД  УТВГ МЕС  УТВМ ГИП  СГГС,2022-02-23,2022-02-09,2,2
776,ЭД асинх YJ56E,100000025401,(ТО)YJ56E,Техническое обслуживание,APP1,1100359527,(ТО)YJ56E,ОТКР ПКАЛ ДМНП KKMP,ГОД  УТВГ МЕС  УТВМ ГИП  СГГС,2022-02-23,2022-02-10,2,2
767,ЭД асинх HM2-100L-8,100000025400,(ТО)HM2-100L-8,Техническое обслуживание,APP1,1100359317,(ТО)HM2-100L-8,ОТКР ПКАЛ ДМНП KKMP,ГОД  УТВГ МЕС  УТВМ ГИП  СГГС,2022-02-23,2022-02-10,2,2
728,ЭД асинх  M2BAX 100LB 4,100000025397,(ТО) M2BAX 100L К 052,Техническое обслуживание,APP1,1100359602,(ТО) M2BAX 100L К 052,ОТКР ПКАЛ ДМНП KKMP,ГОД  УТВГ МЕС  УТВМ ГИП  СГГС,2022-02-23,2022-02-09,2,2
720,ЭД асинх  M2BAX 100LB 4,100000025396,(ТО) M2BAX 100L К 052,Техническое обслуживание,APP1,1100359395,(ТО) M2BAX 100L К 052,ОТКР ПКАЛ ДМНП KKMP,ГОД  УТВГ МЕС  УТВМ ГИП  СГГС,2022-02-23,2022-02-09,2,2
884,ЭД асинх YJ80A1,100000025407,(ТО)YJ80A1,Техническое обслуживание,APP1,1100359580,(ТО)YJ80A1,ОТКР ПКАЛ ДМНП KKMP,ГОД  УТВГ МЕС  УТВМ ГИП  СГГС,2022-02-23,2022-02-10,2,2
188,Генератор подъёма_ 4ГПЭМ 600-1/1,100000009355,(ТО) 4ГПЭМ 600-1/1,Техническое обслуживание,APP1,1100358944,(ТО) 4ГПЭМ 600-1/1,ОТКР ПКАЛ ДМНП,ГОД  УТВГ УТВП МЕС  УТВМ ГИП  СРОЧ МТРЦ ТКБЕ СГГС,2022-02-24,2022-02-07,2,2
165,ЭД синх ДСЭ-750-6,100000009354,(ТО) ДСЭ-750-6,Техническое обслуживание,APP1,1100358844,(ТО) ДСЭ-750-6,ОТКР ПКАЛ ДМНП,ГОД  УТВГ УТВП МЕС  УТВМ ГИП  СРОЧ МТРЦ ТКБЕ СГГС,2022-02-24,2022-02-07,2,2
117,Генератор напора_4ГПЭМ 170-1/1,100000009352,(ТО) 4ГПЭМ 170-1/1,Техническое обслуживание,APP1,1100358933,(ТО) 4ГПЭМ 170-1/1,ОТКР ПКАЛ ДМНП,ГОД  УТВГ УТВП МЕС  УТВМ ГИП  СРОЧ МТРЦ ТКБЕ СГГС,2022-02-24,2022-02-07,2,2
141,ЭД пост тока 4ГПЭ 300-1/2,100000009353,(ТО) 4ГПЭ 300-1/2,Техническое обслуживание,APP1,1100358678,(ТО) 4ГПЭ 300-1/2,ОТКР ПКАЛ ДМНП,ГОД  УТВГ УТВП МЕС  УТВМ ГИП  СРОЧ МТРЦ ТКБЕ СГГС,2022-02-24,2022-02-07,2,2
572,ЭД пост тока ДЭ-818,100000009712,(ТО) ДЭ-818,Техническое обслуживание,APP1,1100359056,(ТО) ДЭ-818 К 023,ДЕБЛ ПКАЛ ПРВВ ДМНП,ГОД  УТВГ УТВП МЕС  УТВМ НЕД  УТВН ГИП  СРОЧ МТРЦ ТКБЕ СГГС,2022-02-25,2022-02-01,2,2
45,ЭД пост тока ДЭВ-814,100000009349,(ТО) ДЭВ-814,Техническое обслуживание,APP1,1100359032,(ТО) ДЭВ-814,ДЕБЛ ПКАЛ ПРВВ ДМНП,ГОД  УТВГ УТВП МЕС  УТВМ НЕД  УТВН ГИП  СРОЧ МТРЦ ТКБЕ СГГС,2022-02-25,2022-02-02,2,2
235,ЭД асинх Д-31,100000009357,(ТО) Д-31,Техническое обслуживание,APP1,1100359086,(ТО) Д-31,ДЕБЛ ПКАЛ ПРВВ ДМНП,ГОД  УТВГ УТВП МЕС  УТВМ НЕД  УТВН ГИП  СРОЧ МТРЦ ТКБЕ СГГС,2022-02-25,2022-02-02,2,2
432,ЭД асинх Д-31,100000009372,(ТО) Д-31,Техническое обслуживание,APP1,1100359098,(ТО) Д-31 К 026,ОТКР ПКАЛ ДМНП,ГОД  УТВГ УТВП МЕС  УТВМ ГИП  МТРЦ ТКБЕ СГГС,2022-02-25,2022-02-25,2,2
69,ЭД пост тока ДЭВ-814,100000009350,(ТО) ДЭВ-814,Техническое обслуживание,APP1,1100359184,(ТО) ДЭВ-814 К 004,ДЕБЛ ПКАЛ ПРВВ ДМНП,ГОД  УТВГ УТВП МЕС  УТВМ НЕД  УТВН ГИП  СРОЧ МТРЦ ТКБЕ СГГС,2022-02-25,2022-02-01,2,2
212,ЭД пост тока Д-12,100000009356,(ТО) Д-12,Техническое обслуживание,APP1,1100359015,(ТО) Д-12,ДЕБЛ ПКАЛ ПРВВ ДМНП,ГОД  УТВГ УТВП МЕС  УТВМ НЕД  УТВН ГИП  СРОЧ МТРЦ ТКБЕ СГГС,2022-02-25,2022-02-02,2,2
93,ЭД пост тока ДЭ-818,100000009351,(ТО) ДЭ-818,Техническое обслуживание,APP1,1100359044,(ТО) ДЭ-818 К 005,ДЕБЛ ПКАЛ ПРВВ ДМНП,ГОД  УТВГ УТВП МЕС  УТВМ НЕД  УТВН ГИП  СРОЧ МТРЦ ТКБЕ СГГС,2022-02-25,2022-02-01,2,2
549,ЭД пост тока ДЭ-812,100000009711,(ТО) ДЭ-812,Техническое обслуживание,APP1,1100359115,(ТО) ДЭ-812 К 022,ДЕБЛ ПКАЛ ПРВВ ДМНП,ГОД  УТВГ УТВП МЕС  УТВМ НЕД  УТВН ГИП  СРОЧ МТРЦ ТКБЕ СГГС,2022-02-26,2022-02-02,2,2
23,ЭД пост тока ДЭ-812,100000009347,Электродвигатель ДЭ-812 ЧАС,Техническое обслуживание,APP1,1100369369,(ТО) ДЭ-812 К 001,ОТКР ПКАЛ ДМНП,ГОД  УТВГ УТВП ГИП  СРОЧ МТРЦ ТКБЕ СГГС,2022-03-14,2022-04-15,3,4
353,Генератор напора_4ГПЭМ 170-1/1,100000009368,(ТО) 4ГПЭМ 170-1/1,Техническое обслуживание,APP1,1100358767,(ТО) 4ГПЭМ 170-1/1,ОТКР ПКАЛ ДМНП,ГОД  УТВГ УТВП ГИП  СРОЧ МТРЦ ТКБЕ СГГС,2022-03-16,2022-03-16,3,3
329,ЭД пост тока 4ГПЭ 300-1/2,100000009367,(ТО) 4ГПЭ 300-1/2,Техническое обслуживание,APP1,1100358913,(ТО) 4ГПЭ 300-1/2,ОТКР ПКАЛ ДМНП,ГОД  УТВГ УТВП ГИП  СРОЧ МТРЦ ТКБЕ СГГС,2022-03-16,2022-03-16,3,3
457,ЭД синх ДСЭ-750-6,100000009373,(ТО) ДСЭ-750-6,Техническое обслуживание,APP1,1100359020,(ТО) ДСЭ-750-6,ОТКР ПКАЛ ДМНП,ГОД  УТВГ УТВП ГИП  СРОЧ МТРЦ ТКБЕ СГГС,2022-03-16,2022-03-16,3,3
377,Генератор подъёма_4ГПЭМ 600-1/1,100000009369,(ТО) 4ГПЭМ 600-1/1,Техническое обслуживание,APP1,1100358957,(ТО) 4ГПЭМ 600-1/1,ОТКР ПКАЛ ДМНП,ГОД  УТВГ УТВП ГИП  СРОЧ МТРЦ ТКБЕ СГГС,2022-03-16,2022-03-16,3,3
409,ЭД пост тока Д-12,100000009371,(ТО) Д-12,Техническое обслуживание,APP1,1100358998,(ТО) Д-12,ОТКР ПКАЛ ДМНП,ГОД  УТВГ УТВП ГИП  СРОЧ МТРЦ ТКБЕ СГГС,2022-03-17,2022-03-17,3,3
637,ЭД асинх  YJ13L3,100000025391,ТО YJ13L3 К 047,Техническое обслуживание,APP1,1100358724,ТО Хода №1;  YJ13L3 К 047,ОТКР ПКАЛ ДМНП KKMP,ГОД  УТВГ ГИП  СГГС,2022-03-21,2022-03-21,3,3
660,ЭД асинх  YJ13L3,100000025392,ТО Хода №2;  YJ13L3 К 047,Техническое обслуживание,APP1,1100358702,ТО Хода №2;  YJ13L3 К 047,ОТКР ПКАЛ ДМНП KKMP,ГОД  УТВГ ГИП  СГГС,2022-03-21,2022-03-21,3,3
823,ЭД асинх YJ142A,100000025403,(ТО) YJ142A,Техническое обслуживание,APP1,1100359618,(ТО) YJ142A,ОТКР ПКАЛ ДМНП KKMP,ГОД  УТВГ ГИП  СГГС,2022-03-25,2022-03-25,3,3
885,ЭД асинх YJ80A1,100000025407,(ТО)YJ80A1,Техническое обслуживание,APP1,1100359581,(ТО)YJ80A1,ОТКР ПКАЛ ДМНП KKMP,ГОД  УТВГ ГИП  СГГС,2022-03-25,2022-03-25,3,3
862,ЭД асинх YJ80A1,100000025406,(ТО)YJ80A1,Техническое обслуживание,APP1,1100359564,(ТО)YJ80A1,ОТКР ПКАЛ ДМНП KKMP,ГОД  УТВГ ГИП  СГГС,2022-03-25,2022-03-25,3,3
683,ЭД асинх YJ13L4,100000025393,(ТО) YJ13L4,Техническое обслуживание,APP1,1100359357,(ТО) YJ13L4,ОТКР ПКАЛ ДМНП KKMP,ГОД  УТВГ ГИП  СГГС,2022-03-25,2022-03-25,3,3
738,ЭД асинх YX3-121M-4,100000025398,(ТО)YX3-121M-4,Техническое обслуживание,APP1,1100359880,(ТО)YX3-121M-4,ОТКР ПКАЛ ДМНП KKMP,ГОД  УТВГ ГИП  СГГС,2022-03-25,2022-03-25,3,3
800,ЭД асинх YJ56E,100000025402,(ТО)YJ56E,Техническое обслуживание,APP1,1100359540,(ТО)YJ56E,ОТКР ПКАЛ ДМНП KKMP,ГОД  УТВГ ГИП  СГГС,2022-03-25,2022-03-25,3,3
777,ЭД асинх YJ56E,100000025401,(ТО)YJ56E,Техническое обслуживание,APP1,1100359528,(ТО)YJ56E,ОТКР ПКАЛ ДМНП KKMP,ГОД  УТВГ ГИП  СГГС,2022-03-25,2022-03-25,3,3
166,ЭД синх ДСЭ-750-6,100000009354,(ТО) ДСЭ-750-6,Техническое обслуживание,APP1,1100358845,(ТО) ДСЭ-750-6,ОТКР ПКАЛ ДМНП,ГОД  УТВГ УТВП ГИП  СРОЧ МТРЦ ТКБЕ СГГС,2022-03-26,2022-04-15,3,4
118,Генератор напора_4ГПЭМ 170-1/1,100000009352,(ТО) 4ГПЭМ 170-1/1,Техническое обслуживание,APP1,1100358934,(ТО) 4ГПЭМ 170-1/1,ОТКР ПКАЛ ДМНП,ГОД  УТВГ УТВП ГИП  СРОЧ МТРЦ ТКБЕ СГГС,2022-03-26,2022-04-15,3,4
189,Генератор подъёма_ 4ГПЭМ 600-1/1,100000009355,(ТО) 4ГПЭМ 600-1/1,Техническое обслуживание,APP1,1100358945,(ТО) 4ГПЭМ 600-1/1,ОТКР ПКАЛ ДМНП,ГОД  УТВГ УТВП ГИП  СРОЧ МТРЦ ТКБЕ СГГС,2022-03-26,2022-04-15,3,4
508,ЭД асинх 4МТКН411-8,100000009600,(ТО) 4МТКН411-8,Техническое обслуживание,APP1,1100358859,(ТО) 4МТКН411-8,ОТКР ПКАЛ ДМНП,ГОД  УТВГ УТВП МЕС  УТВМ ГИП  СРОЧ МТРЦ ТКБЕ СГГС,2022-03-26,2022-02-26,3,2
433,ЭД асинх Д-31,100000009372,(ТО) Д-31,Текущий ремонт,APP1,1100359128,(ТР) Д-31 К 026,ОТКР ПКАЛ ДМНП,ГОД  УТВГ УТВП ГИП  СРОЧ МТРЦ ТКБЕ СГГС,2022-03-26,2022-08-15,3,8
236,ЭД асинх Д-31,100000009357,(ТО) Д-31,Текущий ремонт,APP1,1100359096,(ТР) Д-31,ОТКР ПКАЛ ДМНП,ГОД  УТВГ УТВП ГИП  СРОЧ МТРЦ ТКБЕ СГГС,2022-03-26,2022-03-08,3,3
142,ЭД пост тока 4ГПЭ 300-1/2,100000009353,(ТО) 4ГПЭ 300-1/2,Техническое обслуживание,APP1,1100358679,(ТО) 4ГПЭ 300-1/2,ОТКР ПКАЛ ДМНП,ГОД  УТВГ УТВП ГИП  СРОЧ МТРЦ ТКБЕ СГГС,2022-03-26,2022-04-15,3,4
573,ЭД пост тока ДЭ-818,100000009712,(ТО) ДЭ-818,Техническое обслуживание,APP1,1100359057,(ТО) ДЭ-818 К 023,ОТКР ПКАЛ ДМНП,ГОД  УТВГ УТВП ГИП  СРОЧ МТРЦ ТКБЕ СГГС,2022-03-27,2022-04-15,3,4
213,ЭД пост тока Д-12,100000009356,(ТО) Д-12,Техническое обслуживание,APP1,1100359016,(ТО) Д-12,ОТКР ПКАЛ ДМНП,ГОД  УТВГ УТВП ГИП  СРОЧ МТРЦ ТКБЕ СГГС,2022-03-27,2022-04-15,3,4
94,ЭД пост тока ДЭ-818,100000009351,(ТО) ДЭ-818,Техническое обслуживание,APP1,1100359045,(ТО) ДЭ-818 К 005,ОТКР ПКАЛ ДМНП,ГОД  УТВГ УТВП ГИП  СРОЧ МТРЦ ТКБЕ СГГС,2022-03-27,2022-04-15,3,4
46,ЭД пост тока ДЭВ-814,100000009349,(ТО) ДЭВ-814,Техническое обслуживание,APP1,1100359033,(ТО) ДЭВ-814,ОТКР ПКАЛ ДМНП,ГОД  УТВГ УТВП ГИП  СРОЧ МТРЦ ТКБЕ СГГС,2022-03-27,2022-04-15,3,4
70,ЭД пост тока ДЭВ-814,100000009350,(ТО) ДЭВ-814,Техническое обслуживание,APP1,1100359185,(ТО) ДЭВ-814 К 004,ОТКР ПКАЛ ДМНП,ГОД  УТВГ УТВП ГИП  СРОЧ МТРЦ ТКБЕ СГГС,2022-03-27,2022-04-15,3,4
479,ЭД асинх АИР132S4,100000009596,(ТО) АИР132S4,Техническое обслуживание,APP1,1100359257,(ТО) АИР132S4E3,НЕВЫ ПКАЛ ЗАКР ДМНП,ГОД  УТВГ УТВП МЕС  УТВМ ГИП  МТРЦ ТКБЕ СГГС,2022-03-27,2022-01-17,3,1
627,ЭД асинх АИР100S4,100000009719,(ТО) АИР100S4У2,Техническое обслуживание,APP1,1100359159,(ТО) АИР100S4У2,ОТКР ПКАЛ ДМНП,ГОД  УТВГ УТВП ГИП  СРОЧ МТРЦ ТКБЕ СГГС,2022-03-28,2022-03-28,3,3
399,ЭД асинх АИР100S4,100000009370,(ТО) АИР100S4У2,Техническое обслуживание,APP1,1100359403,(ТО) АИР100S4У2,ДЕБЛ ПЕЧТ ПКАЛ ПРВВ ДМНП,ГОД  УТВГ УТВП МЕС  УТВМ ГИП  МТРЦ ТКБЕ СГГС,2022-03-28,2022-01-17,3,1
550,ЭД пост тока ДЭ-812,100000009711,(ТО) ДЭ-812,Техническое обслуживание,APP1,1100359116,(ТО) ДЭ-812 К 022,ОТКР ПКАЛ ДМНП,ГОД  УТВГ УТВП ГИП  СРОЧ МТРЦ ТКБЕ СГГС,2022-03-28,2022-04-15,3,4
595,ЭД асинх АИР132S4,100000009713,(ТО) АИР132S4,Техническое обслуживание,APP1,1100359707,(ТО) АИР132S4,ОТКР ПКАЛ ДМНП,ГОД  УТВГ УТВП МЕС  УТВМ ГИП  МТРЦ ТКБЕ СГГС,2022-03-29,2022-02-25,3,2
532,ЭД асинх АИР80S4,100000009709,(ТО) АИР80S4,Техническое обслуживание,APP1,1100359309,(ТО) АИР80S4,ОТКР ПКАЛ ДМНП,ГОД  УТВГ УТВП МЕС  УТВМ ГИП  МТРЦ ТКБЕ СГГС,2022-03-29,2022-02-26,3,2
619,ЭД асинх АИР80S4,100000009718,(ТО) АИР80S4,Техническое обслуживание,APP1,1100359725,(ТО) АИР80S4,ОТКР ПКАЛ ДМНП,ГОД  УТВГ УТВП ГИП  СРОЧ МТРЦ ТКБЕ СГГС,2022-03-29,2022-03-29,3,3
500,ЭД асинх АИР132S4,100000009599,(ТО) АИР132S4,Техническое обслуживание,APP1,1100359703,(ТО) АИР132S4,ОТКР ПКАЛ ДМНП,ГОД  УТВГ УТВП МЕС  УТВМ ГИП  СРОЧ МТРЦ ТКБЕ СГГС,2022-03-29,2022-02-26,3,2
603,ЭД асинх АИР132S4,100000009714,(ТО) АИР132S4,Техническое обслуживание,APP1,1100359697,(ТО) АИР132S4,ОТКР ПКАЛ ДМНП,ГОД  УТВГ УТВП ГИП  СРОЧ МТРЦ ТКБЕ СГГС,2022-03-29,2022-03-29,3,3
611,ЭД асинх АИР80S4,100000009717,(ТО) АИР80S4,Техническое обслуживание,APP1,1100359721,(ТО) АИР80S4,ОТКР ПКАЛ ДМНП,ГОД  УТВГ УТВП ГИП  СРОЧ МТРЦ ТКБЕ СГГС,2022-03-29,2022-03-29,3,3
486,ЭД асинх АИР132S4,100000009597,(ТО) АИР132S4,Техническое обслуживание,APP1,1100359495,(ТО) АИР132S4,НЕВЫ ПКАЛ ЗАКР ДМНП,ГОД  УТВГ УТВП МЕС  УТВМ ГИП  МТРЦ ТКБЕ СГГС,2022-03-29,2022-01-17,3,1
493,ЭД асинх АИР132S4,100000009598,(ТО) АИР132S4,Техническое обслуживание,APP1,1100359499,(ТО) АИР132S4,НЕВЫ ПКАЛ ЗАКР ДМНП,ГОД  УТВГ УТВП МЕС  УТВМ ГИП  МТРЦ ТКБЕ СГГС,2022-03-29,2022-01-17,3,1
266,ЭД асинх АИРМ132S4E3,100000009359,(ТО) АИРМ132S4E3,Текущий ремонт,APP1,1100359297,(ТР) АИРМ132S4E3,ПКАЛ ПРВВ ЗАКР МТКУ ДМНП,ГОД  УТВГ УТВП МЕС  УТВМ НЕД  УТВН ГИП  МТРЦ ТКБЕ СГГС,2022-04-05,2022-01-10,4,1
311,ЭД асинх АИР100S4,100000009365,(ТО) АИР100S4У2,Текущий ремонт,APP1,1100359111,(ТР) АИР100S4У2,ОТКР ПКАЛ ДМНП,ГОД  УТВГ УТВП МЕС  ГИП  СРОЧ МТРЦ ТКБЕ ССПЛ,2022-04-05,2022-03-01,4,3
273,ЭД асинх 5АИ132S4,100000009360,(ТО) 5АИ132S4,Текущий ремонт,APP1,1100359155,(ТО) 5АИ132S4,ПКАЛ ПРВВ ЗАКР МТКУ ДМНП,ГОД  УТВГ УТВП МЕС  УТВМ НЕД  УТВН ГИП  МТРЦ ТКБЕ СГГС,2022-04-05,2022-01-10,4,1
280,ЭД асинх АИРМ132S4E3,100000009361,(ТО) АИРМ132S4,Текущий ремонт,APP1,1100359332,(ТР) АИРМ132S4,ПКАЛ ПРВВ ЗАКР МТКУ ДМНП,ГОД  УТВГ УТВП МЕС  УТВМ НЕД  УТВН ГИП  МТРЦ ТКБЕ СГГС,2022-04-05,2022-01-10,4,1
295,ЭД асинх АИР80В4,100000009363,(ТО) АИР80В4,Текущий ремонт,APP1,1100359137,(ТР) АИР80В4,ОТКР ПКАЛ ДМНП,ГОД  УТВГ УТВП МЕС  ГИП  СРОЧ МТРЦ ТКБЕ ССПЛ,2022-04-05,2022-03-01,4,3
287,ЭД асинх АИРМ132S4E3,100000009362,(ТО) АИРМ132S4,Текущий ремонт,APP1,1100359328,(ТР) АИРМ132S4,ОТКР ПКАЛ ДМНП,ГОД  УТВГ УТВП МЕС  ГИП  СРОЧ МТРЦ ТКБЕ ССПЛ,2022-04-05,2022-03-01,4,3
319,ЭД асинх АИР100S4,100000009366,(ТО) АИР100S4У2,Текущий ремонт,APP1,1100359114,(ТР) АИР100S4У2,ОТКР ПКАЛ ДМНП,ГОД  УТВГ УТВП ГИП  СРОЧ МТРЦ ТКБЕ СГГС,2022-04-05,2022-03-15,4,3
303,ЭД асинх АИРМ80B4,100000009364,(ТО) АИРМ80B4,Текущий ремонт,APP1,1100359341,(ТР) АИРМ80B4,ОТКР ПКАЛ ДМНП,ГОД  УТВГ УТВП МЕС  ГИП  МТРЦ ТКБЕ ССПЛ,2022-04-05,2022-03-01,4,3
516,ЭД асинх АИР112S4,100000009707,(ТО) АИР112S4,Текущий ремонт,APP1,1100359172,(ТР) АИР112S4,ОТКР ПКАЛ ДМНП,ГОД  УТВГ УТВП ГИП  СРОЧ МТРЦ ТКБЕ СГГС,2022-04-05,2022-03-15,4,3
540,ЭД асинх АИРМ132S4E3,100000009710,(ТО) АИРМ132S4,Текущий ремонт,APP1,1100359324,(ТР) АИРМ132S4,ОТКР ПКАЛ ДМНП,ГОД  УТВГ УТВП ГИП  СРОЧ МТРЦ ТКБЕ СГГС,2022-04-05,2022-03-15,4,3
524,ЭД асинх АИР80S4,100000009708,(ТО) АИР80S4,Текущий ремонт,APP1,1100359345,(ТР) АИР80S4,ОТКР ПКАЛ ДМНП,ГОД  УТВГ УТВП ГИП  СРОЧ МТРЦ ТКБЕ СГГС,2022-04-05,2022-03-15,4,3
258,ЭД асинх 4МТКН411-8,100000009358,(ТО) 4МТКН411-8,Техническое обслуживание,APP1,1100358855,(ТО) 4МТКН411-8,ПКАЛ ПРВВ ЗАКР ДМНП,ГОД  УТВГ УТВП МЕС  УТВМ НЕД  УТВН ГИП  МТРЦ ТКБЕ СГГС,2022-04-06,2022-01-10,4,1
24,ЭД пост тока ДЭ-812,100000009347,Электродвигатель ДЭ-812 ЧАС,Текущий ремонт,APP1,1100369378,Текущий ремонт,ОТКР ПКАЛ ДМНП,ГОД  УТВГ УТВП ГИП  СРОЧ МТРЦ ТКБЕ СГГС,2022-04-13,2022-03-08,4,3
354,Генератор напора_4ГПЭМ 170-1/1,100000009368,(ТО) 4ГПЭМ 170-1/1,Текущий ремонт,APP1,1100358776,(ТР) 4ГПЭМ 170-1/1,ОТКР ПКАЛ ДМНП,ГОД  УТВГ УТВП ГИП  СРОЧ МТРЦ ТКБЕ СГГС,2022-04-15,2022-08-15,4,8
330,ЭД пост тока 4ГПЭ 300-1/2,100000009367,(ТО) 4ГПЭ 300-1/2,Текущий ремонт,APP1,1100358942,(ТР) 4ГПЭ 300-1/2,ОТКР ПКАЛ ДМНП,ГОД  УТВГ УТВП ГИП  СРОЧ МТРЦ ТКБЕ СГГС,2022-04-15,2022-08-15,4,8
458,ЭД синх ДСЭ-750-6,100000009373,(ТО) ДСЭ-750-6,Текущий ремонт,APP1,1100359029,(ТР) ДСЭ-750-6,ОТКР ПКАЛ ДМНП,ГОД  УТВГ УТВП ГИП  СРОЧ МТРЦ ТКБЕ СГГС,2022-04-15,2022-08-15,4,8
378,Генератор подъёма_4ГПЭМ 600-1/1,100000009369,(ТО) 4ГПЭМ 600-1/1,Текущий ремонт,APP1,1100358966,(ТР) 4ГПЭМ 600-1/1,ОТКР ПКАЛ ДМНП,ГОД  УТВГ УТВП ГИП  СРОЧ МТРЦ ТКБЕ СГГС,2022-04-15,2022-08-15,4,8
410,ЭД пост тока Д-12,100000009371,(ТО) Д-12,Текущий ремонт,APP1,1100359147,(ТР) Д-12,ОТКР ПКАЛ ДМНП,ГОД  УТВГ УТВП ГИП  СРОЧ МТРЦ ТКБЕ СГГС,2022-04-16,2022-08-15,4,8
661,ЭД асинх  YJ13L3,100000025392,ТО Хода №2;  YJ13L3 К 047,Техническое обслуживание,APP1,1100358703,ТО Хода №2;  YJ13L3 К 047,ОТКР ПКАЛ ДМНП KKMP,ГОД  УТВГ ГИП  СГГС,2022-04-20,2022-04-20,4,4
638,ЭД асинх  YJ13L3,100000025391,ТО YJ13L3 К 047,Техническое обслуживание,APP1,1100358725,ТО Хода №1;  YJ13L3 К 047,ОТКР ПКАЛ ДМНП KKMP,ГОД  УТВГ ГИП  СГГС,2022-04-20,2022-04-20,4,4
684,ЭД асинх YJ13L4,100000025393,(ТО) YJ13L4,Техническое обслуживание,APP1,1100359358,(ТО) YJ13L4,ОТКР ПКАЛ ДМНП KKMP,ГОД  УТВГ ГИП  СГГС,2022-04-24,2022-04-24,4,4
778,ЭД асинх YJ56E,100000025401,(ТО)YJ56E,Техническое обслуживание,APP1,1100359529,(ТО)YJ56E,ОТКР ПКАЛ ДМНП KKMP,ГОД  УТВГ ГИП  СГГС,2022-04-24,2022-04-24,4,4
739,ЭД асинх YX3-121M-4,100000025398,(ТО)YX3-121M-4,Техническое обслуживание,APP1,1100359881,(ТО)YX3-121M-4,ОТКР ПКАЛ ДМНП KKMP,ГОД  УТВГ ГИП  СГГС,2022-04-24,2022-04-24,4,4
801,ЭД асинх YJ56E,100000025402,(ТО)YJ56E,Техническое обслуживание,APP1,1100359541,(ТО)YJ56E,ОТКР ПКАЛ ДМНП KKMP,ГОД  УТВГ ГИП  СГГС,2022-04-24,2022-04-24,4,4
863,ЭД асинх YJ80A1,100000025406,(ТО)YJ80A1,Техническое обслуживание,APP1,1100359562,(ТО)YJ80A1,ОТКР ПКАЛ ДМНП KKMP,ГОД  УТВГ ГИП  СГГС,2022-04-24,2022-04-24,4,4
824,ЭД асинх YJ142A,100000025403,(ТО) YJ142A,Техническое обслуживание,APP1,1100359619,(ТО) YJ142A,ОТКР ПКАЛ ДМНП KKMP,ГОД  УТВГ ГИП  СГГС,2022-04-24,2022-04-24,4,4
886,ЭД асинх YJ80A1,100000025407,(ТО)YJ80A1,Техническое обслуживание,APP1,1100359582,(ТО)YJ80A1,ОТКР ПКАЛ ДМНП KKMP,ГОД  УТВГ ГИП  СГГС,2022-04-24,2022-04-24,4,4
167,ЭД синх ДСЭ-750-6,100000009354,(ТО) ДСЭ-750-6,Текущий ремонт,APP1,1100358854,(ТР) ДСЭ-750-6,ОТКР ПКАЛ ДМНП,ГОД  УТВГ УТВП ГИП  СРОЧ МТРЦ ТКБЕ СГГС,2022-04-25,2022-03-08,4,3
143,ЭД пост тока 4ГПЭ 300-1/2,100000009353,(ТО) 4ГПЭ 300-1/2,Текущий ремонт,APP1,1100358928,(ТР) 4ГПЭ 300-1/2,ОТКР ПКАЛ ДМНП,ГОД  УТВГ УТВП ГИП  СРОЧ МТРЦ ТКБЕ СГГС,2022-04-25,2022-03-08,4,3
190,Генератор подъёма_ 4ГПЭМ 600-1/1,100000009355,(ТО) 4ГПЭМ 600-1/1,Текущий ремонт,APP1,1100358954,(ТР) 4ГПЭМ 600-1/1,ОТКР ПКАЛ ДМНП,ГОД  УТВГ УТВП ГИП  СРОЧ МТРЦ ТКБЕ СГГС,2022-04-25,2022-03-08,4,3
119,Генератор напора_4ГПЭМ 170-1/1,100000009352,(ТО) 4ГПЭМ 170-1/1,Текущий ремонт,APP1,1100358983,(ТР) 4ГПЭМ 170-1/1,ОТКР ПКАЛ ДМНП,ГОД  УТВГ УТВП ГИП  СРОЧ МТРЦ ТКБЕ СГГС,2022-04-25,2022-03-08,4,3
214,ЭД пост тока Д-12,100000009356,(ТО) Д-12,Текущий ремонт,APP1,1100359105,(ТР) Д-12,ОТКР ПКАЛ ДМНП,ГОД  УТВГ УТВП ГИП  СРОЧ МТРЦ ТКБЕ СГГС,2022-04-26,2022-03-08,4,3
574,ЭД пост тока ДЭ-818,100000009712,(ТО) ДЭ-818,Текущий ремонт,APP1,1100359166,(ТР) ДЭ-818 К 023,ОТКР ПКАЛ ДМНП,ГОД  УТВГ УТВП ГИП  СРОЧ МТРЦ ТКБЕ СГГС,2022-04-26,2022-03-08,4,3
47,ЭД пост тока ДЭВ-814,100000009349,(ТО) ДЭВ-814,Текущий ремонт,APP1,1100359182,(ТР) ДЭВ-814,ОТКР ПКАЛ ДМНП,ГОД  УТВГ УТВП ГИП  СРОЧ МТРЦ ТКБЕ СГГС,2022-04-26,2022-03-08,4,3
95,ЭД пост тока ДЭ-818,100000009351,(ТО) ДЭ-818,Текущий ремонт,APP1,1100359054,(ТР) ДЭ-818 К 005,ОТКР ПКАЛ ДМНП,ГОД  УТВГ УТВП ГИП  СРОЧ МТРЦ ТКБЕ СГГС,2022-04-26,2022-03-08,4,3
71,ЭД пост тока ДЭВ-814,100000009350,(ТО) ДЭВ-814,Текущий ремонт,APP1,1100359194,(ТР) ДЭВ-814 К 004,ОТКР ПКАЛ ДМНП,ГОД  УТВГ УТВП ГИП  СРОЧ МТРЦ ТКБЕ СГГС,2022-04-26,2022-03-08,4,3
237,ЭД асинх Д-31,100000009357,(ТО) Д-31,Техническое обслуживание,APP1,1100359087,(ТО) Д-31,ОТКР ПКАЛ ДМНП,ГОД  УТВГ УТВП ГИП  МТРЦ ТКБЕ СГГС,2022-04-27,2022-04-27,4,4
434,ЭД асинх Д-31,100000009372,(ТО) Д-31,Техническое обслуживание,APP1,1100359099,(ТО) Д-31 К 026,ОТКР ПКАЛ ДМНП,ГОД  УТВГ УТВП ГИП  СРОЧ МТРЦ ТКБЕ СГГС,2022-04-27,2022-03-27,4,3
551,ЭД пост тока ДЭ-812,100000009711,(ТО) ДЭ-812,Текущий ремонт,APP1,1100359385,(ТР) ДЭ-812,ОТКР ПКАЛ ДМНП,ГОД  УТВГ УТВП ГИП  СРОЧ МТРЦ ТКБЕ СГГС,2022-04-27,2022-03-08,4,3
25,ЭД пост тока ДЭ-812,100000009347,Электродвигатель ДЭ-812 ЧАС,Техническое обслуживание,APP1,1100369370,(ТО) ДЭ-812 К 001,ОТКР ПКАЛ ДМНП,ГОД  УТВГ УТВП ГИП  МТРЦ ТКБЕ СГГС,2022-05-13,2022-05-13,5,5
331,ЭД пост тока 4ГПЭ 300-1/2,100000009367,(ТО) 4ГПЭ 300-1/2,Техническое обслуживание,APP1,1100358914,(ТО) 4ГПЭ 300-1/2,ОТКР ПКАЛ ДМНП,ГОД  УТВГ УТВП ГИП  МТРЦ ТКБЕ СГГС,2022-05-15,2022-05-15,5,5
379,Генератор подъёма_4ГПЭМ 600-1/1,100000009369,(ТО) 4ГПЭМ 600-1/1,Техническое обслуживание,APP1,1100358958,(ТО) 4ГПЭМ 600-1/1,ОТКР ПКАЛ ДМНП,ГОД  УТВГ УТВП ГИП  МТРЦ ТКБЕ СГГС,2022-05-15,2022-05-15,5,5
355,Генератор напора_4ГПЭМ 170-1/1,100000009368,(ТО) 4ГПЭМ 170-1/1,Техническое обслуживание,APP1,1100358768,(ТО) 4ГПЭМ 170-1/1,ОТКР ПКАЛ ДМНП,ГОД  УТВГ УТВП ГИП  МТРЦ ТКБЕ СГГС,2022-05-15,2022-05-15,5,5
459,ЭД синх ДСЭ-750-6,100000009373,(ТО) ДСЭ-750-6,Техническое обслуживание,APP1,1100359021,(ТО) ДСЭ-750-6,ОТКР ПКАЛ ДМНП,ГОД  УТВГ УТВП ГИП  МТРЦ ТКБЕ СГГС,2022-05-15,2022-05-15,5,5
411,ЭД пост тока Д-12,100000009371,(ТО) Д-12,Техническое обслуживание,APP1,1100358999,(ТО) Д-12,ОТКР ПКАЛ ДМНП,ГОД  УТВГ УТВП ГИП  МТРЦ ТКБЕ СГГС,2022-05-16,2022-05-16,5,5
662,ЭД асинх  YJ13L3,100000025392,ТО Хода №2;  YJ13L3 К 047,Техническое обслуживание,APP1,1100358704,ТО Хода №2;  YJ13L3 К 047,ОТКР ПКАЛ ДМНП KKMP,ГОД  УТВГ ГИП  СГГС,2022-05-20,2022-05-20,5,5
639,ЭД асинх  YJ13L3,100000025391,ТО YJ13L3 К 047,Техническое обслуживание,APP1,1100358726,ТО Хода №1;  YJ13L3 К 047,ОТКР ПКАЛ ДМНП KKMP,ГОД  УТВГ ГИП  СГГС,2022-05-20,2022-05-20,5,5
721,ЭД асинх  M2BAX 100LB 4,100000025396,(ТО) M2BAX 100L К 052,Техническое обслуживание,APP1,1100359396,(ТО) M2BAX 100L К 052,ОТКР ПКАЛ ДМНП KKMP,ГОД  УТВГ ГИП  СГГС,2022-05-24,2022-05-24,5,5
768,ЭД асинх HM2-100L-8,100000025400,(ТО)HM2-100L-8,Техническое обслуживание,APP1,1100359318,(ТО)HM2-100L-8,ОТКР ПКАЛ ДМНП KKMP,ГОД  УТВГ ГИП  СГГС,2022-05-24,2022-05-24,5,5
779,ЭД асинх YJ56E,100000025401,(ТО)YJ56E,Техническое обслуживание,APP1,1100359530,(ТО)YJ56E,ОТКР ПКАЛ ДМНП KKMP,ГОД  УТВГ ГИП  СГГС,2022-05-24,2022-05-24,5,5
887,ЭД асинх YJ80A1,100000025407,(ТО)YJ80A1,Техническое обслуживание,APP1,1100359583,(ТО)YJ80A1,ОТКР ПКАЛ ДМНП KKMP,ГОД  УТВГ ГИП  СГГС,2022-05-24,2022-05-24,5,5
760,ЭД асинх DYP-132S-4G,100000025399,(ТО) DYP-132S-4G,Техническое обслуживание,APP1,1100359865,(ТО) DYP-132S-4G,ОТКР ПКАЛ ДМНП KKMP,ГОД  УТВГ ГИП  СГГС,2022-05-24,2022-05-24,5,5
853,ЭД асинх 1LE0002-1BC2 3-3FA4 132M,100000025405,(ТО)1LE0002-1BC,Техническое обслуживание,APP1,1100359901,(ТО)1LE0002-1BC,ОТКР ПКАЛ ДМНП KKMP,ГОД  УТВГ ГИП  СГГС,2022-05-24,2022-05-24,5,5
802,ЭД асинх YJ56E,100000025402,(ТО)YJ56E,Техническое обслуживание,APP1,1100359542,(ТО)YJ56E,ОТКР ПКАЛ ДМНП KKMP,ГОД  УТВГ ГИП  СГГС,2022-05-24,2022-05-24,5,5
740,ЭД асинх YX3-121M-4,100000025398,(ТО)YX3-121M-4,Техническое обслуживание,APP1,1100359882,(ТО)YX3-121M-4,ОТКР ПКАЛ ДМНП KKMP,ГОД  УТВГ ГИП  СГГС,2022-05-24,2022-05-24,5,5
825,ЭД асинх YJ142A,100000025403,(ТО) YJ142A,Техническое обслуживание,APP1,1100359620,(ТО) YJ142A,ОТКР ПКАЛ ДМНП KKMP,ГОД  УТВГ ГИП  СГГС,2022-05-24,2022-05-24,5,5
845,ЭД асинх 1LE0002-1BC2 3-3FA4 132M,100000025404,(ТО)1LE0002-1BC,Техническое обслуживание,APP1,1100359854,(ТО)1LE0002-1BC,ОТКР ПКАЛ ДМНП KKMP,ГОД  УТВГ ГИП  СГГС,2022-05-24,2022-05-24,5,5
685,ЭД асинх YJ13L4,100000025393,(ТО) YJ13L4,Техническое обслуживание,APP1,1100359359,(ТО) YJ13L4,ОТКР ПКАЛ ДМНП KKMP,ГОД  УТВГ ГИП  СГГС,2022-05-24,2022-05-24,5,5
864,ЭД асинх YJ80A1,100000025406,(ТО)YJ80A1,Техническое обслуживание,APP1,1100359563,(ТО)YJ80A1,ОТКР ПКАЛ ДМНП KKMP,ГОД  УТВГ ГИП  СГГС,2022-05-24,2022-05-24,5,5
729,ЭД асинх  M2BAX 100LB 4,100000025397,(ТО) M2BAX 100L К 052,Техническое обслуживание,APP1,1100359603,(ТО) M2BAX 100L К 052,ОТКР ПКАЛ ДМНП KKMP,ГОД  УТВГ ГИП  СГГС,2022-05-24,2022-05-24,5,5
713,ЭД асинх YE2-90S,100000025395,(ТО)YE2-90S-4,Техническое обслуживание,APP1,1100359732,(ТО)YE2-90S-4,ОТКР ПКАЛ ДМНП KKMP,ГОД  УТВГ ГИП  СГГС,2022-05-24,2022-05-24,5,5
705,ЭД асинх YE2-132S,100000025394,(ТО) YE2-132S-4,Техническое обслуживание,APP1,1100359597,(ТО) YE2-132S-4,ОТКР ПКАЛ ДМНП KKMP,ГОД  УТВГ ГИП  СГГС,2022-05-24,2022-05-24,5,5
191,Генератор подъёма_ 4ГПЭМ 600-1/1,100000009355,(ТО) 4ГПЭМ 600-1/1,Техническое обслуживание,APP1,1100358946,(ТО) 4ГПЭМ 600-1/1,ОТКР ПКАЛ ДМНП,ГОД  УТВГ УТВП ГИП  МТРЦ ТКБЕ СГГС,2022-05-25,2022-05-25,5,5
120,Генератор напора_4ГПЭМ 170-1/1,100000009352,(ТО) 4ГПЭМ 170-1/1,Техническое обслуживание,APP1,1100358935,(ТО) 4ГПЭМ 170-1/1,ОТКР ПКАЛ ДМНП,ГОД  УТВГ УТВП ГИП  МТРЦ ТКБЕ СГГС,2022-05-25,2022-05-25,5,5
168,ЭД синх ДСЭ-750-6,100000009354,(ТО) ДСЭ-750-6,Техническое обслуживание,APP1,1100358846,(ТО) ДСЭ-750-6,ОТКР ПКАЛ ДМНП,ГОД  УТВГ УТВП ГИП  МТРЦ ТКБЕ СГГС,2022-05-25,2022-05-25,5,5
144,ЭД пост тока 4ГПЭ 300-1/2,100000009353,(ТО) 4ГПЭ 300-1/2,Техническое обслуживание,APP1,1100358920,(ТО) 4ГПЭ 300-1/2,ОТКР ПКАЛ ДМНП,ГОД  УТВГ УТВП ГИП  МТРЦ ТКБЕ СГГС,2022-05-25,2022-05-25,5,5
215,ЭД пост тока Д-12,100000009356,(ТО) Д-12,Техническое обслуживание,APP1,1100359017,(ТО) Д-12,ОТКР ПКАЛ ДМНП,ГОД  УТВГ УТВП ГИП  МТРЦ ТКБЕ СГГС,2022-05-26,2022-05-26,5,5
238,ЭД асинх Д-31,100000009357,(ТО) Д-31,Техническое обслуживание,APP1,1100359088,(ТО) Д-31,ОТКР ПКАЛ ДМНП,ГОД  УТВГ УТВП ГИП  МТРЦ ТКБЕ СГГС,2022-05-26,2022-05-26,5,5
48,ЭД пост тока ДЭВ-814,100000009349,(ТО) ДЭВ-814,Техническое обслуживание,APP1,1100359034,(ТО) ДЭВ-814,ОТКР ПКАЛ ДМНП,ГОД  УТВГ УТВП ГИП  МТРЦ ТКБЕ СГГС,2022-05-26,2022-05-26,5,5
575,ЭД пост тока ДЭ-818,100000009712,(ТО) ДЭ-818,Техническое обслуживание,APP1,1100359058,(ТО) ДЭ-818 К 023,ОТКР ПКАЛ ДМНП,ГОД  УТВГ УТВП ГИП  МТРЦ ТКБЕ СГГС,2022-05-26,2022-05-26,5,5
96,ЭД пост тока ДЭ-818,100000009351,(ТО) ДЭ-818,Техническое обслуживание,APP1,1100359046,(ТО) ДЭ-818 К 005,ОТКР ПКАЛ ДМНП,ГОД  УТВГ УТВП ГИП  МТРЦ ТКБЕ СГГС,2022-05-26,2022-05-26,5,5
72,ЭД пост тока ДЭВ-814,100000009350,(ТО) ДЭВ-814,Техническое обслуживание,APP1,1100359186,(ТО) ДЭВ-814 К 004,ОТКР ПКАЛ ДМНП,ГОД  УТВГ УТВП ГИП  МТРЦ ТКБЕ СГГС,2022-05-26,2022-05-26,5,5
435,ЭД асинх Д-31,100000009372,(ТО) Д-31,Техническое обслуживание,APP1,1100359120,(ТО) Д-31 К 026,ОТКР ПКАЛ ДМНП,ГОД  УТВГ УТВП ГИП  МТРЦ ТКБЕ СГГС,2022-05-26,2022-05-26,5,5
552,ЭД пост тока ДЭ-812,100000009711,(ТО) ДЭ-812,Техническое обслуживание,APP1,1100359117,(ТО) ДЭ-812,ОТКР ПКАЛ ДМНП,ГОД  УТВГ УТВП ГИП  МТРЦ ТКБЕ СГГС,2022-05-27,2022-05-27,5,5
501,ЭД асинх АИР132S4,100000009599,(ТО) АИР132S4,Текущий ремонт,APP1,1100359706,(ТР) АИР132S4,ОТКР ПКАЛ ДМНП,ГОД  УТВГ УТВП ГИП  СРОЧ МТРЦ ТКБЕ СГГС,2022-06-14,2022-05-14,6,5
494,ЭД асинх АИР132S4,100000009598,(ТО) АИР132S4,Текущий ремонт,APP1,1100359702,(ТР) АИР132S4,ОТКР ПКАЛ ДМНП,ГОД  УТВГ УТВП ГИП  СРОЧ МТРЦ ТКБЕ СГГС,2022-06-14,2022-04-14,6,4
509,ЭД асинх 4МТКН411-8,100000009600,(ТО) 4МТКН411-8,Техническое обслуживание,APP1,1100359040,(ТО) 4МТКН411-8,ОТКР ПКАЛ ДМНП,ГОД  УТВГ УТВП ГИП  МТРЦ ТКБЕ СГГС,2022-06-14,2022-05-14,6,5
487,ЭД асинх АИР132S4,100000009597,(ТО) АИР132S4,Текущий ремонт,APP1,1100359498,(ТР) АИР132S4,ОТКР ПКАЛ ДМНП,ГОД  УТВГ УТВП ГИП  СРОЧ МТРЦ ТКБЕ СГГС,2022-06-14,2022-04-14,6,4
436,ЭД асинх Д-31,100000009372,(ТО) Д-31,Техническое обслуживание,APP1,1100359121,(ТО) Д-31 К 026,ОТКР ПКАЛ ДМНП,ГОД  УТВГ УТВП ГИП  МТРЦ ТКБЕ СГГС,2022-06-14,2022-06-14,6,6
480,ЭД асинх АИР132S4,100000009596,(ТО) АИР132S4,Текущий ремонт,APP1,1100359320,(ТР) АИР132S4,ОТКР ПКАЛ ДМНП,ГОД  УТВГ УТВП ГИП  СРОЧ МТРЦ ТКБЕ СГГС,2022-06-14,2022-04-14,6,4
628,ЭД асинх АИР100S4,100000009719,(ТО) АИР100S4У2,Текущий ремонт,APP1,1100359402,(ТР) АИР100S4У2,ОТКР ПКАЛ ДМНП,ГОД  УТВГ УТВП ГИП  СРОЧ МТРЦ ТКБЕ СГГС,2022-06-14,2022-06-14,6,6
400,ЭД асинх АИР100S4,100000009370,(ТО) АИР100S4У2,Текущий ремонт,APP1,1100359406,(ТР) АИР100S4У2,ОТКР ПКАЛ ДМНП,ГОД  УТВГ УТВП ГИП  СРОЧ МТРЦ ТКБЕ СГГС,2022-06-14,2022-04-14,6,4
604,ЭД асинх АИР132S4,100000009714,(ТО) АИР132S4,Текущий ремонт,APP1,1100359720,(ТР) АИР132S4,ОТКР ПКАЛ ДМНП,ГОД  УТВГ УТВП ГИП  СРОЧ МТРЦ ТКБЕ СГГС,2022-06-14,2022-06-14,6,6
612,ЭД асинх АИР80S4,100000009717,(ТО) АИР80S4,Текущий ремонт,APP1,1100359724,(ТР) АИР80S4,ОТКР ПКАЛ ДМНП,ГОД  УТВГ УТВП ГИП  СРОЧ МТРЦ ТКБЕ СГГС,2022-06-14,2022-06-14,6,6
412,ЭД пост тока Д-12,100000009371,(ТО) Д-12,Техническое обслуживание,APP1,1100359140,(ТО) Д-12,ОТКР ПКАЛ ДМНП,ГОД  УТВГ УТВП ГИП  МТРЦ ТКБЕ СГГС,2022-06-14,2022-06-14,6,6
533,ЭД асинх АИР80S4,100000009709,(ТО) АИР80S4,Текущий ремонт,APP1,1100359312,(ТР) АИР80S4,ОТКР ПКАЛ ДМНП,ГОД  УТВГ УТВП ГИП  СРОЧ МТРЦ ТКБЕ СГГС,2022-06-14,2022-05-14,6,5
596,ЭД асинх АИР132S4,100000009713,(ТО) АИР132S4,Текущий ремонт,APP1,1100359710,(ТР) АИР132S4,ОТКР ПКАЛ ДМНП,ГОД  УТВГ УТВП ГИП  СРОЧ МТРЦ ТКБЕ СГГС,2022-06-14,2022-05-14,6,5
620,ЭД асинх АИР80S4,100000009718,(ТО) АИР80S4,Текущий ремонт,APP1,1100359728,(ТР) АИР80S4,ОТКР ПКАЛ ДМНП,ГОД  УТВГ УТВП ГИП  СРОЧ МТРЦ ТКБЕ СГГС,2022-06-14,2022-06-14,6,6
460,ЭД синх ДСЭ-750-6,100000009373,(ТО) ДСЭ-750-6,Техническое обслуживание,APP1,1100359022,(ТО) ДСЭ-750-6,ОТКР ПКАЛ ДМНП,ГОД  УТВГ УТВП ГИП  МТРЦ ТКБЕ СГГС,2022-06-14,2022-06-14,6,6
356,Генератор напора_4ГПЭМ 170-1/1,100000009368,(ТО) 4ГПЭМ 170-1/1,Техническое обслуживание,APP1,1100358769,(ТО) 4ГПЭМ 170-1/1,ОТКР ПКАЛ ДМНП,ГОД  УТВГ УТВП ГИП  МТРЦ ТКБЕ СГГС,2022-06-14,2022-06-14,6,6
380,Генератор подъёма_4ГПЭМ 600-1/1,100000009369,(ТО) 4ГПЭМ 600-1/1,Техническое обслуживание,APP1,1100358959,(ТО) 4ГПЭМ 600-1/1,ОТКР ПКАЛ ДМНП,ГОД  УТВГ УТВП ГИП  МТРЦ ТКБЕ СГГС,2022-06-14,2022-06-14,6,6
332,ЭД пост тока 4ГПЭ 300-1/2,100000009367,(ТО) 4ГПЭ 300-1/2,Техническое обслуживание,APP1,1100358915,(ТО) 4ГПЭ 300-1/2,ОТКР ПКАЛ ДМНП,ГОД  УТВГ УТВП ГИП  МТРЦ ТКБЕ СГГС,2022-06-14,2022-06-14,6,6
686,ЭД асинх YJ13L4,100000025393,(ТО) YJ13L4,Текущий ремонт,APP1,1100359647,(ТР) YJ13L4,ОТКР ПКАЛ ДМНП KKMP,ГОД  УТВГ ГИП  СГГС,2022-06-23,2022-06-23,6,6
865,ЭД асинх YJ80A1,100000025406,(ТО)YJ80A1,Техническое обслуживание,APP1,1100359560,(ТО)YJ80A1,ОТКР ПКАЛ ДМНП,ГОД  УТВГ ГИП  МТРЦ СГГС,2022-06-23,2022-06-23,6,6
826,ЭД асинх YJ142A,100000025403,(ТО) YJ142A,Техническое обслуживание,APP1,1100359621,(ТО) YJ142A,ОТКР ПКАЛ ДМНП KKMP,ГОД  УТВГ ГИП  СГГС,2022-06-23,2022-06-23,6,6
888,ЭД асинх YJ80A1,100000025407,(ТО)YJ80A1,Техническое обслуживание,APP1,1100359584,(ТО)YJ80A1,ОТКР ПКАЛ ДМНП KKMP,ГОД  УТВГ ГИП  СГГС,2022-06-23,2022-06-23,6,6
741,ЭД асинх YX3-121M-4,100000025398,(ТО)YX3-121M-4,Техническое обслуживание,APP1,1100359883,(ТО)YX3-121M-4,ОТКР ПКАЛ ДМНП KKMP,ГОД  УТВГ ГИП  СГГС,2022-06-23,2022-06-23,6,6
803,ЭД асинх YJ56E,100000025402,(ТО)YJ56E,Техническое обслуживание,APP1,1100359543,(ТО)YJ56E,ОТКР ПКАЛ ДМНП KKMP,ГОД  УТВГ ГИП  СГГС,2022-06-23,2022-06-23,6,6
640,ЭД асинх  YJ13L3,100000025391,ТО YJ13L3 К 047,Техническое обслуживание,APP1,1100358727,ТО Хода №1;  YJ13L3 К 047,ОТКР ПКАЛ ДМНП KKMP,ГОД  УТВГ ГИП  СГГС,2022-06-23,2022-06-23,6,6
663,ЭД асинх  YJ13L3,100000025392,ТО Хода №2;  YJ13L3 К 047,Техническое обслуживание,APP1,1100358705,ТО Хода №2;  YJ13L3 К 047,ОТКР ПКАЛ ДМНП KKMP,ГОД  УТВГ ГИП  СГГС,2022-06-23,2022-06-23,6,6
780,ЭД асинх YJ56E,100000025401,(ТО)YJ56E,Техническое обслуживание,APP1,1100359531,(ТО)YJ56E,ОТКР ПКАЛ ДМНП KKMP,ГОД  УТВГ ГИП  СГГС,2022-06-23,2022-06-23,6,6
288,ЭД асинх АИРМ132S4E3,100000009362,(ТО) АИРМ132S4,Техническое обслуживание,APP1,1100359325,(ТО) АИРМ132S4,ОТКР ПКАЛ ДМНП,ГОД  УТВГ УТВП ГИП  МТРЦ ТКБЕ СГГС,2022-06-27,2022-05-17,6,5
296,ЭД асинх АИР80В4,100000009363,(ТО) АИР80В4,Техническое обслуживание,APP1,1100359134,(ТО) АИР80В4,ОТКР ПКАЛ ДМНП,ГОД  УТВГ УТВП ГИП  МТРЦ ТКБЕ СГГС,2022-06-27,2022-05-17,6,5
304,ЭД асинх АИРМ80B4,100000009364,(ТО) АИРМ80B4,Техническое обслуживание,APP1,1100359138,(ТО) АИРМ80B4,ОТКР ПКАЛ ДМНП,ГОД  УТВГ УТВП ГИП  МТРЦ ТКБЕ СГГС,2022-06-27,2022-05-17,6,5
281,ЭД асинх АИРМ132S4E3,100000009361,(ТО) АИРМ132S4,Техническое обслуживание,APP1,1100359329,(ТО) АИРМ132S4,ОТКР ПКАЛ ДМНП,ГОД  УТВГ УТВП ГИП  МТРЦ ТКБЕ СГГС,2022-06-27,2022-04-17,6,4
259,ЭД асинх 4МТКН411-8,100000009358,(ТО) 4МТКН411-8,Техническое обслуживание,APP1,1100358856,(ТО) 4МТКН411-8,ОТКР ПКАЛ ДМНП,ГОД  УТВГ УТВП ГИП  МТРЦ ТКБЕ СГГС,2022-06-27,2022-04-17,6,4
239,ЭД асинх Д-31,100000009357,(ТО) Д-31,Техническое обслуживание,APP1,1100359089,(ТО) Д-31,ОТКР ПКАЛ ДМНП,ГОД  УТВГ УТВП ГИП  МТРЦ ТКБЕ СГГС,2022-06-27,2022-06-27,6,6
517,ЭД асинх АИР112S4,100000009707,(ТО) АИР112S4,Техническое обслуживание,APP1,1100359169,(ТО) АИР112S4,ОТКР ПКАЛ ДМНП,ГОД  УТВГ УТВП ГИП  МТРЦ ТКБЕ СГГС,2022-06-27,2022-06-07,6,6
312,ЭД асинх АИР100S4,100000009365,(ТО) АИР100S4У2,Техническое обслуживание,APP1,1100359156,(ТО) АИР100S4У2,ОТКР ПКАЛ ДМНП,ГОД  УТВГ УТВП ГИП  МТРЦ ТКБЕ СГГС,2022-06-27,2022-05-17,6,5
541,ЭД асинх АИРМ132S4E3,100000009710,(ТО) АИРМ132S4,Техническое обслуживание,APP1,1100359321,(ТО) АИР132S4,ОТКР ПКАЛ ДМНП,ГОД  УТВГ УТВП ГИП  МТРЦ ТКБЕ СГГС,2022-06-27,2022-06-07,6,6
525,ЭД асинх АИР80S4,100000009708,(ТО) АИР80S4,Техническое обслуживание,APP1,1100359342,(ТО) АИР80S4,ОТКР ПКАЛ ДМНП,ГОД  УТВГ УТВП ГИП  МТРЦ ТКБЕ СГГС,2022-06-27,2022-06-07,6,6
267,ЭД асинх АИРМ132S4E3,100000009359,(ТО) АИРМ132S4E3,Техническое обслуживание,APP1,1100359294,(ТО) АИРМ132S4E3,ОТКР ПКАЛ ДМНП,ГОД  УТВГ УТВП ГИП  МТРЦ ТКБЕ СГГС,2022-06-27,2022-04-17,6,4
320,ЭД асинх АИР100S4,100000009366,(ТО) АИР100S4У2,Техническое обслуживание,APP1,1100359157,(ТО) АИР100S4У2,ОТКР ПКАЛ ДМНП,ГОД  УТВГ УТВП ГИП  МТРЦ ТКБЕ СГГС,2022-06-27,2022-06-07,6,6
274,ЭД асинх 5АИ132S4,100000009360,(ТО) 5АИ132S4,Техническое обслуживание,APP1,1100359152,(ТО) 5АИ132S4,ОТКР ПКАЛ ДМНП,ГОД  УТВГ УТВП ГИП  МТРЦ ТКБЕ СГГС,2022-06-27,2022-04-17,6,4
169,ЭД синх ДСЭ-750-6,100000009354,(ТО) ДСЭ-750-6,Техническое обслуживание,APP1,1100358847,(ТО) ДСЭ-750-6,ОТКР ПКАЛ ДМНП,ГОД  УТВГ УТВП ГИП  МТРЦ ТКБЕ СГГС,2022-06-28,2022-06-28,6,6
192,Генератор подъёма_ 4ГПЭМ 600-1/1,100000009355,(ТО) 4ГПЭМ 600-1/1,Техническое обслуживание,APP1,1100358947,(ТО) 4ГПЭМ 600-1/1,ОТКР ПКАЛ ДМНП,ГОД  УТВГ УТВП ГИП  МТРЦ ТКБЕ СГГС,2022-06-28,2022-06-28,6,6
145,ЭД пост тока 4ГПЭ 300-1/2,100000009353,(ТО) 4ГПЭ 300-1/2,Техническое обслуживание,APP1,1100358921,(ТО) 4ГПЭ 300-1/2,ОТКР ПКАЛ ДМНП,ГОД  УТВГ УТВП ГИП  МТРЦ ТКБЕ СГГС,2022-06-28,2022-06-28,6,6
216,ЭД пост тока Д-12,100000009356,(ТО) Д-12,Техническое обслуживание,APP1,1100359018,(ТО) Д-12,ОТКР ПКАЛ ДМНП,ГОД  УТВГ УТВП ГИП  МТРЦ ТКБЕ СГГС,2022-06-28,2022-06-28,6,6
553,ЭД пост тока ДЭ-812,100000009711,(ТО) ДЭ-812,Техническое обслуживание,APP1,1100359118,(ТО) ДЭ-812,ОТКР ПКАЛ ДМНП,ГОД  УТВГ УТВП ГИП  МТРЦ ТКБЕ СГГС,2022-06-28,2022-06-28,6,6
121,Генератор напора_4ГПЭМ 170-1/1,100000009352,(ТО) 4ГПЭМ 170-1/1,Техническое обслуживание,APP1,1100358936,(ТО) 4ГПЭМ 170-1/1,ОТКР ПКАЛ ДМНП,ГОД  УТВГ УТВП ГИП  МТРЦ ТКБЕ СГГС,2022-06-28,2022-06-28,6,6
576,ЭД пост тока ДЭ-818,100000009712,(ТО) ДЭ-818,Техническое обслуживание,APP1,1100359059,(ТО) ДЭ-818 К 023,ОТКР ПКАЛ ДМНП,ГОД  УТВГ УТВП ГИП  МТРЦ ТКБЕ СГГС,2022-06-28,2022-06-28,6,6
97,ЭД пост тока ДЭ-818,100000009351,(ТО) ДЭ-818,Техническое обслуживание,APP1,1100359047,(ТО) ДЭ-818 К 005,ОТКР ПКАЛ ДМНП,ГОД  УТВГ УТВП ГИП  МТРЦ ТКБЕ СГГС,2022-06-28,2022-06-28,6,6
73,ЭД пост тока ДЭВ-814,100000009350,(ТО) ДЭВ-814,Техническое обслуживание,APP1,1100359187,(ТО) ДЭВ-814 К 004,ОТКР ПКАЛ ДМНП,ГОД  УТВГ УТВП ГИП  МТРЦ ТКБЕ СГГС,2022-06-28,2022-06-28,6,6
49,ЭД пост тока ДЭВ-814,100000009349,(ТО) ДЭВ-814,Техническое обслуживание,APP1,1100359035,(ТО) ДЭВ-814,ОТКР ПКАЛ ДМНП,ГОД  УТВГ УТВП ГИП  МТРЦ ТКБЕ СГГС,2022-06-28,2022-06-28,6,6
26,ЭД пост тока ДЭ-812,100000009347,Электродвигатель ДЭ-812 ЧАС,Техническое обслуживание,APP1,1100369371,(ТО) ДЭ-812 К 001,ОТКР ПКАЛ ДМНП,ГОД  УТВГ УТВП ГИП  МТРЦ ТКБЕ СГГС,2022-06-28,2022-06-28,6,6
27,ЭД пост тока ДЭ-812,100000009347,Электродвигатель ДЭ-812 ЧАС,Техническое обслуживание,APP1,1100369372,(ТО) ДЭ-812 К 001,ОТКР ПКАЛ ДМНП,ГОД  УТВГ УТВП ГИП  МТРЦ ТКБЕ СГГС,2022-07-12,2022-07-12,7,7
333,ЭД пост тока 4ГПЭ 300-1/2,100000009367,(ТО) 4ГПЭ 300-1/2,Техническое обслуживание,APP1,1100358916,(ТО) 4ГПЭ 300-1/2,ОТКР ПКАЛ ДМНП,ГОД  УТВГ УТВП ГИП  МТРЦ ТКБЕ СГГС,2022-07-14,2022-07-14,7,7
381,Генератор подъёма_4ГПЭМ 600-1/1,100000009369,(ТО) 4ГПЭМ 600-1/1,Техническое обслуживание,APP1,1100358960,(ТО) 4ГПЭМ 600-1/1,ОТКР ПКАЛ ДМНП,ГОД  УТВГ УТВП ГИП  МТРЦ ТКБЕ СГГС,2022-07-14,2022-07-14,7,7
357,Генератор напора_4ГПЭМ 170-1/1,100000009368,(ТО) 4ГПЭМ 170-1/1,Техническое обслуживание,APP1,1100358770,(ТО) 4ГПЭМ 170-1/1,ОТКР ПКАЛ ДМНП,ГОД  УТВГ УТВП ГИП  МТРЦ ТКБЕ СГГС,2022-07-14,2022-07-14,7,7
461,ЭД синх ДСЭ-750-6,100000009373,(ТО) ДСЭ-750-6,Техническое обслуживание,APP1,1100359023,(ТО) ДСЭ-750-6,ОТКР ПКАЛ ДМНП,ГОД  УТВГ УТВП ГИП  МТРЦ ТКБЕ СГГС,2022-07-14,2022-07-14,7,7
413,ЭД пост тока Д-12,100000009371,(ТО) Д-12,Техническое обслуживание,APP1,1100359141,(ТО) Д-12,ОТКР ПКАЛ ДМНП,ГОД  УТВГ УТВП ГИП  МТРЦ ТКБЕ СГГС,2022-07-15,2022-07-15,7,7
641,ЭД асинх  YJ13L3,100000025391,ТО YJ13L3 К 047,Техническое обслуживание,APP1,1100358728,ТО Хода №1;  YJ13L3 К 047,ОТКР ПКАЛ ДМНП KKMP,ГОД  УТВГ ГИП  СГГС,2022-07-19,2022-07-19,7,7
664,ЭД асинх  YJ13L3,100000025392,ТО Хода №2;  YJ13L3 К 047,Техническое обслуживание,APP1,1100358706,ТО Хода №2;  YJ13L3 К 047,ОТКР ПКАЛ ДМНП KKMP,ГОД  УТВГ ГИП  СГГС,2022-07-19,2022-07-19,7,7
889,ЭД асинх YJ80A1,100000025407,(ТО)YJ80A1,Техническое обслуживание,APP1,1100359585,(ТО)YJ80A1,ОТКР ПКАЛ ДМНП KKMP,ГОД  УТВГ ГИП  СГГС,2022-07-23,2022-07-23,7,7
742,ЭД асинх YX3-121M-4,100000025398,(ТО)YX3-121M-4,Техническое обслуживание,APP1,1100359884,(ТО)YX3-121M-4,ОТКР ПКАЛ ДМНП KKMP,ГОД  УТВГ ГИП  СГГС,2022-07-23,2022-07-23,7,7
804,ЭД асинх YJ56E,100000025402,(ТО)YJ56E,Техническое обслуживание,APP1,1100359544,(ТО)YJ56E,ОТКР ПКАЛ ДМНП KKMP,ГОД  УТВГ ГИП  СГГС,2022-07-23,2022-07-23,7,7
866,ЭД асинх YJ80A1,100000025406,(ТО)YJ80A1,Техническое обслуживание,APP1,1100359565,(ТО)YJ80A1,ОТКР ПКАЛ ДМНП KKMP,ГОД  УТВГ ГИП  СГГС,2022-07-23,2022-07-23,7,7
687,ЭД асинх YJ13L4,100000025393,(ТО) YJ13L4,Техническое обслуживание,APP1,1100359640,(ТО) YJ13L4,ОТКР ПКАЛ ДМНП KKMP,ГОД  УТВГ ГИП  СГГС,2022-07-23,2022-07-23,7,7
781,ЭД асинх YJ56E,100000025401,(ТО)YJ56E,Техническое обслуживание,APP1,1100359532,(ТО)YJ56E,ОТКР ПКАЛ ДМНП KKMP,ГОД  УТВГ ГИП  СГГС,2022-07-23,2022-07-23,7,7
827,ЭД асинх YJ142A,100000025403,(ТО) YJ142A,Техническое обслуживание,APP1,1100359622,(ТО) YJ142A,ОТКР ПКАЛ ДМНП KKMP,ГОД  УТВГ ГИП  СГГС,2022-07-23,2022-07-23,7,7
170,ЭД синх ДСЭ-750-6,100000009354,(ТО) ДСЭ-750-6,Техническое обслуживание,APP1,1100358848,(ТО) ДСЭ-750-6,ОТКР ПКАЛ ДМНП,ГОД  УТВГ УТВП ГИП  МТРЦ ТКБЕ СГГС,2022-07-24,2022-07-24,7,7
193,Генератор подъёма_ 4ГПЭМ 600-1/1,100000009355,(ТО) 4ГПЭМ 600-1/1,Техническое обслуживание,APP1,1100358948,(ТО) 4ГПЭМ 600-1/1,ОТКР ПКАЛ ДМНП,ГОД  УТВГ УТВП ГИП  МТРЦ ТКБЕ СГГС,2022-07-24,2022-07-24,7,7
146,ЭД пост тока 4ГПЭ 300-1/2,100000009353,(ТО) 4ГПЭ 300-1/2,Техническое обслуживание,APP1,1100358922,(ТО) 4ГПЭ 300-1/2,ОТКР ПКАЛ ДМНП,ГОД  УТВГ УТВП ГИП  МТРЦ ТКБЕ СГГС,2022-07-24,2022-07-24,7,7
122,Генератор напора_4ГПЭМ 170-1/1,100000009352,(ТО) 4ГПЭМ 170-1/1,Техническое обслуживание,APP1,1100358937,(ТО) 4ГПЭМ 170-1/1,ОТКР ПКАЛ ДМНП,ГОД  УТВГ УТВП ГИП  МТРЦ ТКБЕ СГГС,2022-07-24,2022-07-24,7,7
437,ЭД асинх Д-31,100000009372,(ТО) Д-31,Техническое обслуживание,APP1,1100359122,(ТО) Д-31 К 026,ОТКР ПКАЛ ДМНП,ГОД  УТВГ УТВП ГИП  МТРЦ ТКБЕ СГГС,2022-07-25,2022-07-25,7,7
217,ЭД пост тока Д-12,100000009356,(ТО) Д-12,Техническое обслуживание,APP1,1100359019,(ТО) Д-12,ОТКР ПКАЛ ДМНП,ГОД  УТВГ УТВП ГИП  МТРЦ ТКБЕ СГГС,2022-07-25,2022-07-25,7,7
577,ЭД пост тока ДЭ-818,100000009712,(ТО) ДЭ-818,Техническое обслуживание,APP1,1100359160,(ТО) ДЭ-818 К 023,ОТКР ПКАЛ ДМНП,ГОД  УТВГ УТВП ГИП  МТРЦ ТКБЕ СГГС,2022-07-25,2022-07-25,7,7
98,ЭД пост тока ДЭ-818,100000009351,(ТО) ДЭ-818,Техническое обслуживание,APP1,1100359048,(ТО) ДЭ-818 К 005,ОТКР ПКАЛ ДМНП,ГОД  УТВГ УТВП ГИП  МТРЦ ТКБЕ СГГС,2022-07-25,2022-07-25,7,7
74,ЭД пост тока ДЭВ-814,100000009350,(ТО) ДЭВ-814,Техническое обслуживание,APP1,1100359188,(ТО) ДЭВ-814 К 004,ОТКР ПКАЛ ДМНП,ГОД  УТВГ УТВП ГИП  МТРЦ ТКБЕ СГГС,2022-07-25,2022-07-25,7,7
50,ЭД пост тока ДЭВ-814,100000009349,(ТО) ДЭВ-814,Техническое обслуживание,APP1,1100359036,(ТО) ДЭВ-814,ОТКР ПКАЛ ДМНП,ГОД  УТВГ УТВП ГИП  МТРЦ ТКБЕ СГГС,2022-07-25,2022-07-25,7,7
240,ЭД асинх Д-31,100000009357,(ТО) Д-31,Техническое обслуживание,APP1,1100359090,(ТО) Д-31,ОТКР ПКАЛ ДМНП,ГОД  УТВГ УТВП ГИП  СРОЧ МТРЦ ТКБЕ СГГС,2022-07-25,2022-07-25,7,7
554,ЭД пост тока ДЭ-812,100000009711,(ТО) ДЭ-812,Техническое обслуживание,APP1,1100359119,(ТО) ДЭ-812,ОТКР ПКАЛ ДМНП,ГОД  УТВГ УТВП ГИП  МТРЦ ТКБЕ СГГС,2022-07-26,2022-07-26,7,7
28,ЭД пост тока ДЭ-812,100000009347,Электродвигатель ДЭ-812 ЧАС,Техническое обслуживание,APP1,1100369373,(ТО) ДЭ-812 К 001,ОТКР ПКАЛ ДМНП,ГОД  УТВГ УТВП ГИП  МТРЦ ТКБЕ СГГС,2022-08-11,2022-08-11,8,8
382,Генератор подъёма_4ГПЭМ 600-1/1,100000009369,(ТО) 4ГПЭМ 600-1/1,Техническое обслуживание,APP1,1100358961,(ТО) 4ГПЭМ 600-1/1,ОТКР ПКАЛ ДМНП,ГОД  УТВГ УТВП ГИП  СРОЧ МТРЦ ТКБЕ СГГС,2022-08-13,2022-04-13,8,4
462,ЭД синх ДСЭ-750-6,100000009373,(ТО) ДСЭ-750-6,Техническое обслуживание,APP1,1100359024,(ТО) ДСЭ-750-6,ОТКР ПКАЛ ДМНП,ГОД  УТВГ УТВП ГИП  СРОЧ МТРЦ ТКБЕ СГГС,2022-08-13,2022-04-13,8,4
334,ЭД пост тока 4ГПЭ 300-1/2,100000009367,(ТО) 4ГПЭ 300-1/2,Техническое обслуживание,APP1,1100358917,(ТО) 4ГПЭ 300-1/2,ОТКР ПКАЛ ДМНП,ГОД  УТВГ УТВП ГИП  СРОЧ МТРЦ ТКБЕ СГГС,2022-08-13,2022-04-13,8,4
358,Генератор напора_4ГПЭМ 170-1/1,100000009368,(ТО) 4ГПЭМ 170-1/1,Техническое обслуживание,APP1,1100358771,(ТО) 4ГПЭМ 170-1/1,ОТКР ПКАЛ ДМНП,ГОД  УТВГ УТВП ГИП  СРОЧ МТРЦ ТКБЕ СГГС,2022-08-13,2022-04-13,8,4
414,ЭД пост тока Д-12,100000009371,(ТО) Д-12,Техническое обслуживание,APP1,1100359142,(ТО) Д-12,ОТКР ПКАЛ ДМНП,ГОД  УТВГ УТВП ГИП  СРОЧ МТРЦ ТКБЕ СГГС,2022-08-14,2022-04-13,8,4
642,ЭД асинх  YJ13L3,100000025391,ТО YJ13L3 К 047,Техническое обслуживание,APP1,1100358729,ТО Хода №1;  YJ13L3 К 047,ОТКР ПКАЛ ДМНП KKMP,ГОД  УТВГ ГИП  СГГС,2022-08-18,2022-08-18,8,8
665,ЭД асинх  YJ13L3,100000025392,ТО Хода №2;  YJ13L3 К 047,Техническое обслуживание,APP1,1100358707,ТО Хода №2;  YJ13L3 К 047,ОТКР ПКАЛ ДМНП KKMP,ГОД  УТВГ ГИП  СГГС,2022-08-18,2022-08-18,8,8
890,ЭД асинх YJ80A1,100000025407,(ТО)YJ80A1,Техническое обслуживание,APP1,1100359586,(ТО)YJ80A1,ОТКР ПКАЛ ДМНП KKMP,ГОД  УТВГ ГИП  СГГС,2022-08-22,2022-08-22,8,8
867,ЭД асинх YJ80A1,100000025406,(ТО)YJ80A1,Техническое обслуживание,APP1,1100359566,(ТО)YJ80A1,ОТКР ПКАЛ ДМНП KKMP,ГОД  УТВГ ГИП  СГГС,2022-08-22,2022-08-22,8,8
743,ЭД асинх YX3-121M-4,100000025398,(ТО)YX3-121M-4,Текущий ремонт,APP1,1100359890,(ТР)YX3-121M-4,ОТКР ПКАЛ ДМНП KKMP,ГОД  УТВГ ГИП  СГГС,2022-08-22,2022-08-22,8,8
688,ЭД асинх YJ13L4,100000025393,(ТО) YJ13L4,Техническое обслуживание,APP1,1100359641,(ТО) YJ13L4,ОТКР ПКАЛ ДМНП KKMP,ГОД  УТВГ ГИП  СГГС,2022-08-22,2022-08-22,8,8
769,ЭД асинх HM2-100L-8,100000025400,(ТО)HM2-100L-8,Текущий ремонт,APP1,1100359861,(ТР)HM2-100L-8,ОТКР ПКАЛ ДМНП KKMP,ГОД  УТВГ ГИП  СГГС,2022-08-22,2022-08-22,8,8
761,ЭД асинх DYP-132S-4G,100000025399,(ТО) DYP-132S-4G,Текущий ремонт,APP1,1100359868,(ТР) DYP-132S-4G,ОТКР ПКАЛ ДМНП KKMP,ГОД  УТВГ ГИП  СГГС,2022-08-22,2022-08-22,8,8
714,ЭД асинх YE2-90S,100000025395,(ТО)YE2-90S-4,Текущий ремонт,APP1,1100359735,(ТР)YE2-90S-4,ОТКР ПКАЛ ДМНП KKMP,ГОД  УТВГ ГИП  СГГС,2022-08-22,2022-08-22,8,8
722,ЭД асинх  M2BAX 100LB 4,100000025396,(ТО) M2BAX 100L К 052,Техническое обслуживание,APP1,1100359397,(ТО) M2BAX 100L К 052,ОТКР ПКАЛ ДМНП KKMP,ГОД  УТВГ ГИП  СГГС,2022-08-22,2022-08-22,8,8
828,ЭД асинх YJ142A,100000025403,(ТО) YJ142A,Техническое обслуживание,APP1,1100359623,(ТО) YJ142A,ОТКР ПКАЛ ДМНП KKMP,ГОД  УТВГ ГИП  СГГС,2022-08-22,2022-08-22,8,8
805,ЭД асинх YJ56E,100000025402,(ТО)YJ56E,Техническое обслуживание,APP1,1100359545,(ТО)YJ56E,ОТКР ПКАЛ ДМНП KKMP,ГОД  УТВГ ГИП  СГГС,2022-08-22,2022-08-22,8,8
706,ЭД асинх YE2-132S,100000025394,(ТО) YE2-132S-4,Текущий ремонт,APP1,1100359780,(ТР) YE2-132S-4,ОТКР ПКАЛ ДМНП KKMP,ГОД  УТВГ ГИП  СГГС,2022-08-22,2022-08-22,8,8
782,ЭД асинх YJ56E,100000025401,(ТО)YJ56E,Техническое обслуживание,APP1,1100359533,(ТО)YJ56E,ОТКР ПКАЛ ДМНП KKMP,ГОД  УТВГ ГИП  СГГС,2022-08-22,2022-08-22,8,8
846,ЭД асинх 1LE0002-1BC2 3-3FA4 132M,100000025404,(ТО)1LE0002-1BC,Текущий ремонт,APP1,1100359857,(ТР)1LE0002-1BC,ОТКР ПКАЛ ДМНП KKMP,ГОД  УТВГ ГИП  СГГС,2022-08-22,2022-08-22,8,8
730,ЭД асинх  M2BAX 100LB 4,100000025397,(ТО) M2BAX 100L К 052,Текущий ремонт,APP1,1100359606,(ТР) M2BAX 100L К 052,ОТКР ПКАЛ ДМНП KKMP,ГОД  УТВГ ГИП  СГГС,2022-08-22,2022-08-22,8,8
854,ЭД асинх 1LE0002-1BC2 3-3FA4 132M,100000025405,(ТО)1LE0002-1BC,Текущий ремонт,APP1,1100359904,(ТР)1LE0002-1BC,ОТКР ПКАЛ ДМНП KKMP,ГОД  УТВГ ГИП  СГГС,2022-08-22,2022-08-22,8,8
147,ЭД пост тока 4ГПЭ 300-1/2,100000009353,(ТО) 4ГПЭ 300-1/2,Техническое обслуживание,APP1,1100358923,(ТО) 4ГПЭ 300-1/2,ОТКР ПКАЛ ДМНП,ГОД  УТВГ УТВП ГИП  МТРЦ ТКБЕ СГГС,2022-08-23,2022-08-23,8,8
194,Генератор подъёма_ 4ГПЭМ 600-1/1,100000009355,(ТО) 4ГПЭМ 600-1/1,Техническое обслуживание,APP1,1100358949,(ТО) 4ГПЭМ 600-1/1,ОТКР ПКАЛ ДМНП,ГОД  УТВГ УТВП ГИП  МТРЦ ТКБЕ СГГС,2022-08-23,2022-08-23,8,8
123,Генератор напора_4ГПЭМ 170-1/1,100000009352,(ТО) 4ГПЭМ 170-1/1,Техническое обслуживание,APP1,1100358938,(ТО) 4ГПЭМ 170-1/1,ОТКР ПКАЛ ДМНП,ГОД  УТВГ УТВП ГИП  МТРЦ ТКБЕ СГГС,2022-08-23,2022-08-23,8,8
171,ЭД синх ДСЭ-750-6,100000009354,(ТО) ДСЭ-750-6,Техническое обслуживание,APP1,1100358849,(ТО) ДСЭ-750-6,ОТКР ПКАЛ ДМНП,ГОД  УТВГ УТВП ГИП  МТРЦ ТКБЕ СГГС,2022-08-23,2022-08-23,8,8
75,ЭД пост тока ДЭВ-814,100000009350,(ТО) ДЭВ-814,Техническое обслуживание,APP1,1100359189,(ТО) ДЭВ-814 К 004,ОТКР ПКАЛ ДМНП,ГОД  УТВГ УТВП ГИП  МТРЦ ТКБЕ СГГС,2022-08-24,2022-08-24,8,8
241,ЭД асинх Д-31,100000009357,(ТО) Д-31,Техническое обслуживание,APP1,1100359091,(ТО) Д-31,ОТКР ПКАЛ ДМНП,ГОД  УТВГ УТВП ГИП  МТРЦ ТКБЕ СГГС,2022-08-24,2022-08-24,8,8
578,ЭД пост тока ДЭ-818,100000009712,(ТО) ДЭ-818,Техническое обслуживание,APP1,1100359161,(ТО) ДЭ-818 К 023,ОТКР ПКАЛ ДМНП,ГОД  УТВГ УТВП ГИП  МТРЦ ТКБЕ СГГС,2022-08-24,2022-08-24,8,8
218,ЭД пост тока Д-12,100000009356,(ТО) Д-12,Техническое обслуживание,APP1,1100359100,(ТО) Д-12,ОТКР ПКАЛ ДМНП,ГОД  УТВГ УТВП ГИП  МТРЦ ТКБЕ СГГС,2022-08-24,2022-08-24,8,8
438,ЭД асинх Д-31,100000009372,(ТО) Д-31,Техническое обслуживание,APP1,1100359123,(ТО) Д-31 К 026,ОТКР ПКАЛ ДМНП,ГОД  УТВГ УТВП ГИП  СРОЧ МТРЦ ТКБЕ СГГС,2022-08-24,2022-04-13,8,4
99,ЭД пост тока ДЭ-818,100000009351,(ТО) ДЭ-818,Техническое обслуживание,APP1,1100359049,(ТО) ДЭ-818 К 005,ОТКР ПКАЛ ДМНП,ГОД  УТВГ УТВП ГИП  МТРЦ ТКБЕ СГГС,2022-08-24,2022-08-24,8,8
51,ЭД пост тока ДЭВ-814,100000009349,(ТО) ДЭВ-814,Техническое обслуживание,APP1,1100359037,(ТО) ДЭВ-814,ОТКР ПКАЛ ДМНП,ГОД  УТВГ УТВП ГИП  МТРЦ ТКБЕ СГГС,2022-08-24,2022-08-24,8,8
555,ЭД пост тока ДЭ-812,100000009711,(ТО) ДЭ-812,Техническое обслуживание,APP1,1100359380,(ТО) ДЭ-812,ОТКР ПКАЛ ДМНП,ГОД  УТВГ УТВП ГИП  МТРЦ ТКБЕ СГГС,2022-08-25,2022-08-25,8,8
29,ЭД пост тока ДЭ-812,100000009347,Электродвигатель ДЭ-812 ЧАС,Техническое обслуживание,APP1,1100369374,(ТО) ДЭ-812 К 001,ОТКР ПКАЛ ДМНП,ГОД  УТВГ УТВП ГИП  МТРЦ ТКБЕ СГГС,2022-09-10,2022-09-10,9,9
335,ЭД пост тока 4ГПЭ 300-1/2,100000009367,(ТО) 4ГПЭ 300-1/2,Техническое обслуживание,APP1,1100358918,(ТО) 4ГПЭ 300-1/2,ОТКР ПКАЛ ДМНП,ГОД  УТВГ УТВП ГИП  МТРЦ ТКБЕ СГГС,2022-09-12,2022-09-12,9,9
359,Генератор напора_4ГПЭМ 170-1/1,100000009368,(ТО) 4ГПЭМ 170-1/1,Техническое обслуживание,APP1,1100358772,(ТО) 4ГПЭМ 170-1/1,ОТКР ПКАЛ ДМНП,ГОД  УТВГ УТВП ГИП  МТРЦ ТКБЕ СГГС,2022-09-12,2022-09-12,9,9
383,Генератор подъёма_4ГПЭМ 600-1/1,100000009369,(ТО) 4ГПЭМ 600-1/1,Техническое обслуживание,APP1,1100358962,(ТО) 4ГПЭМ 600-1/1,ОТКР ПКАЛ ДМНП,ГОД  УТВГ УТВП ГИП  МТРЦ ТКБЕ СГГС,2022-09-12,2022-09-12,9,9
463,ЭД синх ДСЭ-750-6,100000009373,(ТО) ДСЭ-750-6,Техническое обслуживание,APP1,1100359025,(ТО) ДСЭ-750-6,ОТКР ПКАЛ ДМНП,ГОД  УТВГ УТВП ГИП  МТРЦ ТКБЕ СГГС,2022-09-12,2022-09-12,9,9
415,ЭД пост тока Д-12,100000009371,(ТО) Д-12,Техническое обслуживание,APP1,1100359143,(ТО) Д-12,ОТКР ПКАЛ ДМНП,ГОД  УТВГ УТВП ГИП  МТРЦ ТКБЕ СГГС,2022-09-13,2022-09-13,9,9
666,ЭД асинх  YJ13L3,100000025392,ТО Хода №2;  YJ13L3 К 047,Техническое обслуживание,APP1,1100358708,ТО Хода №2;  YJ13L3 К 047,ОТКР ПКАЛ ДМНП KKMP,ГОД  УТВГ ГИП  СГГС,2022-09-17,2022-09-17,9,9
643,ЭД асинх  YJ13L3,100000025391,ТО YJ13L3 К 047,Техническое обслуживание,APP1,1100358730,ТО Хода №1;  YJ13L3 К 047,ОТКР ПКАЛ ДМНП KKMP,ГОД  УТВГ ГИП  СГГС,2022-09-17,2022-09-17,9,9
891,ЭД асинх YJ80A1,100000025407,(ТО)YJ80A1,Техническое обслуживание,APP1,1100359587,(ТО)YJ80A1,ОТКР ПКАЛ ДМНП,ГОД  УТВГ ГИП  МТРЦ СГГС,2022-09-21,2022-09-21,9,9
783,ЭД асинх YJ56E,100000025401,(ТО)YJ56E,Техническое обслуживание,APP1,1100359534,(ТО)YJ56E,ОТКР ПКАЛ ДМНП KKMP,ГОД  УТВГ ГИП  СГГС,2022-09-21,2022-09-21,9,9
806,ЭД асинх YJ56E,100000025402,(ТО)YJ56E,Техническое обслуживание,APP1,1100359546,(ТО)YJ56E,ОТКР ПКАЛ ДМНП KKMP,ГОД  УТВГ ГИП  СГГС,2022-09-21,2022-09-21,9,9
744,ЭД асинх YX3-121M-4,100000025398,(ТО)YX3-121M-4,Техническое обслуживание,APP1,1100359885,(ТО)YX3-121M-4,ОТКР ПКАЛ ДМНП KKMP,ГОД  УТВГ ГИП  СГГС,2022-09-21,2022-09-21,9,9
689,ЭД асинх YJ13L4,100000025393,(ТО) YJ13L4,Техническое обслуживание,APP1,1100359642,(ТО) YJ13L4,ОТКР ПКАЛ ДМНП KKMP,ГОД  УТВГ ГИП  СГГС,2022-09-21,2022-09-21,9,9
829,ЭД асинх YJ142A,100000025403,(ТО) YJ142A,Техническое обслуживание,APP1,1100359624,(ТО) YJ142A,ОТКР ПКАЛ ДМНП KKMP,ГОД  УТВГ ГИП  СГГС,2022-09-21,2022-09-21,9,9
868,ЭД асинх YJ80A1,100000025406,(ТО)YJ80A1,Техническое обслуживание,APP1,1100359567,(ТО)YJ80A1,ОТКР ПКАЛ ДМНП KKMP,ГОД  УТВГ ГИП  СГГС,2022-09-21,2022-09-21,9,9
172,ЭД синх ДСЭ-750-6,100000009354,(ТО) ДСЭ-750-6,Техническое обслуживание,APP1,1100358850,(ТО) ДСЭ-750-6,ОТКР ПКАЛ ДМНП,ГОД  УТВГ УТВП ГИП  МТРЦ ТКБЕ СГГС,2022-09-22,2022-09-22,9,9
148,ЭД пост тока 4ГПЭ 300-1/2,100000009353,(ТО) 4ГПЭ 300-1/2,Техническое обслуживание,APP1,1100358924,(ТО) 4ГПЭ 300-1/2,ОТКР ПКАЛ ДМНП,ГОД  УТВГ УТВП ГИП  МТРЦ ТКБЕ СГГС,2022-09-22,2022-09-22,9,9
195,Генератор подъёма_ 4ГПЭМ 600-1/1,100000009355,(ТО) 4ГПЭМ 600-1/1,Техническое обслуживание,APP1,1100358950,(ТО) 4ГПЭМ 600-1/1,ОТКР ПКАЛ ДМНП,ГОД  УТВГ УТВП ГИП  МТРЦ ТКБЕ СГГС,2022-09-22,2022-09-22,9,9
124,Генератор напора_4ГПЭМ 170-1/1,100000009352,(ТО) 4ГПЭМ 170-1/1,Техническое обслуживание,APP1,1100358939,(ТО) 4ГПЭМ 170-1/1,ОТКР ПКАЛ ДМНП,ГОД  УТВГ УТВП ГИП  МТРЦ ТКБЕ СГГС,2022-09-22,2022-09-22,9,9
510,ЭД асинх 4МТКН411-8,100000009600,(ТО) 4МТКН411-8,Текущий ремонт,APP1,1100359042,(ТР) 4МТКН411-8,ОТКР ПКАЛ ДМНП,ГОД  УТВГ УТВП ГИП  СРОЧ МТРЦ ТКБЕ СГГС,2022-09-22,2022-08-22,9,8
439,ЭД асинх Д-31,100000009372,(ТО) Д-31,Техническое обслуживание,APP1,1100359124,(ТО) Д-31 К 026,ОТКР ПКАЛ ДМНП,ГОД  УТВГ УТВП ГИП  МТРЦ ТКБЕ СГГС,2022-09-23,2022-09-23,9,9
76,ЭД пост тока ДЭВ-814,100000009350,(ТО) ДЭВ-814,Техническое обслуживание,APP1,1100359190,(ТО) ДЭВ-814 К 004,ОТКР ПКАЛ ДМНП,ГОД  УТВГ УТВП ГИП  МТРЦ ТКБЕ СГГС,2022-09-23,2022-09-23,9,9
52,ЭД пост тока ДЭВ-814,100000009349,(ТО) ДЭВ-814,Техническое обслуживание,APP1,1100359038,(ТО) ДЭВ-814,ОТКР ПКАЛ ДМНП,ГОД  УТВГ УТВП ГИП  МТРЦ ТКБЕ СГГС,2022-09-23,2022-09-23,9,9
219,ЭД пост тока Д-12,100000009356,(ТО) Д-12,Техническое обслуживание,APP1,1100359101,(ТО) Д-12,ОТКР ПКАЛ ДМНП,ГОД  УТВГ УТВП ГИП  МТРЦ ТКБЕ СГГС,2022-09-23,2022-09-23,9,9
100,ЭД пост тока ДЭ-818,100000009351,(ТО) ДЭ-818,Техническое обслуживание,APP1,1100359050,(ТО) ДЭ-818 К 005,ОТКР ПКАЛ ДМНП,ГОД  УТВГ УТВП ГИП  МТРЦ ТКБЕ СГГС,2022-09-23,2022-09-23,9,9
481,ЭД асинх АИР132S4,100000009596,(ТО) АИР132S4,Техническое обслуживание,APP1,1100359258,(ТО) АИР132S4E3,ОТКР ПКАЛ ДМНП,ГОД  УТВГ УТВП ГИП  МТРЦ ТКБЕ СГГС,2022-09-23,2022-07-23,9,7
579,ЭД пост тока ДЭ-818,100000009712,(ТО) ДЭ-818,Техническое обслуживание,APP1,1100359162,(ТО) ДЭ-818 К 023,ОТКР ПКАЛ ДМНП,ГОД  УТВГ УТВП ГИП  МТРЦ ТКБЕ СГГС,2022-09-23,2022-09-23,9,9
242,ЭД асинх Д-31,100000009357,(ТО) Д-31,Техническое обслуживание,APP1,1100359092,(ТО) Д-31,ОТКР ПКАЛ ДМНП,ГОД  УТВГ УТВП ГИП  МТРЦ ТКБЕ СГГС,2022-09-23,2022-09-23,9,9
556,ЭД пост тока ДЭ-812,100000009711,(ТО) ДЭ-812,Техническое обслуживание,APP1,1100359381,(ТО) ДЭ-812,ОТКР ПКАЛ ДМНП,ГОД  УТВГ УТВП ГИП  МТРЦ ТКБЕ СГГС,2022-09-24,2022-09-24,9,9
401,ЭД асинх АИР100S4,100000009370,(ТО) АИР100S4У2,Техническое обслуживание,APP1,1100359404,(ТО) АИР100S4У2,ОТКР ПКАЛ ДМНП,ГОД  УТВГ УТВП ГИП  МТРЦ ТКБЕ СГГС,2022-09-24,2022-07-24,9,7
629,ЭД асинх АИР100S4,100000009719,(ТО) АИР100S4У2,Техническое обслуживание,APP1,1100359400,(ТО) АИР100S4У2,ОТКР ПКАЛ ДМНП,ГОД  УТВГ УТВП ГИП  МТРЦ ТКБЕ СГГС,2022-09-24,2022-09-24,9,9
605,ЭД асинх АИР132S4,100000009714,(ТО) АИР132S4,Техническое обслуживание,APP1,1100359698,(ТО) АИР132S4,ОТКР ПКАЛ ДМНП,ГОД  УТВГ УТВП ГИП  МТРЦ ТКБЕ СГГС,2022-09-25,2022-09-25,9,9
488,ЭД асинх АИР132S4,100000009597,(ТО) АИР132S4,Техническое обслуживание,APP1,1100359496,(ТО) АИР132S4,ОТКР ПКАЛ ДМНП,ГОД  УТВГ УТВП ГИП  МТРЦ ТКБЕ СГГС,2022-09-25,2022-07-25,9,7
597,ЭД асинх АИР132S4,100000009713,(ТО) АИР132S4,Техническое обслуживание,APP1,1100359708,(ТО) АИР132S4,ОТКР ПКАЛ ДМНП,ГОД  УТВГ УТВП ГИП  МТРЦ ТКБЕ СГГС,2022-09-25,2022-08-25,9,8
621,ЭД асинх АИР80S4,100000009718,(ТО) АИР80S4,Техническое обслуживание,APP1,1100359726,(ТО) АИР80S4,ОТКР ПКАЛ ДМНП,ГОД  УТВГ УТВП ГИП  МТРЦ ТКБЕ СГГС,2022-09-25,2022-09-25,9,9
613,ЭД асинх АИР80S4,100000009717,(ТО) АИР80S4,Техническое обслуживание,APP1,1100359722,(ТО) АИР80S4,ОТКР ПКАЛ ДМНП,ГОД  УТВГ УТВП ГИП  МТРЦ ТКБЕ СГГС,2022-09-25,2022-09-25,9,9
534,ЭД асинх АИР80S4,100000009709,(ТО) АИР80S4,Техническое обслуживание,APP1,1100359310,(ТО) АИР80S4,ОТКР ПКАЛ ДМНП,ГОД  УТВГ УТВП ГИП  МТРЦ ТКБЕ СГГС,2022-09-25,2022-08-25,9,8
502,ЭД асинх АИР132S4,100000009599,(ТО) АИР132S4,Техническое обслуживание,APP1,1100359704,(ТО) АИР132S4,ОТКР ПКАЛ ДМНП,ГОД  УТВГ УТВП ГИП  МТРЦ ТКБЕ СГГС,2022-09-25,2022-08-25,9,8
495,ЭД асинх АИР132S4,100000009598,(ТО) АИР132S4,Техническое обслуживание,APP1,1100359700,(ТО) АИР132S4,ОТКР ПКАЛ ДМНП,ГОД  УТВГ УТВП ГИП  МТРЦ ТКБЕ СГГС,2022-09-25,2022-07-25,9,7
0,Экскаватор электрический WK-20 №1220,100000007087,Ремонт электрооборудования WK-20,Текущий ремонт,APP1,1100527936,Ремонт электрооборудования WK-20,ОТКР ПКАЛ ДМНП,ГОД  УТВГ УТВП ГИП  МТРЦ ТКБЕ КРМТ СГГС,2022-09-29,2022-09-29,9,9
260,ЭД асинх 4МТКН411-8,100000009358,(ТО) 4МТКН411-8,Текущий ремонт,APP1,1100358858,(ТР) 4МТКН411-8,ОТКР ПКАЛ ДМНП,ГОД  УТВГ УТВП ГИП  СРОЧ МТРЦ ТКБЕ СГГС,2022-10-02,2022-07-22,10,7
518,ЭД асинх АИР112S4,100000009707,(ТО) АИР112S4,Техническое обслуживание,APP1,1100359170,(ТО) АИР112S4,ОТКР ПКАЛ ДМНП,ГОД  УТВГ УТВП ГИП  МТРЦ ТКБЕ СГГС,2022-10-03,2022-09-13,10,9
268,ЭД асинх АИРМ132S4E3,100000009359,(ТО) АИРМ132S4E3,Техническое обслуживание,APP1,1100359295,(ТО) АИРМ132S4E3,ОТКР ПКАЛ ДМНП,ГОД  УТВГ УТВП ГИП  МТРЦ ТКБЕ СГГС,2022-10-03,2022-07-23,10,7
526,ЭД асинх АИР80S4,100000009708,(ТО) АИР80S4,Техническое обслуживание,APP1,1100359343,(ТО) АИР80S4,ОТКР ПКАЛ ДМНП,ГОД  УТВГ УТВП ГИП  МТРЦ ТКБЕ СГГС,2022-10-03,2022-09-13,10,9
275,ЭД асинх 5АИ132S4,100000009360,(ТО) 5АИ132S4,Техническое обслуживание,APP1,1100359153,(ТО) 5АИ132S4,ОТКР ПКАЛ ДМНП,ГОД  УТВГ УТВП ГИП  МТРЦ ТКБЕ СГГС,2022-10-03,2022-07-23,10,7
321,ЭД асинх АИР100S4,100000009366,(ТО) АИР100S4У2,Техническое обслуживание,APP1,1100359112,(ТО) АИР100S4У2,ОТКР ПКАЛ ДМНП,ГОД  УТВГ УТВП ГИП  МТРЦ ТКБЕ СГГС,2022-10-03,2022-09-13,10,9
282,ЭД асинх АИРМ132S4E3,100000009361,(ТО) АИРМ132S4,Техническое обслуживание,APP1,1100359330,(ТО) АИРМ132S4,ОТКР ПКАЛ ДМНП,ГОД  УТВГ УТВП ГИП  МТРЦ ТКБЕ СГГС,2022-10-03,2022-07-23,10,7
313,ЭД асинх АИР100S4,100000009365,(ТО) АИР100S4У2,Техническое обслуживание,APP1,1100359109,(ТО) АИР100S4У2,ОТКР ПКАЛ ДМНП,ГОД  УТВГ УТВП ГИП  МТРЦ ТКБЕ СГГС,2022-10-03,2022-08-23,10,8
289,ЭД асинх АИРМ132S4E3,100000009362,(ТО) АИРМ132S4,Техническое обслуживание,APP1,1100359326,(ТО) АИРМ132S4,ОТКР ПКАЛ ДМНП,ГОД  УТВГ УТВП ГИП  МТРЦ ТКБЕ СГГС,2022-10-03,2022-08-23,10,8
297,ЭД асинх АИР80В4,100000009363,(ТО) АИР80В4,Техническое обслуживание,APP1,1100359135,(ТО) АИР80В4,ОТКР ПКАЛ ДМНП,ГОД  УТВГ УТВП ГИП  МТРЦ ТКБЕ СГГС,2022-10-03,2022-08-23,10,8
542,ЭД асинх АИРМ132S4E3,100000009710,(ТО) АИРМ132S4,Техническое обслуживание,APP1,1100359322,(ТО) АИР132S4,ОТКР ПКАЛ ДМНП,ГОД  УТВГ УТВП ГИП  МТРЦ ТКБЕ СГГС,2022-10-03,2022-09-13,10,9
305,ЭД асинх АИРМ80B4,100000009364,(ТО) АИРМ80B4,Техническое обслуживание,APP1,1100359139,(ТО) АИРМ80B4,ОТКР ПКАЛ ДМНП,ГОД  УТВГ УТВП ГИП  МТРЦ ТКБЕ СГГС,2022-10-03,2022-08-23,10,8
30,ЭД пост тока ДЭ-812,100000009347,Электродвигатель ДЭ-812 ЧАС,Техническое обслуживание,APP1,1100369375,(ТО) ДЭ-812 К 001,ОТКР ПКАЛ ДМНП,ГОД  УТВГ УТВП ГИП  МТРЦ ТКБЕ СГГС,2022-10-10,2022-10-10,10,10
384,Генератор подъёма_4ГПЭМ 600-1/1,100000009369,(ТО) 4ГПЭМ 600-1/1,Техническое обслуживание,APP1,1100358963,(ТО) 4ГПЭМ 600-1/1,ОТКР ПКАЛ ДМНП,ГОД  УТВГ УТВП ГИП  МТРЦ ТКБЕ СГГС,2022-10-12,2022-10-12,10,10
360,Генератор напора_4ГПЭМ 170-1/1,100000009368,(ТО) 4ГПЭМ 170-1/1,Техническое обслуживание,APP1,1100358773,(ТО) 4ГПЭМ 170-1/1,ОТКР ПКАЛ ДМНП,ГОД  УТВГ УТВП ГИП  МТРЦ ТКБЕ СГГС,2022-10-12,2022-10-12,10,10
336,ЭД пост тока 4ГПЭ 300-1/2,100000009367,(ТО) 4ГПЭ 300-1/2,Техническое обслуживание,APP1,1100358919,(ТО) 4ГПЭ 300-1/2,ОТКР ПКАЛ ДМНП,ГОД  УТВГ УТВП ГИП  МТРЦ ТКБЕ СГГС,2022-10-12,2022-10-12,10,10
464,ЭД синх ДСЭ-750-6,100000009373,(ТО) ДСЭ-750-6,Техническое обслуживание,APP1,1100359026,(ТО) ДСЭ-750-6,ОТКР ПКАЛ ДМНП,ГОД  УТВГ УТВП ГИП  МТРЦ ТКБЕ СГГС,2022-10-12,2022-10-12,10,10
416,ЭД пост тока Д-12,100000009371,(ТО) Д-12,Техническое обслуживание,APP1,1100359144,(ТО) Д-12,ОТКР ПКАЛ ДМНП,ГОД  УТВГ УТВП ГИП  МТРЦ ТКБЕ СГГС,2022-10-13,2022-10-13,10,10
667,ЭД асинх  YJ13L3,100000025392,ТО Хода №2;  YJ13L3 К 047,Техническое обслуживание,APP1,1100358709,ТО Хода №2;  YJ13L3 К 047,ОТКР ПКАЛ ДМНП KKMP,ГОД  УТВГ ГИП  СГГС,2022-10-17,2022-10-17,10,10
644,ЭД асинх  YJ13L3,100000025391,ТО YJ13L3 К 047,Техническое обслуживание,APP1,1100358731,ТО Хода №1;  YJ13L3 К 047,ОТКР ПКАЛ ДМНП KKMP,ГОД  УТВГ ГИП  СГГС,2022-10-17,2022-10-17,10,10
784,ЭД асинх YJ56E,100000025401,(ТО)YJ56E,Техническое обслуживание,APP1,1100359535,(ТО)YJ56E,ОТКР ПКАЛ ДМНП KKMP,ГОД  УТВГ ГИП  СГГС,2022-10-21,2022-10-21,10,10
690,ЭД асинх YJ13L4,100000025393,(ТО) YJ13L4,Техническое обслуживание,APP1,1100359643,(ТО) YJ13L4,ОТКР ПКАЛ ДМНП KKMP,ГОД  УТВГ ГИП  СГГС,2022-10-21,2022-10-21,10,10
830,ЭД асинх YJ142A,100000025403,(ТО) YJ142A,Техническое обслуживание,APP1,1100359625,(ТО) YJ142A,ОТКР ПКАЛ ДМНП KKMP,ГОД  УТВГ ГИП  СГГС,2022-10-21,2022-10-21,10,10
807,ЭД асинх YJ56E,100000025402,(ТО)YJ56E,Техническое обслуживание,APP1,1100359547,(ТО)YJ56E,ОТКР ПКАЛ ДМНП KKMP,ГОД  УТВГ ГИП  СГГС,2022-10-21,2022-10-21,10,10
869,ЭД асинх YJ80A1,100000025406,(ТО)YJ80A1,Техническое обслуживание,APP1,1100359568,(ТО)YJ80A1,ОТКР ПКАЛ ДМНП KKMP,ГОД  УТВГ ГИП  СГГС,2022-10-21,2022-10-21,10,10
892,ЭД асинх YJ80A1,100000025407,(ТО)YJ80A1,Текущий ремонт,APP1,1100359591,(ТР)YJ80A1,ОТКР ПКАЛ ДМНП KKMP,ГОД  УТВГ ГИП  СГГС,2022-10-21,2022-10-21,10,10
745,ЭД асинх YX3-121M-4,100000025398,(ТО)YX3-121M-4,Техническое обслуживание,APP1,1100359886,(ТО)YX3-121M-4,ОТКР ПКАЛ ДМНП KKMP,ГОД  УТВГ ГИП  СГГС,2022-10-21,2022-10-21,10,10
173,ЭД синх ДСЭ-750-6,100000009354,(ТО) ДСЭ-750-6,Техническое обслуживание,APP1,1100358851,(ТО) ДСЭ-750-6,ОТКР ПКАЛ ДМНП,ГОД  УТВГ УТВП ГИП  МТРЦ ТКБЕ СГГС,2022-10-22,2022-10-22,10,10
125,Генератор напора_4ГПЭМ 170-1/1,100000009352,(ТО) 4ГПЭМ 170-1/1,Техническое обслуживание,APP1,1100358980,(ТО) 4ГПЭМ 170-1/1,ОТКР ПКАЛ ДМНП,ГОД  УТВГ УТВП ГИП  МТРЦ ТКБЕ СГГС,2022-10-22,2022-10-22,10,10
149,ЭД пост тока 4ГПЭ 300-1/2,100000009353,(ТО) 4ГПЭ 300-1/2,Техническое обслуживание,APP1,1100358925,(ТО) 4ГПЭ 300-1/2,ОТКР ПКАЛ ДМНП,ГОД  УТВГ УТВП ГИП  МТРЦ ТКБЕ СГГС,2022-10-22,2022-10-22,10,10
196,Генератор подъёма_ 4ГПЭМ 600-1/1,100000009355,(ТО) 4ГПЭМ 600-1/1,Техническое обслуживание,APP1,1100358951,(ТО) 4ГПЭМ 600-1/1,ОТКР ПКАЛ ДМНП,ГОД  УТВГ УТВП ГИП  МТРЦ ТКБЕ СГГС,2022-10-22,2022-10-22,10,10
220,ЭД пост тока Д-12,100000009356,(ТО) Д-12,Техническое обслуживание,APP1,1100359102,(ТО) Д-12,ОТКР ПКАЛ ДМНП,ГОД  УТВГ УТВП ГИП  МТРЦ ТКБЕ СГГС,2022-10-23,2022-10-23,10,10
243,ЭД асинх Д-31,100000009357,(ТО) Д-31,Техническое обслуживание,APP1,1100359093,(ТО) Д-31,ОТКР ПКАЛ ДМНП,ГОД  УТВГ УТВП ГИП  МТРЦ ТКБЕ СГГС,2022-10-23,2022-10-23,10,10
440,ЭД асинх Д-31,100000009372,(ТО) Д-31,Техническое обслуживание,APP1,1100359125,(ТО) Д-31 К 026,ОТКР ПКАЛ ДМНП,ГОД  УТВГ УТВП ГИП  МТРЦ ТКБЕ СГГС,2022-10-23,2022-10-23,10,10
53,ЭД пост тока ДЭВ-814,100000009349,(ТО) ДЭВ-814,Техническое обслуживание,APP1,1100359039,(ТО) ДЭВ-814,ОТКР ПКАЛ ДМНП,ГОД  УТВГ УТВП ГИП  МТРЦ ТКБЕ СГГС,2022-10-23,2022-10-23,10,10
580,ЭД пост тока ДЭ-818,100000009712,(ТО) ДЭ-818,Техническое обслуживание,APP1,1100359163,(ТО) ДЭ-818 К 023,ОТКР ПКАЛ ДМНП,ГОД  УТВГ УТВП ГИП  МТРЦ ТКБЕ СГГС,2022-10-23,2022-10-23,10,10
77,ЭД пост тока ДЭВ-814,100000009350,(ТО) ДЭВ-814,Техническое обслуживание,APP1,1100359191,(ТО) ДЭВ-814 К 004,ОТКР ПКАЛ ДМНП,ГОД  УТВГ УТВП ГИП  МТРЦ ТКБЕ СГГС,2022-10-23,2022-10-23,10,10
101,ЭД пост тока ДЭ-818,100000009351,(ТО) ДЭ-818,Техническое обслуживание,APP1,1100359051,(ТО) ДЭ-818 К 005,ОТКР ПКАЛ ДМНП,ГОД  УТВГ УТВП ГИП  МТРЦ ТКБЕ СГГС,2022-10-23,2022-10-23,10,10
557,ЭД пост тока ДЭ-812,100000009711,(ТО) ДЭ-812,Техническое обслуживание,APP1,1100359382,(ТО) ДЭ-812,ОТКР ПКАЛ ДМНП,ГОД  УТВГ УТВП ГИП  МТРЦ ТКБЕ СГГС,2022-10-24,2022-10-24,10,10
31,ЭД пост тока ДЭ-812,100000009347,Электродвигатель ДЭ-812 ЧАС,Техническое обслуживание,APP1,1100369376,(ТО) ДЭ-812 К 001,ОТКР ПКАЛ ДМНП,ГОД  УТВГ УТВП ГИП  МТРЦ ТКБЕ СГГС,2022-11-09,2022-11-09,11,11
337,ЭД пост тока 4ГПЭ 300-1/2,100000009367,(ТО) 4ГПЭ 300-1/2,Техническое обслуживание,APP1,1100358940,(ТО) 4ГПЭ 300-1/2,ОТКР ПКАЛ ДМНП,ГОД  УТВГ УТВП ГИП  МТРЦ ТКБЕ СГГС,2022-11-11,2022-11-11,11,11
465,ЭД синх ДСЭ-750-6,100000009373,(ТО) ДСЭ-750-6,Техническое обслуживание,APP1,1100359027,(ТО) ДСЭ-750-6,ОТКР ПКАЛ ДМНП,ГОД  УТВГ УТВП ГИП  МТРЦ ТКБЕ СГГС,2022-11-11,2022-11-11,11,11
361,Генератор напора_4ГПЭМ 170-1/1,100000009368,(ТО) 4ГПЭМ 170-1/1,Техническое обслуживание,APP1,1100358774,(ТО) 4ГПЭМ 170-1/1,ОТКР ПКАЛ ДМНП,ГОД  УТВГ УТВП ГИП  МТРЦ ТКБЕ СГГС,2022-11-11,2022-11-11,11,11
385,Генератор подъёма_4ГПЭМ 600-1/1,100000009369,(ТО) 4ГПЭМ 600-1/1,Техническое обслуживание,APP1,1100358964,(ТО) 4ГПЭМ 600-1/1,ОТКР ПКАЛ ДМНП,ГОД  УТВГ УТВП ГИП  МТРЦ ТКБЕ СГГС,2022-11-11,2022-11-11,11,11
417,ЭД пост тока Д-12,100000009371,(ТО) Д-12,Техническое обслуживание,APP1,1100359145,(ТО) Д-12,ОТКР ПКАЛ ДМНП,ГОД  УТВГ УТВП ГИП  МТРЦ ТКБЕ СГГС,2022-11-12,2022-11-12,11,11
668,ЭД асинх  YJ13L3,100000025392,ТО Хода №2;  YJ13L3 К 047,Техническое обслуживание,APP1,1100358710,ТО Хода №2;  YJ13L3 К 047,ОТКР ПКАЛ ДМНП KKMP,ГОД  УТВГ ГИП  СГГС,2022-11-16,2022-11-16,11,11
645,ЭД асинх  YJ13L3,100000025391,ТО YJ13L3 К 047,Техническое обслуживание,APP1,1100358732,ТО Хода №1;  YJ13L3 К 047,ОТКР ПКАЛ ДМНП KKMP,ГОД  УТВГ ГИП  СГГС,2022-11-16,2022-11-16,11,11
746,ЭД асинх YX3-121M-4,100000025398,(ТО)YX3-121M-4,Техническое обслуживание,APP1,1100359887,(ТО)YX3-121M-4,ОТКР ПКАЛ ДМНП KKMP,ГОД  УТВГ ГИП  СГГС,2022-11-20,2022-11-20,11,11
785,ЭД асинх YJ56E,100000025401,(ТО)YJ56E,Техническое обслуживание,APP1,1100359536,(ТО)YJ56E,ОТКР ПКАЛ ДМНП KKMP,ГОД  УТВГ ГИП  СГГС,2022-11-20,2022-11-20,11,11
731,ЭД асинх  M2BAX 100LB 4,100000025397,(ТО) M2BAX 100L К 052,Техническое обслуживание,APP1,1100359604,(ТО) M2BAX 100L К 052,ОТКР ПКАЛ ДМНП KKMP,ГОД  УТВГ ГИП  СГГС,2022-11-20,2022-11-20,11,11
715,ЭД асинх YE2-90S,100000025395,(ТО)YE2-90S-4,Техническое обслуживание,APP1,1100359733,(ТО)YE2-90S-4,ОТКР ПКАЛ ДМНП KKMP,ГОД  УТВГ ГИП  СГГС,2022-11-20,2022-11-20,11,11
831,ЭД асинх YJ142A,100000025403,(ТО) YJ142A,Текущий ремонт,APP1,1100359628,(ТР) YJ142A,ОТКР ПКАЛ ДМНП KKMP,ГОД  УТВГ ГИП  СГГС,2022-11-20,2022-11-20,11,11
762,ЭД асинх DYP-132S-4G,100000025399,(ТО) DYP-132S-4G,Техническое обслуживание,APP1,1100359866,(ТО) DYP-132S-4G,ОТКР ПКАЛ ДМНП KKMP,ГОД  УТВГ ГИП  СГГС,2022-11-20,2022-11-20,11,11
808,ЭД асинх YJ56E,100000025402,(ТО)YJ56E,Техническое обслуживание,APP1,1100359548,(ТО)YJ56E,ОТКР ПКАЛ ДМНП KKMP,ГОД  УТВГ ГИП  СГГС,2022-11-20,2022-11-20,11,11
723,ЭД асинх  M2BAX 100LB 4,100000025396,(ТО) M2BAX 100L К 052,Текущий ремонт,APP1,1100359399,(ТР) M2BAX 100L К 052,ОТКР ПКАЛ ДМНП KKMP,ГОД  УТВГ ГИП  СГГС,2022-11-20,2022-11-20,11,11
707,ЭД асинх YE2-132S,100000025394,(ТО) YE2-132S-4,Техническое обслуживание,APP1,1100359598,(ТО) YE2-132S-4,ОТКР ПКАЛ ДМНП KKMP,ГОД  УТВГ ГИП  СГГС,2022-11-20,2022-11-20,11,11
770,ЭД асинх HM2-100L-8,100000025400,(ТО)HM2-100L-8,Техническое обслуживание,APP1,1100359319,(ТО)HM2-100L-8,ОТКР ПКАЛ ДМНП KKMP,ГОД  УТВГ ГИП  СГГС,2022-11-20,2022-11-20,11,11
855,ЭД асинх 1LE0002-1BC2 3-3FA4 132M,100000025405,(ТО)1LE0002-1BC,Техническое обслуживание,APP1,1100359902,(ТО)1LE0002-1BC,ОТКР ПКАЛ ДМНП KKMP,ГОД  УТВГ ГИП  СГГС,2022-11-20,2022-11-20,11,11
691,ЭД асинх YJ13L4,100000025393,(ТО) YJ13L4,Техническое обслуживание,APP1,1100359644,(ТО) YJ13L4,ОТКР ПКАЛ ДМНП KKMP,ГОД  УТВГ ГИП  СГГС,2022-11-20,2022-11-20,11,11
870,ЭД асинх YJ80A1,100000025406,(ТО)YJ80A1,Техническое обслуживание,APP1,1100359569,(ТО)YJ80A1,ОТКР ПКАЛ ДМНП KKMP,ГОД  УТВГ ГИП  СГГС,2022-11-20,2022-11-20,11,11
847,ЭД асинх 1LE0002-1BC2 3-3FA4 132M,100000025404,(ТО)1LE0002-1BC,Техническое обслуживание,APP1,1100359855,(ТО)1LE0002-1BC,ОТКР ПКАЛ ДМНП KKMP,ГОД  УТВГ ГИП  СГГС,2022-11-20,2022-11-20,11,11
893,ЭД асинх YJ80A1,100000025407,(ТО)YJ80A1,Техническое обслуживание,APP1,1100359588,(ТО)YJ80A1,ОТКР ПКАЛ ДМНП KKMP,ГОД  УТВГ ГИП  СГГС,2022-11-20,2022-11-20,11,11
150,ЭД пост тока 4ГПЭ 300-1/2,100000009353,(ТО) 4ГПЭ 300-1/2,Техническое обслуживание,APP1,1100358926,(ТО) 4ГПЭ 300-1/2,ОТКР ПКАЛ ДМНП,ГОД  УТВГ УТВП ГИП  МТРЦ ТКБЕ СГГС,2022-11-21,2022-11-21,11,11
197,Генератор подъёма_ 4ГПЭМ 600-1/1,100000009355,(ТО) 4ГПЭМ 600-1/1,Техническое обслуживание,APP1,1100358952,(ТО) 4ГПЭМ 600-1/1,ОТКР ПКАЛ ДМНП,ГОД  УТВГ УТВП ГИП  МТРЦ ТКБЕ СГГС,2022-11-21,2022-11-21,11,11
126,Генератор напора_4ГПЭМ 170-1/1,100000009352,(ТО) 4ГПЭМ 170-1/1,Техническое обслуживание,APP1,1100358981,(ТО) 4ГПЭМ 170-1/1,ОТКР ПКАЛ ДМНП,ГОД  УТВГ УТВП ГИП  МТРЦ ТКБЕ СГГС,2022-11-21,2022-11-21,11,11
174,ЭД синх ДСЭ-750-6,100000009354,(ТО) ДСЭ-750-6,Техническое обслуживание,APP1,1100358852,(ТО) ДСЭ-750-6,ОТКР ПКАЛ ДМНП,ГОД  УТВГ УТВП ГИП  МТРЦ ТКБЕ СГГС,2022-11-21,2022-11-21,11,11
581,ЭД пост тока ДЭ-818,100000009712,(ТО) ДЭ-818,Техническое обслуживание,APP1,1100359164,(ТО) ДЭ-818 К 023,ОТКР ПКАЛ ДМНП,ГОД  УТВГ УТВП ГИП  МТРЦ ТКБЕ СГГС,2022-11-22,2022-11-22,11,11
221,ЭД пост тока Д-12,100000009356,(ТО) Д-12,Техническое обслуживание,APP1,1100359103,(ТО) Д-12,ОТКР ПКАЛ ДМНП,ГОД  УТВГ УТВП ГИП  МТРЦ ТКБЕ СГГС,2022-11-22,2022-11-22,11,11
54,ЭД пост тока ДЭВ-814,100000009349,(ТО) ДЭВ-814,Техническое обслуживание,APP1,1100359180,(ТО) ДЭВ-814,ОТКР ПКАЛ ДМНП,ГОД  УТВГ УТВП ГИП  МТРЦ ТКБЕ СГГС,2022-11-22,2022-11-22,11,11
441,ЭД асинх Д-31,100000009372,(ТО) Д-31,Техническое обслуживание,APP1,1100359126,(ТО) Д-31 К 026,ОТКР ПКАЛ ДМНП,ГОД  УТВГ УТВП ГИП  МТРЦ ТКБЕ СГГС,2022-11-22,2022-11-22,11,11
244,ЭД асинх Д-31,100000009357,(ТО) Д-31,Техническое обслуживание,APP1,1100359094,(ТО) Д-31,ОТКР ПКАЛ ДМНП,ГОД  УТВГ УТВП ГИП  МТРЦ ТКБЕ СГГС,2022-11-22,2022-11-22,11,11
102,ЭД пост тока ДЭ-818,100000009351,(ТО) ДЭ-818,Техническое обслуживание,APP1,1100359052,(ТО) ДЭ-818 К 005,ОТКР ПКАЛ ДМНП,ГОД  УТВГ УТВП ГИП  МТРЦ ТКБЕ СГГС,2022-11-22,2022-11-22,11,11
78,ЭД пост тока ДЭВ-814,100000009350,(ТО) ДЭВ-814,Техническое обслуживание,APP1,1100359192,(ТО) ДЭВ-814 К 004,ОТКР ПКАЛ ДМНП,ГОД  УТВГ УТВП ГИП  МТРЦ ТКБЕ СГГС,2022-11-22,2022-11-22,11,11
558,ЭД пост тока ДЭ-812,100000009711,(ТО) ДЭ-812,Техническое обслуживание,APP1,1100359383,(ТО) ДЭ-812,ОТКР ПКАЛ ДМНП,ГОД  УТВГ УТВП ГИП  МТРЦ ТКБЕ СГГС,2022-11-23,2022-11-23,11,11
32,ЭД пост тока ДЭ-812,100000009347,Электродвигатель ДЭ-812 ЧАС,Техническое обслуживание,APP1,1100369377,(ТО) ДЭ-812 К 001,ОТКР ПКАЛ ДМНП,ГОД  УТВГ УТВП ГИП  МТРЦ ТКБЕ СГГС,2022-12-09,2022-12-09,12,12
338,ЭД пост тока 4ГПЭ 300-1/2,100000009367,(ТО) 4ГПЭ 300-1/2,Техническое обслуживание,APP1,1100358941,(ТО) 4ГПЭ 300-1/2,ОТКР ПКАЛ ДМНП,ГОД  УТВГ УТВП ГИП  МТРЦ ТКБЕ СГГС,2022-12-11,2022-12-11,12,12
362,Генератор напора_4ГПЭМ 170-1/1,100000009368,(ТО) 4ГПЭМ 170-1/1,Техническое обслуживание,APP1,1100358775,(ТО) 4ГПЭМ 170-1/1,ОТКР ПКАЛ ДМНП,ГОД  УТВГ УТВП ГИП  МТРЦ ТКБЕ СГГС,2022-12-11,2022-12-11,12,12
386,Генератор подъёма_4ГПЭМ 600-1/1,100000009369,(ТО) 4ГПЭМ 600-1/1,Техническое обслуживание,APP1,1100358965,(ТО) 4ГПЭМ 600-1/1,ОТКР ПКАЛ ДМНП,ГОД  УТВГ УТВП ГИП  МТРЦ ТКБЕ СГГС,2022-12-11,2022-12-11,12,12
466,ЭД синх ДСЭ-750-6,100000009373,(ТО) ДСЭ-750-6,Техническое обслуживание,APP1,1100359028,(ТО) ДСЭ-750-6,ОТКР ПКАЛ ДМНП,ГОД  УТВГ УТВП ГИП  МТРЦ ТКБЕ СГГС,2022-12-11,2022-12-11,12,12
418,ЭД пост тока Д-12,100000009371,(ТО) Д-12,Техническое обслуживание,APP1,1100359146,(ТО) Д-12,ОТКР ПКАЛ ДМНП,ГОД  УТВГ УТВП ГИП  МТРЦ ТКБЕ СГГС,2022-12-12,2022-12-12,12,12
646,ЭД асинх  YJ13L3,100000025391,ТО YJ13L3 К 047,Техническое обслуживание,APP1,1100358733,ТО Хода №1;  YJ13L3 К 047,ОТКР ПКАЛ ДМНП KKMP,ГОД  УТВГ ГИП  СГГС,2022-12-16,2022-12-16,12,12
669,ЭД асинх  YJ13L3,100000025392,ТО Хода №2;  YJ13L3 К 047,Техническое обслуживание,APP1,1100358711,ТО Хода №2;  YJ13L3 К 047,ОТКР ПКАЛ ДМНП KKMP,ГОД  УТВГ ГИП  СГГС,2022-12-16,2022-12-16,12,12
871,ЭД асинх YJ80A1,100000025406,(ТО)YJ80A1,Текущий ремонт,APP1,1100359571,(ТР)YJ80A1,ОТКР ПКАЛ ДМНП KKMP,ГОД  УТВГ ГИП  СГГС,2022-12-20,2022-12-20,12,12
832,ЭД асинх YJ142A,100000025403,(ТО) YJ142A,Техническое обслуживание,APP1,1100359626,(ТО) YJ142A,ОТКР ПКАЛ ДМНП KKMP,ГОД  УТВГ ГИП  СГГС,2022-12-20,2022-12-20,12,12
894,ЭД асинх YJ80A1,100000025407,(ТО)YJ80A1,Техническое обслуживание,APP1,1100359589,(ТО)YJ80A1,ОТКР ПКАЛ ДМНП KKMP,ГОД  УТВГ ГИП  СГГС,2022-12-20,2022-12-20,12,12
809,ЭД асинх YJ56E,100000025402,(ТО)YJ56E,Текущий ремонт,APP1,1100359549,(ТР)YJ56E,ОТКР ПКАЛ ДМНП KKMP,ГОД  УТВГ ГИП  СГГС,2022-12-20,2022-12-20,12,12
692,ЭД асинх YJ13L4,100000025393,(ТО) YJ13L4,Текущий ремонт,APP1,1100359648,(ТР) YJ13L4,ОТКР ПКАЛ ДМНП KKMP,ГОД  УТВГ ГИП  СГГС,2022-12-20,2022-12-20,12,12
747,ЭД асинх YX3-121M-4,100000025398,(ТО)YX3-121M-4,Техническое обслуживание,APP1,1100359888,(ТО)YX3-121M-4,ОТКР ПКАЛ ДМНП KKMP,ГОД  УТВГ ГИП  СГГС,2022-12-20,2022-12-20,12,12
786,ЭД асинх YJ56E,100000025401,(ТО)YJ56E,Текущий ремонт,APP1,1100359537,(ТО)YJ56E,ОТКР ПКАЛ ДМНП KKMP,ГОД  УТВГ ГИП  СГГС,2022-12-20,2022-12-20,12,12
261,ЭД асинх 4МТКН411-8,100000009358,(ТО) 4МТКН411-8,Техническое обслуживание,APP1,1100358857,(ТО) 4МТКН411-8,ОТКР ПКАЛ ДМНП,ГОД  УТВГ УТВП ГИП  МТРЦ ТКБЕ СГГС,2022-12-21,2022-10-11,12,10
511,ЭД асинх 4МТКН411-8,100000009600,(ТО) 4МТКН411-8,Техническое обслуживание,APP1,1100359041,(ТО) 4МТКН411-8,ОТКР ПКАЛ ДМНП,ГОД  УТВГ УТВП ГИП  МТРЦ ТКБЕ СГГС,2022-12-21,2022-11-21,12,11
151,ЭД пост тока 4ГПЭ 300-1/2,100000009353,(ТО) 4ГПЭ 300-1/2,Техническое обслуживание,APP1,1100358927,(ТО) 4ГПЭ 300-1/2,ОТКР ПКАЛ ДМНП,ГОД  УТВГ УТВП ГИП  МТРЦ ТКБЕ СГГС,2022-12-21,2022-12-21,12,12
175,ЭД синх ДСЭ-750-6,100000009354,(ТО) ДСЭ-750-6,Техническое обслуживание,APP1,1100358853,(ТО) ДСЭ-750-6,ОТКР ПКАЛ ДМНП,ГОД  УТВГ УТВП ГИП  МТРЦ ТКБЕ СГГС,2022-12-21,2022-12-21,12,12
127,Генератор напора_4ГПЭМ 170-1/1,100000009352,(ТО) 4ГПЭМ 170-1/1,Техническое обслуживание,APP1,1100358982,(ТО) 4ГПЭМ 170-1/1,ОТКР ПКАЛ ДМНП,ГОД  УТВГ УТВП ГИП  МТРЦ ТКБЕ СГГС,2022-12-21,2022-12-21,12,12
198,Генератор подъёма_ 4ГПЭМ 600-1/1,100000009355,(ТО) 4ГПЭМ 600-1/1,Техническое обслуживание,APP1,1100358953,(ТО) 4ГПЭМ 600-1/1,ОТКР ПКАЛ ДМНП,ГОД  УТВГ УТВП ГИП  МТРЦ ТКБЕ СГГС,2022-12-21,2022-12-21,12,12
298,ЭД асинх АИР80В4,100000009363,(ТО) АИР80В4,Техническое обслуживание,APP1,1100359136,(ТО) АИР80В4,ОТКР ПКАЛ ДМНП,ГОД  УТВГ УТВП ГИП  МТРЦ ТКБЕ СГГС,2022-12-22,2022-11-12,12,11
582,ЭД пост тока ДЭ-818,100000009712,(ТО) ДЭ-818,Техническое обслуживание,APP1,1100359165,(ТО) ДЭ-818 К 023,ОТКР ПКАЛ ДМНП,ГОД  УТВГ УТВП ГИП  МТРЦ ТКБЕ СГГС,2022-12-22,2022-12-22,12,12
55,ЭД пост тока ДЭВ-814,100000009349,(ТО) ДЭВ-814,Техническое обслуживание,APP1,1100359181,(ТО) ДЭВ-814,ОТКР ПКАЛ ДМНП,ГОД  УТВГ УТВП ГИП  МТРЦ ТКБЕ СГГС,2022-12-22,2022-12-22,12,12
543,ЭД асинх АИРМ132S4E3,100000009710,(ТО) АИРМ132S4,Техническое обслуживание,APP1,1100359323,(ТО) АИР132S4,ОТКР ПКАЛ ДМНП,ГОД  УТВГ УТВП ГИП  МТРЦ ТКБЕ СГГС,2022-12-22,2022-12-02,12,12
79,ЭД пост тока ДЭВ-814,100000009350,(ТО) ДЭВ-814,Техническое обслуживание,APP1,1100359193,(ТО) ДЭВ-814 К 004,ОТКР ПКАЛ ДМНП,ГОД  УТВГ УТВП ГИП  МТРЦ ТКБЕ СГГС,2022-12-22,2022-12-22,12,12
222,ЭД пост тока Д-12,100000009356,(ТО) Д-12,Техническое обслуживание,APP1,1100359104,(ТО) Д-12,ОТКР ПКАЛ ДМНП,ГОД  УТВГ УТВП ГИП  МТРЦ ТКБЕ СГГС,2022-12-22,2022-12-22,12,12
527,ЭД асинх АИР80S4,100000009708,(ТО) АИР80S4,Техническое обслуживание,APP1,1100359344,(ТО) АИР80S4,ОТКР ПКАЛ ДМНП,ГОД  УТВГ УТВП ГИП  МТРЦ ТКБЕ СГГС,2022-12-22,2022-12-02,12,12
269,ЭД асинх АИРМ132S4E3,100000009359,(ТО) АИРМ132S4E3,Техническое обслуживание,APP1,1100359296,(ТО) АИРМ132S4E3,ОТКР ПКАЛ ДМНП,ГОД  УТВГ УТВП ГИП  МТРЦ ТКБЕ СГГС,2022-12-22,2022-10-12,12,10
103,ЭД пост тока ДЭ-818,100000009351,(ТО) ДЭ-818,Техническое обслуживание,APP1,1100359053,(ТО) ДЭ-818 К 005,ОТКР ПКАЛ ДМНП,ГОД  УТВГ УТВП ГИП  МТРЦ ТКБЕ СГГС,2022-12-22,2022-12-22,12,12
519,ЭД асинх АИР112S4,100000009707,(ТО) АИР112S4,Техническое обслуживание,APP1,1100359171,(ТО) АИР112S4,ОТКР ПКАЛ ДМНП,ГОД  УТВГ УТВП ГИП  МТРЦ ТКБЕ СГГС,2022-12-22,2022-12-02,12,12
290,ЭД асинх АИРМ132S4E3,100000009362,(ТО) АИРМ132S4,Техническое обслуживание,APP1,1100359327,(ТО) АИРМ132S4,ОТКР ПКАЛ ДМНП,ГОД  УТВГ УТВП ГИП  МТРЦ ТКБЕ СГГС,2022-12-22,2022-11-12,12,11
306,ЭД асинх АИРМ80B4,100000009364,(ТО) АИРМ80B4,Техническое обслуживание,APP1,1100359340,(ТО) АИРМ80B4,ОТКР ПКАЛ ДМНП,ГОД  УТВГ УТВП ГИП  МТРЦ ТКБЕ СГГС,2022-12-22,2022-11-12,12,11
322,ЭД асинх АИР100S4,100000009366,(ТО) АИР100S4У2,Техническое обслуживание,APP1,1100359113,(ТО) АИР100S4У2,ОТКР ПКАЛ ДМНП,ГОД  УТВГ УТВП ГИП  МТРЦ ТКБЕ СГГС,2022-12-22,2022-12-02,12,12
245,ЭД асинх Д-31,100000009357,(ТО) Д-31,Техническое обслуживание,APP1,1100359095,(ТО) Д-31,ОТКР ПКАЛ ДМНП,ГОД  УТВГ УТВП ГИП  МТРЦ ТКБЕ СГГС,2022-12-22,2022-12-22,12,12
283,ЭД асинх АИРМ132S4E3,100000009361,(ТО) АИРМ132S4,Техническое обслуживание,APP1,1100359331,(ТО) АИРМ132S4,ОТКР ПКАЛ ДМНП,ГОД  УТВГ УТВП ГИП  МТРЦ ТКБЕ СГГС,2022-12-22,2022-10-12,12,10
314,ЭД асинх АИР100S4,100000009365,(ТО) АИР100S4У2,Техническое обслуживание,APP1,1100359110,(ТО) АИР100S4У2,ОТКР ПКАЛ ДМНП,ГОД  УТВГ УТВП ГИП  МТРЦ ТКБЕ СГГС,2022-12-22,2022-11-12,12,11
276,ЭД асинх 5АИ132S4,100000009360,(ТО) 5АИ132S4,Техническое обслуживание,APP1,1100359154,(ТО) 5АИ132S4,ОТКР ПКАЛ ДМНП,ГОД  УТВГ УТВП ГИП  МТРЦ ТКБЕ СГГС,2022-12-22,2022-10-12,12,10
482,ЭД асинх АИР132S4,100000009596,(ТО) АИР132S4,Техническое обслуживание,APP1,1100359259,(ТО) АИР132S4E3,ОТКР ПКАЛ ДМНП,ГОД  УТВГ УТВП ГИП  МТРЦ ТКБЕ СГГС,2022-12-22,2022-10-22,12,10
442,ЭД асинх Д-31,100000009372,(ТО) Д-31,Техническое обслуживание,APP1,1100359127,(ТО) Д-31 К 026,ОТКР ПКАЛ ДМНП,ГОД  УТВГ УТВП ГИП  МТРЦ ТКБЕ СГГС,2022-12-22,2022-12-22,12,12
402,ЭД асинх АИР100S4,100000009370,(ТО) АИР100S4У2,Техническое обслуживание,APP1,1100359405,(ТО) АИР100S4У2,ОТКР ПКАЛ ДМНП,ГОД  УТВГ УТВП ГИП  МТРЦ ТКБЕ СГГС,2022-12-23,2022-10-23,12,10
559,ЭД пост тока ДЭ-812,100000009711,(ТО) ДЭ-812,Техническое обслуживание,APP1,1100359384,(ТО) ДЭ-812,ОТКР ПКАЛ ДМНП,ГОД  УТВГ УТВП ГИП  МТРЦ ТКБЕ СГГС,2022-12-23,2022-12-23,12,12
630,ЭД асинх АИР100S4,100000009719,(ТО) АИР100S4У2,Техническое обслуживание,APP1,1100359401,(ТО) АИР100S4У2,ОТКР ПКАЛ ДМНП,ГОД  УТВГ УТВП ГИП  МТРЦ ТКБЕ СГГС,2022-12-23,2022-12-23,12,12
535,ЭД асинх АИР80S4,100000009709,(ТО) АИР80S4,Техническое обслуживание,APP1,1100359311,(ТО) АИР80S4,ОТКР ПКАЛ ДМНП,ГОД  УТВГ УТВП ГИП  МТРЦ ТКБЕ СГГС,2022-12-24,2022-11-24,12,11
489,ЭД асинх АИР132S4,100000009597,(ТО) АИР132S4,Техническое обслуживание,APP1,1100359497,(ТО) АИР132S4,ОТКР ПКАЛ ДМНП,ГОД  УТВГ УТВП ГИП  МТРЦ ТКБЕ СГГС,2022-12-24,2022-10-24,12,10
503,ЭД асинх АИР132S4,100000009599,(ТО) АИР132S4,Техническое обслуживание,APP1,1100359705,(ТО) АИР132S4,ОТКР ПКАЛ ДМНП,ГОД  УТВГ УТВП ГИП  МТРЦ ТКБЕ СГГС,2022-12-24,2022-11-24,12,11
598,ЭД асинх АИР132S4,100000009713,(ТО) АИР132S4,Техническое обслуживание,APP1,1100359709,(ТО) АИР132S4,ОТКР ПКАЛ ДМНП,ГОД  УТВГ УТВП ГИП  МТРЦ ТКБЕ СГГС,2022-12-24,2022-11-24,12,11
606,ЭД асинх АИР132S4,100000009714,(ТО) АИР132S4,Техническое обслуживание,APP1,1100359699,(ТО) АИР132S4,ОТКР ПКАЛ ДМНП,ГОД  УТВГ УТВП ГИП  МТРЦ ТКБЕ СГГС,2022-12-24,2022-12-24,12,12
614,ЭД асинх АИР80S4,100000009717,(ТО) АИР80S4,Техническое обслуживание,APP1,1100359723,(ТО) АИР80S4,ОТКР ПКАЛ ДМНП,ГОД  УТВГ УТВП ГИП  МТРЦ ТКБЕ СГГС,2022-12-24,2022-12-24,12,12
622,ЭД асинх АИР80S4,100000009718,(ТО) АИР80S4,Техническое обслуживание,APP1,1100359727,(ТО) АИР80S4,ОТКР ПКАЛ ДМНП,ГОД  УТВГ УТВП ГИП  МТРЦ ТКБЕ СГГС,2022-12-24,2022-12-24,12,12
496,ЭД асинх АИР132S4,100000009598,(ТО) АИР132S4,Техническое обслуживание,APP1,1100359701,(ТО) АИР132S4,ОТКР ПКАЛ ДМНП,ГОД  УТВГ УТВП ГИП  МТРЦ ТКБЕ СГГС,2022-12-24,2022-10-24,12,10
