,Название ЕО,ЕО,ТекстПланаПредупрТОРО,Название ВРТ,ВидЗаказа,Заказ,КраткийТекст заказа,СистСтатус,ПользСтатус,ПланДатаНачала,НовДатаНачала,ПланДатаНачала_month,НовДатаНачала_month,статус переноса
236,Самосвал карьерный HD1500-8 №1624,100000021344,Самосвал HD1500-8 №1624 МТЧ,Техническое обслуживание ТО №2,APP1,1100360738,Техническое обслуживание 2,ОТКР ПКАЛ ДМНП,ГОД  УТВГ УТВП МЕС  УТВМ ГИП  ПТОМ СРОЧ МТРЦ ТКБЕ ПЗТГ СГГС,2022-01-01,2022-02-12,1,2,перенос в другой месяц
599,Самосвал карьерный HD1500-8 №1630,100000071921,Самосвал HD1500-8 №1630 МТЧ,Техническое обслуживание ТО №1,APP1,1100364220,Техническое обслуживание 1,НЕВЫ ПКАЛ ЗАКР МТКУ ДМНП,ГОД  УТВГ УТВП МЕС  ГИП  СРОЧ МТРЦ ТКБЕ ССПЛ,2022-01-01,2022-02-01,1,2,перенос в другой месяц
575,Самосвал карьерный HD1500-8 №1629,100000022783,ТР Самосвал HD1500-8 №1629,Текущий ремонт,APP1,1100381289,ТР Самосвал HD1500-8 №1629,ОТКР ПКАЛ ДМНП KKMP,ГОД  УТВГ МЕС  УТВМ НЕД  УТВН ГИП  ПТОМ СГГС,2022-01-04,2022-02-05,1,2,перенос в другой месяц
15,Самосвал карьерный HD1500-8 №1621,100000006408,Самосвал HD1500-8 №1621 МТЧ,Техническое обслуживание ТО №1,APP1,1100360305,Техническое обслуживание 1,ОТКР ПКАЛ ДМНП,ГОД  УТВГ УТВП МЕС  УТВМ ГИП  ПТОМ СРОЧ МТРЦ ТКБЕ ПЗТГ СГГС,2022-01-04,2022-02-11,1,2,перенос в другой месяц
537,Самосвал карьерный HD1500-8 №1629,100000022783,Самосвал HD1500-8 №1629 МТЧ,Техническое обслуживание ТО №1,APP1,1100363036,Техническое обслуживание 1,ОТКР ПКАЛ ДМНП,ГОД  УТВГ УТВП ГИП  МТРЦ ТКБЕ СГГС,2022-01-04,2022-10-18,1,10,перенос в другой месяц
117,Самосвал карьерный HD1500-8 №1622,100000006409,ТР Самосвал HD1500-8 №1622,Текущий ремонт,APP1,1100381243,ТР Самосвал HD1500-8 №1622,ПЕЧТ ПДТВ ПКАЛ ПРВВ ТЗКР KKMP JBFI,ГОД  УТВГ МЕС  УТВМ НЕД  УТВН ГИП  ПТОМ ПРНТ СГГС,2022-01-06,2022-01-04,1,1,без переноса
83,Самосвал карьерный HD1500-8 №1622,100000006409,Самосвал HD1500-8 №1622 МТЧ,Техническое обслуживание ТО №1,APP1,1100360699,Техническое обслуживание 1,ЧПЕЧ ПДТВ ПКАЛ ПРВВ ТЗКР ДВМА ДМНП JBFI,ГОД  УТВГ УТВП МЕС  УТВМ НЕД  ГИП  ПТОМ ПРНТ МТРЦ ТКБЕ СГГС,2022-01-06,2022-01-17,1,1,без переноса
346,Самосвал карьерный HD1500-8 №1626,100000021466,Самосвал HD1500-8 №1626 МТЧ,Техническое обслуживание ТО №2,APP1,1100361446,Техническое обслуживание 2,ОТКР ПКАЛ ДМНП,ГОД  УТВГ УТВП МЕС  УТВМ НЕД  УТВН ГИП  ПТОМ СРОЧ МТРЦ ТКБЕ ПЗТГ СГГС,2022-01-06,2022-02-06,1,2,перенос в другой месяц
409,Самосвал карьерный HD1500-8 №1627,100000022743,Самосвал HD1500-8 №1627 МТЧ,Техническое обслуживание ТО №2,APP1,1100360254,Техническое обслуживание 2,ПЕЧТ ПДТВ ПКАЛ ПРВВ ТЗКР ДВМА ДМНП JBFI,ГОД  УТВГ УТВП МЕС  УТВМ НЕД  УТВН ГИП  ПТОМ ПРНТ МТРЦ ТКБЕ СГГС,2022-01-10,2022-01-24,1,1,без переноса
600,Самосвал карьерный HD1500-8 №1630,100000071921,Самосвал HD1500-8 №1630 МТЧ,Техническое обслуживание ТО №2,APP1,1100364236,Техническое обслуживание 2,НЕВЫ ПКАЛ ЗАКР МТКУ ДМНП,ГОД  УТВГ УТВП МЕС  ГИП  СРОЧ МТРЦ ТКБЕ ССПЛ,2022-01-12,2022-02-12,1,2,перенос в другой месяц
16,Самосвал карьерный HD1500-8 №1621,100000006408,Самосвал HD1500-8 №1621 МТЧ,Техническое обслуживание ТО №3,APP1,1100360317,Техническое обслуживание 3,ПЕЧТ ПДТВ ПКАЛ ПРВВ ТЗКР ДВМА ДМНП JBFI,ГОД  УТВГ УТВП МЕС  УТВМ НЕД  УТВН ГИП  ПТОМ ПРНТ СРОЧ МТРЦ ТКБЕ СГГС,2022-01-16,2022-01-22,1,1,без переноса
49,Самосвал карьерный HD1500-8 №1621,100000006408,ТР Самосвал HD1500-8 №1621,Текущий ремонт,APP1,1100380358,ТР Самосвал HD1500-8 №1621,ДЕБЛ ПЕЧТ ПДТВ ПКАЛ ПРВВ ДМНП KKMP JBFI,ГОД  УТВГ МЕС  УТВМ НЕД  УТВН ГИП  ПТОМ ПРНТ СГГС,2022-01-16,2022-01-22,1,1,без переноса
17,Самосвал карьерный HD1500-8 №1621,100000006408,Самосвал HD1500-8 №1621 МТЧ,Техническое обслуживание ТО №3,APP1,1100360317,Техническое обслуживание 3,ПЕЧТ ПДТВ ПКАЛ ПРВВ ТЗКР ДВМА ДМНП JBFI,ГОД  УТВГ УТВП МЕС  УТВМ НЕД  УТВН ГИП  ПТОМ ПРНТ СРОЧ МТРЦ ТКБЕ СГГС,2022-01-16,2022-01-22,1,1,без переноса
190,Самосвал карьерный HD1500-8 №1623,100000006410,ТР Самосвал HD1500-8 №1623,Текущий ремонт,APP1,1100380777,ТР Самосвал HD1500-8 №1623,ОТКР ПКАЛ ДМНП KKMP,ГОД  УТВГ МЕС  УТВМ НЕД  УТВН ГИП  ПТОМ СГГС,2022-01-20,2022-03-29,1,3,перенос в другой месяц
156,Самосвал карьерный HD1500-8 №1623,100000006410,Самосвал HD1500-8 №1623 МТЧ,Техническое обслуживание ТО №1,APP1,1100360751,Техническое обслуживание 1,ПЕЧТ ПДТВ ПКАЛ ПРВВ ТЗКР ДВМА ДМНП JBFI,ГОД  УТВГ УТВП МЕС  УТВМ НЕД  УТВН ГИП  ПТОМ ПРНТ МТРЦ ТКБЕ СГГС,2022-01-20,2022-01-12,1,1,без переноса
655,Самосвал карьерный HD1500-8 №1630,100000071921,ТР Самосвал HD1500-8 №1630,Текущий ремонт,APP1,1100381342,ТР Самосвал HD1500-8 №1630,НЕВЫ ПКАЛ ЗАКР МТКУ ДМНП KKMP,ГОД  УТВГ МЕС  ГИП  ССПЛ,2022-01-24,2022-02-01,1,2,перенос в другой месяц
278,Самосвал карьерный HD1500-8 №1624,100000021344,ТР Самосвал HD1500-8 №1624,Текущий ремонт,APP1,1100380736,ТР Самосвал HD1500-8 №1624,ДЕБЛ ПЕЧТ ПДТВ ПКАЛ ПРВВ KKMP JBFI,ГОД  УТВГ МЕС  УТВМ НЕД  УТВН ГИП  ПТОМ ПРНТ СГГС,2022-01-24,2022-01-25,1,1,без переноса
237,Самосвал карьерный HD1500-8 №1624,100000021344,Самосвал HD1500-8 №1624 МТЧ,Техническое обслуживание ТО №1,APP1,1100360730,Техническое обслуживание 1,ПЕЧТ ПДТВ ПКАЛ ПРВВ ТЗКР ДВМА ДМНП JBFI,ГОД  УТВГ УТВП МЕС  УТВМ НЕД  УТВН ГИП  ПТОМ ПРНТ МТРЦ ТКБЕ СГГС,2022-01-24,2022-01-20,1,1,без переноса
601,Самосвал карьерный HD1500-8 №1630,100000071921,Самосвал HD1500-8 №1630 МТЧ,Техническое обслуживание ТО №1,APP1,1100364221,Техническое обслуживание 1,НЕВЫ ПКАЛ ЗАКР МТКУ ДМНП,ГОД  УТВГ УТВП МЕС  ГИП  СРОЧ МТРЦ ТКБЕ ССПЛ,2022-01-24,2022-02-24,1,2,перенос в другой месяц
507,Самосвал карьерный HD1500-8 №1628,100000022744,ТР Самосвал HD1500-8 №1628,Текущий ремонт,APP1,1100381174,ТР Самосвал HD1500-8 №1628,ОТКР ПКАЛ ДМНП KKMP,ГОД  УТВГ МЕС  УТВМ ГИП  ПТОМ ПЗТГ СГГС,2022-01-25,2022-02-16,1,2,перенос в другой месяц
471,Самосвал карьерный HD1500-8 №1628,100000022744,Самосвал HD1500-8 №1628 МТЧ,Техническое обслуживание ТО №2,APP1,1100360281,Техническое обслуживание 2,ЧПЕЧ ПДТВ ПКАЛ ПРВВ ТЗКР ДВМА ДМНП JBFI,ГОД  УТВГ УТВП МЕС  НЕД  УТВН ГИП  ПТОМ ПРНТ МТРЦ ТКБЕ СГГС,2022-01-25,2022-01-14,1,1,без переноса
380,Самосвал карьерный HD1500-8 №1626,100000021466,ТР Самосвал HD1500-8 №1626,Текущий ремонт,APP1,1100381308,ТР Самосвал HD1500-8 №1626,ДЕБЛ ПЕЧТ ПДТВ ПКАЛ ПРВВ KKMP JBFI,ГОД  УТВГ МЕС  УТВМ НЕД  УТВН ГИП  ПТОМ ПРНТ СГГС,2022-01-27,2022-01-29,1,1,без переноса
347,Самосвал карьерный HD1500-8 №1626,100000021466,Самосвал HD1500-8 №1626 МТЧ,Техническое обслуживание ТО №1,APP1,1100361278,Техническое обслуживание 1,ЧПЕЧ ПДТВ ПКАЛ ПРВВ ТЗКР ДВМА ДМНП JBFI,ГОД  УТВГ УТВП МЕС  УТВМ НЕД  УТВН ГИП  ПТОМ ПРНТ МТРЦ ТКБЕ СГГС,2022-01-27,2022-01-15,1,1,без переноса
84,Самосвал карьерный HD1500-8 №1622,100000006409,Самосвал HD1500-8 №1622 МТЧ,Техническое обслуживание ТО №4,APP1,1100360793,Техническое обслуживание 4,ОТКР ПКАЛ ДМНП,ГОД  УТВГ УТВП ГИП  СРОЧ МТРЦ ТКБЕ СГГС,2022-01-27,2022-03-26,1,3,перенос в другой месяц
381,Самосвал карьерный HD1500-8 №1626,100000021466,ТР Самосвал HD1500-8 №1626,Текущий ремонт,APP1,1100381308,ТР Самосвал HD1500-8 №1626,ДЕБЛ ПЕЧТ ПДТВ ПКАЛ ПРВВ KKMP JBFI,ГОД  УТВГ МЕС  УТВМ НЕД  УТВН ГИП  ПТОМ ПРНТ СГГС,2022-01-27,2022-01-29,1,1,без переноса
538,Самосвал карьерный HD1500-8 №1629,100000022783,Самосвал HD1500-8 №1629 МТЧ,Техническое обслуживание ТО №4,APP1,1100363110,Техническое обслуживание 4,ПЕЧТ ПДТВ ПКАЛ ПРВВ ТЗКР ДВМА ДМНП JBFI,ГОД  УТВГ УТВП НЕД  УТВН ГИП  ПТОМ ПРНТ СРОЧ МТРЦ ТКБЕ СГГС,2022-01-27,2022-01-21,1,1,без переноса
445,Самосвал карьерный HD1500-8 №1627,100000022743,ТР Самосвал HD1500-8 №1627,Текущий ремонт,APP1,1100381270,ТР Самосвал HD1500-8 №1627,ОТКР ПКАЛ ДМНП KKMP,ГОД  УТВГ МЕС  УТВМ ГИП  ПТОМ ПЗТГ СГГС,2022-01-31,2022-02-14,1,2,перенос в другой месяц
410,Самосвал карьерный HD1500-8 №1627,100000022743,Самосвал HD1500-8 №1627 МТЧ,Техническое обслуживание ТО №1,APP1,1100360118,Техническое обслуживание 1,ОТКР ПКАЛ ДМНП,ГОД  УТВГ УТВП МЕС  УТВМ ГИП  ПТОМ МТРЦ ТКБЕ ПЗТГ СГГС,2022-01-31,2022-02-13,1,2,перенос в другой месяц
602,Самосвал карьерный HD1500-8 №1630,100000071921,Самосвал HD1500-8 №1630 МТЧ,Техническое обслуживание ТО №5,APP1,1100364250,Техническое обслуживание 5,НЕВЫ ПКАЛ ЗАКР МТКУ ДМНП,ГОД  УТВГ УТВП ГИП  СРОЧ МТРЦ ТКБЕ СГГС,2022-02-04,2022-03-07,2,3,перенос в другой месяц
50,Самосвал карьерный HD1500-8 №1621,100000006408,ТР Самосвал HD1500-8 №1621,Текущий ремонт,APP1,1100380359,ТР Самосвал HD1500-8 №1621,ОТКР ПКАЛ ДМНП KKMP,ГОД  УТВГ МЕС  УТВМ ГИП  ПТОМ ПЗТГ СГГС,2022-02-06,2022-02-11,2,2,без переноса
18,Самосвал карьерный HD1500-8 №1621,100000006408,Самосвал HD1500-8 №1621 МТЧ,Техническое обслуживание ТО №1,APP1,1100360308,Техническое обслуживание 1,ОТКР ПКАЛ ДМНП,ГОД  УТВГ УТВП ГИП  МТРЦ ТКБЕ СГГС,2022-02-06,2022-03-20,2,3,перенос в другой месяц
191,Самосвал карьерный HD1500-8 №1623,100000006410,ТР Самосвал HD1500-8 №1623,Текущий ремонт,APP1,1100380778,ТР Самосвал HD1500-8 №1623,ОТКР ПКАЛ ДМНП KKMP,ГОД  УТВГ МЕС  УТВМ ГИП  ПТОМ ПЗТГ СГГС,2022-02-11,2022-02-14,2,2,без переноса
157,Самосвал карьерный HD1500-8 №1623,100000006410,Самосвал HD1500-8 №1623 МТЧ,Техническое обслуживание ТО №4,APP1,1100360805,Техническое обслуживание 4,ДЕБЛ ПКАЛ ПРВВ ДМНП,ГОД  УТВГ УТВП МЕС  УТВМ НЕД  УТВН ГИП  ПТОМ СРОЧ МТРЦ ТКБЕ ПЗТГ СГГС,2022-02-11,2022-02-02,2,2,без переноса
472,Самосвал карьерный HD1500-8 №1628,100000022744,Самосвал HD1500-8 №1628 МТЧ,Техническое обслуживание ТО №1,APP1,1100360165,Техническое обслуживание 1,ОТКР ПКАЛ ДМНП,ГОД  УТВГ УТВП МЕС  УТВМ ГИП  ПТОМ СРОЧ МТРЦ ТКБЕ ПЗТГ СГГС,2022-02-15,2022-02-15,2,2,без переноса
238,Самосвал карьерный HD1500-8 №1624,100000021344,Самосвал HD1500-8 №1624 МТЧ,Техническое обслуживание ТО №3,APP1,1100360822,Техническое обслуживание 3,ОТКР ПКАЛ ДМНП,ГОД  УТВГ УТВП ГИП  СРОЧ МТРЦ ТКБЕ СГГС,2022-02-16,2022-03-21,2,3,перенос в другой месяц
279,Самосвал карьерный HD1500-8 №1624,100000021344,ТР Самосвал HD1500-8 №1624,Текущий ремонт,APP1,1100380737,ТР Самосвал HD1500-8 №1624,ОТКР ПКАЛ ДМНП KKMP,ГОД  УТВГ МЕС  УТВМ ГИП  ПТОМ ПЗТГ СГГС,2022-02-16,2022-02-12,2,2,без переноса
603,Самосвал карьерный HD1500-8 №1630,100000071921,Самосвал HD1500-8 №1630 МТЧ,Техническое обслуживание ТО №1,APP1,1100364222,Техническое обслуживание 1,НЕВЫ ПКАЛ ЗАКР МТКУ ДМНП,ГОД  УТВГ УТВП ГИП  МТРЦ ТКБЕ СГГС,2022-02-16,2022-03-19,2,3,перенос в другой месяц
656,Самосвал карьерный HD1500-8 №1630,100000071921,ТР Самосвал HD1500-8 №1630,Текущий ремонт,APP1,1100381343,ТР Самосвал HD1500-8 №1630,НЕВЫ ПКАЛ ЗАКР МТКУ ДМНП KKMP,ГОД  УТВГ ГИП  СГГС,2022-02-16,2022-02-24,2,2,без переноса
576,Самосвал карьерный HD1500-8 №1629,100000022783,ТР Самосвал HD1500-8 №1629,Текущий ремонт,APP1,1100381290,ТР Самосвал HD1500-8 №1629,ОТКР ПКАЛ ДМНП KKMP,ГОД  УТВГ МЕС  УТВМ ГИП  ПТОМ ПЗТГ СГГС,2022-02-19,2022-02-10,2,2,без переноса
539,Самосвал карьерный HD1500-8 №1629,100000022783,Самосвал HD1500-8 №1629 МТЧ,Техническое обслуживание ТО №1,APP1,1100363037,Техническое обслуживание 1,ОТКР ПКАЛ ДМНП,ГОД  УТВГ УТВП МЕС  УТВМ ГИП  ПТОМ СРОЧ МТРЦ ТКБЕ ПЗТГ СГГС,2022-02-19,2022-02-10,2,2,без переноса
411,Самосвал карьерный HD1500-8 №1627,100000022743,Самосвал HD1500-8 №1627 МТЧ,Техническое обслуживание ТО №4,APP1,1100360268,Техническое обслуживание 4,ОТКР ПКАЛ ДМНП,ГОД  УТВГ УТВП ГИП  СРОЧ МТРЦ ТКБЕ СГГС,2022-02-21,2022-03-05,2,3,перенос в другой месяц
348,Самосвал карьерный HD1500-8 №1626,100000021466,Самосвал HD1500-8 №1626 МТЧ,Техническое обслуживание ТО №3,APP1,1100361450,Техническое обслуживание 3,ОТКР ПКАЛ ДМНП,ГОД  УТВГ УТВП ГИП  СРОЧ МТРЦ ТКБЕ СГГС,2022-02-21,2022-03-17,2,3,перенос в другой месяц
446,Самосвал карьерный HD1500-8 №1627,100000022743,ТР Самосвал HD1500-8 №1627,Текущий ремонт,APP1,1100381271,ТР Самосвал HD1500-8 №1627,ОТКР ПКАЛ ДМНП KKMP,ГОД  УТВГ ГИП  СГГС,2022-02-21,2022-03-05,2,3,перенос в другой месяц
382,Самосвал карьерный HD1500-8 №1626,100000021466,ТР Самосвал HD1500-8 №1626,Текущий ремонт,APP1,1100381309,ТР Самосвал HD1500-8 №1626,ОТКР ПКАЛ ДМНП KKMP,ГОД  УТВГ МЕС  УТВМ НЕД  УТВН ГИП  ПТОМ ПЗТГ СГГС,2022-02-21,2022-02-06,2,2,без переноса
85,Самосвал карьерный HD1500-8 №1622,100000006409,Самосвал HD1500-8 №1622 МТЧ,Техническое обслуживание ТО №1,APP1,1100360780,Техническое обслуживание 1,ОТКР ПКАЛ ДМНП,ГОД  УТВГ УТВП МЕС  УТВМ ГИП  ПТОМ СРОЧ МТРЦ ТКБЕ ПЗТГ СГГС,2022-02-23,2022-02-27,2,2,без переноса
118,Самосвал карьерный HD1500-8 №1622,100000006409,ТР Самосвал HD1500-8 №1622,Текущий ремонт,APP1,1100381244,ТР Самосвал HD1500-8 №1622,ОТКР ПКАЛ ДМНП KKMP,ГОД  УТВГ МЕС  УТВМ ГИП  ПТОМ ПЗТГ СГГС,2022-02-23,2022-02-07,2,2,без переноса
604,Самосвал карьерный HD1500-8 №1630,100000071921,Самосвал HD1500-8 №1630 МТЧ,Техническое обслуживание ТО №2,APP1,1100364237,Техническое обслуживание 2,НЕВЫ ПКАЛ ЗАКР МТКУ ДМНП,ГОД  УТВГ УТВП ГИП  МТРЦ ТКБЕ СГГС,2022-02-27,2022-03-30,2,3,перенос в другой месяц
19,Самосвал карьерный HD1500-8 №1621,100000006408,Самосвал HD1500-8 №1621 МТЧ,Техническое обслуживание ТО №2,APP1,1100360314,Техническое обслуживание 2,ОТКР ПКАЛ ДМНП,ГОД  УТВГ УТВП ГИП  СРОЧ МТРЦ ТКБЕ СГГС,2022-03-01,2022-03-15,3,3,без переноса
51,Самосвал карьерный HD1500-8 №1621,100000006408,ТР Самосвал HD1500-8 №1621,Текущий ремонт,APP1,1100381260,ТР Самосвал HD1500-8 №1621,ОТКР ПКАЛ ДМНП KKMP,ГОД  УТВГ ГИП  СГГС,2022-03-01,2022-03-15,3,3,без переноса
158,Самосвал карьерный HD1500-8 №1623,100000006410,Самосвал HD1500-8 №1623 МТЧ,Техническое обслуживание ТО №1,APP1,1100360752,Техническое обслуживание 1,ОТКР ПКАЛ ДМНП,ГОД  УТВГ УТВП МЕС  УТВМ ГИП  ПТОМ СРОЧ МТРЦ ТКБЕ ПЗТГ СГГС,2022-03-07,2022-02-23,3,2,перенос в другой месяц
192,Самосвал карьерный HD1500-8 №1623,100000006410,ТР Самосвал HD1500-8 №1623,Текущий ремонт,APP1,1100380779,ТР Самосвал HD1500-8 №1623,ОТКР ПКАЛ ДМНП KKMP,ГОД  УТВГ МЕС  УТВМ ГИП  ПТОМ ПЗТГ СГГС,2022-03-07,2022-03-05,3,3,без переноса
473,Самосвал карьерный HD1500-8 №1628,100000022744,Самосвал HD1500-8 №1628 МТЧ,Техническое обслуживание ТО №4,APP1,1100360295,Техническое обслуживание 4,ОТКР ПКАЛ ДМНП,ГОД  УТВГ УТВП ГИП  СРОЧ МТРЦ ТКБЕ СГГС,2022-03-08,2022-03-08,3,3,без переноса
280,Самосвал карьерный HD1500-8 №1624,100000021344,ТР Самосвал HD1500-8 №1624,Текущий ремонт,APP1,1100380738,ТР Самосвал HD1500-8 №1624,ОТКР ПКАЛ ДМНП KKMP,ГОД  УТВГ ГИП  СГГС,2022-03-08,2022-03-08,3,3,без переноса
239,Самосвал карьерный HD1500-8 №1624,100000021344,Самосвал HD1500-8 №1624 МТЧ,Техническое обслуживание ТО №1,APP1,1100360731,Техническое обслуживание 1,ОТКР ПКАЛ ДМНП,ГОД  УТВГ УТВП ГИП  СРОЧ МТРЦ ТКБЕ СГГС,2022-03-08,2022-03-01,3,3,без переноса
508,Самосвал карьерный HD1500-8 №1628,100000022744,ТР Самосвал HD1500-8 №1628,Текущий ремонт,APP1,1100381175,ТР Самосвал HD1500-8 №1628,ОТКР ПКАЛ ДМНП KKMP,ГОД  УТВГ ГИП  СГГС,2022-03-08,2022-03-08,3,3,без переноса
605,Самосвал карьерный HD1500-8 №1630,100000071921,Самосвал HD1500-8 №1630 МТЧ,Техническое обслуживание ТО №1,APP1,1100364223,Техническое обслуживание 1,НЕВЫ ПКАЛ ЗАКР МТКУ ДМНП,ГОД  УТВГ УТВП ГИП  МТРЦ ТКБЕ СГГС,2022-03-11,2022-04-11,3,4,перенос в другой месяц
657,Самосвал карьерный HD1500-8 №1630,100000071921,ТР Самосвал HD1500-8 №1630,Текущий ремонт,APP1,1100381344,ТР Самосвал HD1500-8 №1630,НЕВЫ ПКАЛ ЗАКР МТКУ ДМНП KKMP,ГОД  УТВГ ГИП  СГГС,2022-03-11,2022-03-19,3,3,без переноса
383,Самосвал карьерный HD1500-8 №1626,100000021466,ТР Самосвал HD1500-8 №1626,Текущий ремонт,APP1,1100381310,ТР Самосвал HD1500-8 №1626,ОТКР ПКАЛ ДМНП KKMP,ГОД  УТВГ ГИП  СГГС,2022-03-13,2022-03-13,3,3,без переноса
349,Самосвал карьерный HD1500-8 №1626,100000021466,Самосвал HD1500-8 №1626 МТЧ,Техническое обслуживание ТО №1,APP1,1100361279,Техническое обслуживание 1,ОТКР ПКАЛ ДМНП,ГОД  УТВГ УТВП МЕС  УТВМ ГИП  ПТОМ СРОЧ МТРЦ ТКБЕ ПЗТГ СГГС,2022-03-13,2022-02-26,3,2,перенос в другой месяц
412,Самосвал карьерный HD1500-8 №1627,100000022743,Самосвал HD1500-8 №1627 МТЧ,Техническое обслуживание ТО №1,APP1,1100360119,Техническое обслуживание 1,ОТКР ПКАЛ ДМНП,ГОД  УТВГ УТВП ГИП  МТРЦ ТКБЕ СГГС,2022-03-14,2022-03-26,3,3,без переноса
540,Самосвал карьерный HD1500-8 №1629,100000022783,Самосвал HD1500-8 №1629 МТЧ,Техническое обслуживание ТО №2,APP1,1100363104,Техническое обслуживание 2,ОТКР ПКАЛ ДМНП,ГОД  УТВГ УТВП ГИП  СРОЧ МТРЦ ТКБЕ СГГС,2022-03-14,2022-03-07,3,3,без переноса
577,Самосвал карьерный HD1500-8 №1629,100000022783,ТР Самосвал HD1500-8 №1629,Текущий ремонт,APP1,1100381291,ТР Самосвал HD1500-8 №1629,ОТКР ПКАЛ ДМНП KKMP,ГОД  УТВГ ГИП  СГГС,2022-03-14,2022-03-07,3,3,без переноса
119,Самосвал карьерный HD1500-8 №1622,100000006409,ТР Самосвал HD1500-8 №1622,Текущий ремонт,APP1,1100381245,ТР Самосвал HD1500-8 №1622,ОТКР ПКАЛ ДМНП KKMP,ГОД  УТВГ МЕС  УТВМ ГИП  ПТОМ ПЗТГ СГГС,2022-03-17,2022-02-27,3,2,перенос в другой месяц
86,Самосвал карьерный HD1500-8 №1622,100000006409,Самосвал HD1500-8 №1622 МТЧ,Техническое обслуживание ТО №2,APP1,1100360787,Техническое обслуживание 2,ДЕБЛ ПКАЛ ПРВВ ДМНП,ГОД  УТВГ УТВП МЕС  УТВМ ГИП  ПТОМ СРОЧ МТРЦ ТКБЕ ПЗТГ СГГС,2022-03-17,2022-02-07,3,2,перенос в другой месяц
606,Самосвал карьерный HD1500-8 №1630,100000071921,Самосвал HD1500-8 №1630 МТЧ,Техническое обслуживание ТО №3,APP1,1100364244,Техническое обслуживание 3,НЕВЫ ПКАЛ ЗАКР МТКУ ДМНП,ГОД  УТВГ УТВП ГИП  СРОЧ МТРЦ ТКБЕ СГГС,2022-03-22,2022-04-22,3,4,перенос в другой месяц
20,Самосвал карьерный HD1500-8 №1621,100000006408,Самосвал HD1500-8 №1621 МТЧ,Техническое обслуживание ТО №1,APP1,1100360306,Техническое обслуживание 1,ОТКР ПКАЛ ДМНП,ГОД  УТВГ УТВП ГИП  МТРЦ ТКБЕ СГГС,2022-03-23,2022-04-06,3,4,перенос в другой месяц
9,Самосвал карьерный HD1500-8 №1621,100000006408,Самосвал HD1500-8 №1621,Текущий ремонт,APP1,1100360706,ТР гидросистемы,ОТКР ПКАЛ ДМНП KKMP,ГОД  УТВГ ГИП  СГГС,2022-03-23,2022-03-27,3,3,без переноса
509,Самосвал карьерный HD1500-8 №1628,100000022744,ТР Самосвал HD1500-8 №1628,Текущий ремонт,APP1,1100381176,ТР Самосвал HD1500-8 №1628,ОТКР ПКАЛ ДМНП KKMP,ГОД  УТВГ ГИП  СГГС,2022-03-29,2022-03-29,3,3,без переноса
474,Самосвал карьерный HD1500-8 №1628,100000022744,Самосвал HD1500-8 №1628 МТЧ,Техническое обслуживание ТО №1,APP1,1100360166,Техническое обслуживание 1,ОТКР ПКАЛ ДМНП,ГОД  УТВГ УТВП ГИП  МТРЦ ТКБЕ СГГС,2022-03-29,2022-03-29,3,3,без переноса
159,Самосвал карьерный HD1500-8 №1623,100000006410,Самосвал HD1500-8 №1623 МТЧ,Техническое обслуживание ТО №2,APP1,1100360759,Техническое обслуживание 2,ОТКР ПКАЛ ДМНП,ГОД  УТВГ УТВП ГИП  СРОЧ МТРЦ ТКБЕ СГГС,2022-03-31,2022-03-31,3,3,без переноса
150,Самосвал карьерный HD1500-8 №1623,100000006410,Самосвал HD1500-8 №1623,Замена,APP1,1100360749,Замена колес,ОТКР ПКАЛ ДМНП KKMP,ГОД  УТВГ ГИП  СГГС,2022-03-31,2022-03-31,3,3,без переноса
607,Самосвал карьерный HD1500-8 №1630,100000071921,Самосвал HD1500-8 №1630 МТЧ,Техническое обслуживание ТО №1,APP1,1100364224,Техническое обслуживание 1,ОТКР ПКАЛ ДМНП,ГОД  УТВГ УТВП ГИП  МТРЦ ТКБЕ СГГС,2022-04-02,2022-05-03,4,5,перенос в другой месяц
240,Самосвал карьерный HD1500-8 №1624,100000021344,Самосвал HD1500-8 №1624 МТЧ,Техническое обслуживание ТО №2,APP1,1100360739,Техническое обслуживание 2,ОТКР ПКАЛ ДМНП,ГОД  УТВГ УТВП ГИП  СРОЧ МТРЦ ТКБЕ СГГС,2022-04-02,2022-04-02,4,4,без переноса
413,Самосвал карьерный HD1500-8 №1627,100000022743,Самосвал HD1500-8 №1627 МТЧ,Техническое обслуживание ТО №2,APP1,1100360255,Техническое обслуживание 2,ОТКР ПКАЛ ДМНП,ГОД  УТВГ УТВП ГИП  СРОЧ МТРЦ ТКБЕ СГГС,2022-04-04,2022-04-16,4,4,без переноса
447,Самосвал карьерный HD1500-8 №1627,100000022743,ТР Самосвал HD1500-8 №1627,Текущий ремонт,APP1,1100381341,ТР Самосвал HD1500-8 №1627,ОТКР ПКАЛ ДМНП KKMP,ГОД  УТВГ ГИП  СГГС,2022-04-04,2022-04-16,4,4,без переноса
578,Самосвал карьерный HD1500-8 №1629,100000022783,ТР Самосвал HD1500-8 №1629,Текущий ремонт,APP1,1100381292,ТР Самосвал HD1500-8 №1629,ОТКР ПКАЛ ДМНП KKMP,ГОД  УТВГ ГИП  СГГС,2022-04-06,2022-03-30,4,3,перенос в другой месяц
541,Самосвал карьерный HD1500-8 №1629,100000022783,Самосвал HD1500-8 №1629 МТЧ,Техническое обслуживание ТО №1,APP1,1100363038,Техническое обслуживание 1,ОТКР ПКАЛ ДМНП,ГОД  УТВГ УТВП ГИП  МТРЦ ТКБЕ СГГС,2022-04-06,2022-03-30,4,3,перенос в другой месяц
350,Самосвал карьерный HD1500-8 №1626,100000021466,Самосвал HD1500-8 №1626 МТЧ,Техническое обслуживание ТО №2,APP1,1100361447,Техническое обслуживание 2,ОТКР ПКАЛ ДМНП,ГОД  УТВГ УТВП ГИП  СРОЧ МТРЦ ТКБЕ СГГС,2022-04-07,2022-04-07,4,4,без переноса
77,Самосвал карьерный HD1500-8 №1622,100000006409,Самосвал HD1500-8 №1622,Текущий ремонт,APP1,1100360895,ТР гидросистемы,ОТКР ПКАЛ ДМНП KKMP,ГОД  УТВГ ГИП  СГГС,2022-04-13,2022-05-10,4,5,перенос в другой месяц
120,Самосвал карьерный HD1500-8 №1622,100000006409,ТР Самосвал HD1500-8 №1622,Текущий ремонт,APP1,1100381246,ТР Самосвал HD1500-8 №1622,ОТКР ПКАЛ ДМНП KKMP,ГОД  УТВГ ГИП  СГГС,2022-04-13,2022-04-18,4,4,без переноса
87,Самосвал карьерный HD1500-8 №1622,100000006409,Самосвал HD1500-8 №1622 МТЧ,Техническое обслуживание ТО №1,APP1,1100360781,Техническое обслуживание 1,ОТКР ПКАЛ ДМНП,ГОД  УТВГ УТВП ГИП  МТРЦ ТКБЕ СГГС,2022-04-13,2022-04-18,4,4,без переноса
214,ДВС SDA16V159-3,100000009821,Двигатель вн.сгорания SDA16V159-3 МТЧ,Капитальный ремонт 1,APP1,1100360690,КР1 двигателя,ОТКР ПКАЛ ДМНП,ГОД  УТВГ УТВП ГИП  МТРЦ ТКБЕ КРМТ СГГС,2022-04-14,2022-04-14,4,4,без переноса
224,Кузов,100000010308,Кузов ЧАС,Капитальный ремонт,APP1,1100360645,КР кузова,ОТКР ПКАЛ ДМНП,ГОД  УТВГ УТВП ГИП  МТРЦ ТКБЕ КРМТ СГГС,2022-04-14,2022-04-14,4,4,без переноса
216,Редуктор бортовой правый,100000009823,Редуктор бортовой правый МТЧ,Капитальный ремонт,APP1,1100360691,КР конечных передач,ОТКР ПКАЛ ДМНП,ГОД  УТВГ УТВП ГИП  МТРЦ ТКБЕ КРМТ СГГС,2022-04-14,2022-04-14,4,4,без переноса
5,Самосвал карьерный HD1500-8 №1621,100000006408,Самосвал HD1500-8 №1621 МТЧ,Замена,APP1,1100360234,Замена конечных передач,ОТКР ПКАЛ ДМНП KKMP,ГОД  УТВГ ГИП  СГГС,2022-04-14,2022-04-28,4,4,без переноса
11,Самосвал карьерный HD1500-8 №1621,100000006408,Самосвал HD1500-8 №1621,Замена,APP1,1100360236,Замена кузова,ОТКР ПКАЛ ДМНП KKMP,ГОД  УТВГ ГИП  СГГС,2022-04-14,2022-04-28,4,4,без переноса
52,Самосвал карьерный HD1500-8 №1621,100000006408,ТР Самосвал HD1500-8 №1621,Текущий ремонт,APP1,1100381261,ТР Самосвал HD1500-8 №1621,ОТКР ПКАЛ ДМНП KKMP,ГОД  УТВГ ГИП  СГГС,2022-04-14,2022-04-28,4,4,без переноса
7,Самосвал карьерный HD1500-8 №1621,100000006408,Самосвал HD1500-8 №1621 МТЧ,Замена,APP1,1100360235,Замена1 двигателя,ОТКР ПКАЛ ДМНП KKMP,ГОД  УТВГ МЕС  УТВМ ГИП  ПТОМ ПЗТГ СГГС,2022-04-14,2022-02-18,4,2,перенос в другой месяц
46,Самосвал карьерный HD1500-8 №1621,100000006408,Самосвал HD1500-8 №1621 МТЧ,Капитальный ремонт,APP1,1100360724,КР ходовой части,ОТКР ПКАЛ ДМНП,ГОД  УТВГ УТВП ГИП  СРОЧ МТРЦ ТКБЕ КРМТ СГГС,2022-04-14,2022-04-28,4,4,без переноса
608,Самосвал карьерный HD1500-8 №1630,100000071921,Самосвал HD1500-8 №1630 МТЧ,Техническое обслуживание ТО №2,APP1,1100364238,Техническое обслуживание 2,ОТКР ПКАЛ ДМНП,ГОД  УТВГ УТВП ГИП  МТРЦ ТКБЕ СГГС,2022-04-14,2022-05-15,4,5,перенос в другой месяц
13,Самосвал карьерный HD1500-8 №1621,100000006408,Самосвал HD1500-8 №1621,Текущий ремонт,APP1,1100360707,ТР кузова,ОТКР ПКАЛ ДМНП,ГОД  УТВГ МЕС  УТВМ ГИП  ПТОМ СРОЧ МТРЦ ПЗТГ СГГС,2022-04-14,2022-02-17,4,2,перенос в другой месяц
21,Самосвал карьерный HD1500-8 №1621,100000006408,Самосвал HD1500-8 №1621 МТЧ,Техническое обслуживание ТО №4,APP1,1100360320,Техническое обслуживание 4,ОТКР ПКАЛ ДМНП,ГОД  УТВГ УТВП ГИП  СРОЧ МТРЦ ТКБЕ СГГС,2022-04-14,2022-04-28,4,4,без переноса
475,Самосвал карьерный HD1500-8 №1628,100000022744,Самосвал HD1500-8 №1628 МТЧ,Техническое обслуживание ТО №2,APP1,1100360282,Техническое обслуживание 2,ОТКР ПКАЛ ДМНП,ГОД  УТВГ УТВП ГИП  СРОЧ МТРЦ ТКБЕ СГГС,2022-04-19,2022-04-19,4,4,без переноса
160,Самосвал карьерный HD1500-8 №1623,100000006410,Самосвал HD1500-8 №1623 МТЧ,Техническое обслуживание ТО №1,APP1,1100360753,Техническое обслуживание 1,ОТКР ПКАЛ ДМНП,ГОД  УТВГ УТВП ГИП  МТРЦ ТКБЕ СГГС,2022-04-21,2022-04-21,4,4,без переноса
193,Самосвал карьерный HD1500-8 №1623,100000006410,ТР Самосвал HD1500-8 №1623,Текущий ремонт,APP1,1100381280,ТР Самосвал HD1500-8 №1623,ОТКР ПКАЛ ДМНП KKMP,ГОД  УТВГ ГИП  СГГС,2022-04-21,2022-04-21,4,4,без переноса
448,Самосвал карьерный HD1500-8 №1627,100000022743,ТР Самосвал HD1500-8 №1627,Текущий ремонт,APP1,1100381272,ТР Самосвал HD1500-8 №1627,ОТКР ПКАЛ ДМНП KKMP,ГОД  УТВГ ГИП  СГГС,2022-04-25,2022-05-07,4,5,перенос в другой месяц
414,Самосвал карьерный HD1500-8 №1627,100000022743,Самосвал HD1500-8 №1627 МТЧ,Техническое обслуживание ТО №1,APP1,1100360240,Техническое обслуживание 1,ОТКР ПКАЛ ДМНП,ГОД  УТВГ УТВП ГИП  МТРЦ ТКБЕ СГГС,2022-04-25,2022-05-07,4,5,перенос в другой месяц
609,Самосвал карьерный HD1500-8 №1630,100000071921,Самосвал HD1500-8 №1630 МТЧ,Техническое обслуживание ТО №1,APP1,1100364225,Техническое обслуживание 1,ОТКР ПКАЛ ДМНП,ГОД  УТВГ УТВП ГИП  МТРЦ ТКБЕ СГГС,2022-04-25,2022-05-26,4,5,перенос в другой месяц
281,Самосвал карьерный HD1500-8 №1624,100000021344,ТР Самосвал HD1500-8 №1624,Текущий ремонт,APP1,1100380739,ТР Самосвал HD1500-8 №1624,ОТКР ПКАЛ ДМНП KKMP,ГОД  УТВГ ГИП  СГГС,2022-04-25,2022-04-25,4,4,без переноса
658,Самосвал карьерный HD1500-8 №1630,100000071921,ТР Самосвал HD1500-8 №1630,Текущий ремонт,APP1,1100381345,ТР Самосвал HD1500-8 №1630,ОТКР ПКАЛ ДМНП KKMP,ГОД  УТВГ ГИП  СГГС,2022-04-25,2022-05-03,4,5,перенос в другой месяц
241,Самосвал карьерный HD1500-8 №1624,100000021344,Самосвал HD1500-8 №1624 МТЧ,Техническое обслуживание ТО №1,APP1,1100360732,Техническое обслуживание 1,ОТКР ПКАЛ ДМНП,ГОД  УТВГ УТВП ГИП  МТРЦ ТКБЕ СГГС,2022-04-25,2022-04-25,4,4,без переноса
542,Самосвал карьерный HD1500-8 №1629,100000022783,Самосвал HD1500-8 №1629 МТЧ,Техническое обслуживание ТО №3,APP1,1100363108,Техническое обслуживание 3,ОТКР ПКАЛ ДМНП,ГОД  УТВГ УТВП ГИП  СРОЧ МТРЦ ТКБЕ СГГС,2022-04-29,2022-04-22,4,4,без переноса
351,Самосвал карьерный HD1500-8 №1626,100000021466,Самосвал HD1500-8 №1626 МТЧ,Техническое обслуживание ТО №1,APP1,1100361440,Техническое обслуживание 1,ОТКР ПКАЛ ДМНП,ГОД  УТВГ УТВП ГИП  МТРЦ ТКБЕ СГГС,2022-04-30,2022-04-30,4,4,без переноса
384,Самосвал карьерный HD1500-8 №1626,100000021466,ТР Самосвал HD1500-8 №1626,Текущий ремонт,APP1,1100381311,ТР Самосвал HD1500-8 №1626,ОТКР ПКАЛ ДМНП KKMP,ГОД  УТВГ ГИП  СГГС,2022-04-30,2022-04-30,4,4,без переноса
88,Самосвал карьерный HD1500-8 №1622,100000006409,Самосвал HD1500-8 №1622 МТЧ,Техническое обслуживание ТО №3,APP1,1100360791,Техническое обслуживание 3,ОТКР ПКАЛ ДМНП,ГОД  УТВГ УТВП ГИП  СРОЧ МТРЦ ТКБЕ СГГС,2022-05-05,2022-05-10,5,5,без переноса
610,Самосвал карьерный HD1500-8 №1630,100000071921,Самосвал HD1500-8 №1630 МТЧ,Техническое обслуживание ТО №4,APP1,1100364248,Техническое обслуживание 4,ОТКР ПКАЛ ДМНП,ГОД  УТВГ УТВП ГИП  МТРЦ ТКБЕ СГГС,2022-05-07,2022-06-07,5,6,перенос в другой месяц
22,Самосвал карьерный HD1500-8 №1621,100000006408,Самосвал HD1500-8 №1621 МТЧ,Техническое обслуживание ТО №1,APP1,1100360311,Техническое обслуживание 1,ОТКР ПКАЛ ДМНП,ГОД  УТВГ УТВП ГИП  МТРЦ ТКБЕ СГГС,2022-05-08,2022-05-22,5,5,без переноса
510,Самосвал карьерный HD1500-8 №1628,100000022744,ТР Самосвал HD1500-8 №1628,Текущий ремонт,APP1,1100381177,ТР Самосвал HD1500-8 №1628,ОТКР ПКАЛ ДМНП KKMP,ГОД  УТВГ ГИП  СГГС,2022-05-10,2022-05-10,5,5,без переноса
476,Самосвал карьерный HD1500-8 №1628,100000022744,Самосвал HD1500-8 №1628 МТЧ,Техническое обслуживание ТО №1,APP1,1100360167,Техническое обслуживание 1,ОТКР ПКАЛ ДМНП,ГОД  УТВГ УТВП ГИП  МТРЦ ТКБЕ СГГС,2022-05-10,2022-05-10,5,5,без переноса
146,Самосвал карьерный HD1500-8 №1623,100000006410,Самосвал HD1500-8 №1623,Текущий ремонт,APP1,1100360708,ТР гидросистемы,ОТКР ПКАЛ ДМНП KKMP,ГОД  УТВГ ГИП  СГГС,2022-05-12,2022-05-12,5,5,без переноса
161,Самосвал карьерный HD1500-8 №1623,100000006410,Самосвал HD1500-8 №1623 МТЧ,Техническое обслуживание ТО №3,APP1,1100360803,Техническое обслуживание 3,ОТКР ПКАЛ ДМНП,ГОД  УТВГ УТВП ГИП  СРОЧ МТРЦ ТКБЕ СГГС,2022-05-12,2022-05-12,5,5,без переноса
242,Самосвал карьерный HD1500-8 №1624,100000021344,Самосвал HD1500-8 №1624 МТЧ,Техническое обслуживание ТО №4,APP1,1100360825,Техническое обслуживание 4,ОТКР ПКАЛ ДМНП,ГОД  УТВГ УТВП ГИП  СРОЧ МТРЦ ТКБЕ СГГС,2022-05-14,2022-05-14,5,5,без переноса
282,Самосвал карьерный HD1500-8 №1624,100000021344,ТР Самосвал HD1500-8 №1624,Текущий ремонт,APP1,1100381300,ТР Самосвал HD1500-8 №1624,ОТКР ПКАЛ ДМНП KKMP,ГОД  УТВГ ГИП  СГГС,2022-05-15,2022-05-15,5,5,без переноса
415,Самосвал карьерный HD1500-8 №1627,100000022743,Самосвал HD1500-8 №1627 МТЧ,Техническое обслуживание ТО №3,APP1,1100360262,Техническое обслуживание 3,ОТКР ПКАЛ ДМНП,ГОД  УТВГ УТВП ГИП  МТРЦ ТКБЕ СГГС,2022-05-16,2022-05-28,5,5,без переноса
449,Самосвал карьерный HD1500-8 №1627,100000022743,ТР Самосвал HD1500-8 №1627,Текущий ремонт,APP1,1100381273,ТР Самосвал HD1500-8 №1627,ОТКР ПКАЛ ДМНП KKMP,ГОД  УТВГ ГИП  СГГС,2022-05-16,2022-05-28,5,5,без переноса
611,Самосвал карьерный HD1500-8 №1630,100000071921,Самосвал HD1500-8 №1630 МТЧ,Техническое обслуживание ТО №1,APP1,1100364226,Техническое обслуживание 1,ОТКР ПКАЛ ДМНП,ГОД  УТВГ УТВП ГИП  МТРЦ ТКБЕ СГГС,2022-05-18,2022-06-18,5,6,перенос в другой месяц
659,Самосвал карьерный HD1500-8 №1630,100000071921,ТР Самосвал HD1500-8 №1630,Текущий ремонт,APP1,1100381346,ТР Самосвал HD1500-8 №1630,ОТКР ПКАЛ ДМНП KKMP,ГОД  УТВГ ГИП  СГГС,2022-05-18,2022-05-26,5,5,без переноса
352,Самосвал карьерный HD1500-8 №1626,100000021466,Самосвал HD1500-8 №1626 МТЧ,Техническое обслуживание ТО №4,APP1,1100361453,Техническое обслуживание 4,ОТКР ПКАЛ ДМНП,ГОД  УТВГ УТВП ГИП  МТРЦ ТКБЕ СГГС,2022-05-19,2022-05-19,5,5,без переноса
385,Самосвал карьерный HD1500-8 №1626,100000021466,ТР Самосвал HD1500-8 №1626,Текущий ремонт,APP1,1100381312,ТР Самосвал HD1500-8 №1626,ОТКР ПКАЛ ДМНП KKMP,ГОД  УТВГ ГИП  СГГС,2022-05-20,2022-05-20,5,5,без переноса
579,Самосвал карьерный HD1500-8 №1629,100000022783,ТР Самосвал HD1500-8 №1629,Текущий ремонт,APP1,1100381293,ТР Самосвал HD1500-8 №1629,ОТКР ПКАЛ ДМНП KKMP,ГОД  УТВГ ГИП  СГГС,2022-05-27,2022-05-20,5,5,без переноса
121,Самосвал карьерный HD1500-8 №1622,100000006409,ТР Самосвал HD1500-8 №1622,Текущий ремонт,APP1,1100381247,ТР Самосвал HD1500-8 №1622,ОТКР ПКАЛ ДМНП KKMP,ГОД  УТВГ ГИП  СГГС,2022-05-27,2022-06-01,5,6,перенос в другой месяц
543,Самосвал карьерный HD1500-8 №1629,100000022783,Самосвал HD1500-8 №1629 МТЧ,Техническое обслуживание ТО №1,APP1,1100363039,Техническое обслуживание 1,ОТКР ПКАЛ ДМНП,ГОД  УТВГ УТВП ГИП  МТРЦ ТКБЕ СГГС,2022-05-27,2022-05-20,5,5,без переноса
89,Самосвал карьерный HD1500-8 №1622,100000006409,Самосвал HD1500-8 №1622 МТЧ,Техническое обслуживание ТО №1,APP1,1100360782,Техническое обслуживание 1,ОТКР ПКАЛ ДМНП,ГОД  УТВГ УТВП ГИП  МТРЦ ТКБЕ СГГС,2022-05-27,2022-06-01,5,6,перенос в другой месяц
162,Самосвал карьерный HD1500-8 №1623,100000006410,Самосвал HD1500-8 №1623 МТЧ,Техническое обслуживание ТО №1,APP1,1100360754,Техническое обслуживание 1,ОТКР ПКАЛ ДМНП,ГОД  УТВГ УТВП ГИП  МТРЦ ТКБЕ СГГС,2022-05-28,2022-05-28,5,5,без переноса
194,Самосвал карьерный HD1500-8 №1623,100000006410,ТР Самосвал HD1500-8 №1623,Текущий ремонт,APP1,1100381281,ТР Самосвал HD1500-8 №1623,ОТКР ПКАЛ ДМНП KKMP,ГОД  УТВГ ГИП  СГГС,2022-05-28,2022-05-28,5,5,без переноса
612,Самосвал карьерный HD1500-8 №1630,100000071921,Самосвал HD1500-8 №1630 МТЧ,Техническое обслуживание ТО №2,APP1,1100364239,Техническое обслуживание 2,ОТКР ПКАЛ ДМНП,ГОД  УТВГ УТВП ГИП  МТРЦ ТКБЕ СГГС,2022-05-29,2022-06-29,5,6,перенос в другой месяц
477,Самосвал карьерный HD1500-8 №1628,100000022744,Самосвал HD1500-8 №1628 МТЧ,Техническое обслуживание ТО №3,APP1,1100360289,Техническое обслуживание 3,ОТКР ПКАЛ ДМНП,ГОД  УТВГ УТВП ГИП  МТРЦ ТКБЕ СГГС,2022-05-31,2022-05-31,5,5,без переноса
511,Самосвал карьерный HD1500-8 №1628,100000022744,ТР Самосвал HD1500-8 №1628,Текущий ремонт,APP1,1100381178,ТР Самосвал HD1500-8 №1628,ОТКР ПКАЛ ДМНП KKMP,ГОД  УТВГ ГИП  СГГС,2022-05-31,2022-05-31,5,5,без переноса
416,Самосвал карьерный HD1500-8 №1627,100000022743,Самосвал HD1500-8 №1627 МТЧ,Техническое обслуживание ТО №1,APP1,1100360241,Техническое обслуживание 1,ОТКР ПКАЛ ДМНП,ГОД  УТВГ УТВП ГИП  МТРЦ ТКБЕ СГГС,2022-06-01,2022-06-13,6,6,без переноса
478,Самосвал карьерный HD1500-8 №1628,100000022744,Самосвал HD1500-8 №1628 МТЧ,Техническое обслуживание ТО №1,APP1,1100360168,Техническое обслуживание 1,ОТКР ПКАЛ ДМНП,ГОД  УТВГ УТВП ГИП  МТРЦ ТКБЕ СГГС,2022-06-03,2022-06-03,6,6,без переноса
23,Самосвал карьерный HD1500-8 №1621,100000006408,Самосвал HD1500-8 №1621 МТЧ,Техническое обслуживание ТО №2,APP1,1100360313,Техническое обслуживание 2,ОТКР ПКАЛ ДМНП,ГОД  УТВГ УТВП ГИП  МТРЦ ТКБЕ СГГС,2022-06-07,2022-06-21,6,6,без переноса
53,Самосвал карьерный HD1500-8 №1621,100000006408,ТР Самосвал HD1500-8 №1621,Текущий ремонт,APP1,1100381262,ТР Самосвал HD1500-8 №1621,ОТКР ПКАЛ ДМНП KKMP,ГОД  УТВГ ГИП  СГГС,2022-06-07,2022-06-21,6,6,без переноса
243,Самосвал карьерный HD1500-8 №1624,100000021344,Самосвал HD1500-8 №1624 МТЧ,Техническое обслуживание ТО №1,APP1,1100360733,Техническое обслуживание 1,ОТКР ПКАЛ ДМНП,ГОД  УТВГ УТВП ГИП  МТРЦ ТКБЕ СГГС,2022-06-10,2022-06-10,6,6,без переноса
283,Самосвал карьерный HD1500-8 №1624,100000021344,ТР Самосвал HD1500-8 №1624,Текущий ремонт,APP1,1100381301,ТР Самосвал HD1500-8 №1624,ОТКР ПКАЛ ДМНП KKMP,ГОД  УТВГ ГИП  СГГС,2022-06-10,2022-06-10,6,6,без переноса
660,Самосвал карьерный HD1500-8 №1630,100000071921,ТР Самосвал HD1500-8 №1630,Текущий ремонт,APP1,1100381347,ТР Самосвал HD1500-8 №1630,ОТКР ПКАЛ ДМНП KKMP,ГОД  УТВГ ГИП  СГГС,2022-06-10,2022-06-18,6,6,без переноса
613,Самосвал карьерный HD1500-8 №1630,100000071921,Самосвал HD1500-8 №1630 МТЧ,Техническое обслуживание ТО №1,APP1,1100364227,Техническое обслуживание 1,ОТКР ПКАЛ ДМНП,ГОД  УТВГ УТВП ГИП  МТРЦ ТКБЕ СГГС,2022-06-10,2022-07-11,6,7,перенос в другой месяц
386,Самосвал карьерный HD1500-8 №1626,100000021466,ТР Самосвал HD1500-8 №1626,Текущий ремонт,APP1,1100381313,ТР Самосвал HD1500-8 №1626,ОТКР ПКАЛ ДМНП KKMP,ГОД  УТВГ ГИП  СГГС,2022-06-14,2022-06-14,6,6,без переноса
353,Самосвал карьерный HD1500-8 №1626,100000021466,Самосвал HD1500-8 №1626 МТЧ,Техническое обслуживание ТО №1,APP1,1100361441,Техническое обслуживание 1,ОТКР ПКАЛ ДМНП,ГОД  УТВГ УТВП ГИП  МТРЦ ТКБЕ СГГС,2022-06-14,2022-06-14,6,6,без переноса
122,Самосвал карьерный HD1500-8 №1622,100000006409,ТР Самосвал HD1500-8 №1622,Текущий ремонт,APP1,1100381248,ТР Самосвал HD1500-8 №1622,ОТКР ПКАЛ ДМНП KKMP,ГОД  УТВГ ГИП  СГГС,2022-06-17,2022-06-22,6,6,без переноса
90,Самосвал карьерный HD1500-8 №1622,100000006409,Самосвал HD1500-8 №1622 МТЧ,Техническое обслуживание ТО №2,APP1,1100360788,Техническое обслуживание 2,ОТКР ПКАЛ ДМНП,ГОД  УТВГ УТВП ГИП  МТРЦ ТКБЕ СГГС,2022-06-17,2022-06-22,6,6,без переноса
544,Самосвал карьерный HD1500-8 №1629,100000022783,Самосвал HD1500-8 №1629 МТЧ,Техническое обслуживание ТО №2,APP1,1100363105,Техническое обслуживание 2,ОТКР ПКАЛ ДМНП,ГОД  УТВГ УТВП ГИП  МТРЦ ТКБЕ СГГС,2022-06-18,2022-06-11,6,6,без переноса
535,Самосвал карьерный HD1500-8 №1629,100000022783,Самосвал HD1500-8 №1629,Замена,APP1,1100363035,Замена колес,ОТКР ПКАЛ ДМНП KKMP,ГОД  УТВГ ГИП  СГГС,2022-06-18,2022-06-11,6,6,без переноса
580,Самосвал карьерный HD1500-8 №1629,100000022783,ТР Самосвал HD1500-8 №1629,Текущий ремонт,APP1,1100381294,ТР Самосвал HD1500-8 №1629,ОТКР ПКАЛ ДМНП KKMP,ГОД  УТВГ ГИП  СГГС,2022-06-18,2022-06-11,6,6,без переноса
195,Самосвал карьерный HD1500-8 №1623,100000006410,ТР Самосвал HD1500-8 №1623,Текущий ремонт,APP1,1100381282,ТР Самосвал HD1500-8 №1623,ОТКР ПКАЛ ДМНП KKMP,ГОД  УТВГ ГИП  СГГС,2022-06-19,2022-06-19,6,6,без переноса
163,Самосвал карьерный HD1500-8 №1623,100000006410,Самосвал HD1500-8 №1623 МТЧ,Техническое обслуживание ТО №2,APP1,1100360800,Техническое обслуживание 2,ОТКР ПКАЛ ДМНП,ГОД  УТВГ УТВП ГИП  МТРЦ ТКБЕ СГГС,2022-06-19,2022-06-19,6,6,без переноса
614,Самосвал карьерный HD1500-8 №1630,100000071921,Самосвал HD1500-8 №1630 МТЧ,Техническое обслуживание ТО №3,APP1,1100364245,Техническое обслуживание 3,ОТКР ПКАЛ ДМНП,ГОД  УТВГ УТВП ГИП  МТРЦ ТКБЕ СГГС,2022-06-21,2022-07-22,6,7,перенос в другой месяц
450,Самосвал карьерный HD1500-8 №1627,100000022743,ТР Самосвал HD1500-8 №1627,Текущий ремонт,APP1,1100381277,ТР Самосвал HD1500-8 №1627,ОТКР ПКАЛ ДМНП KKMP,ГОД  УТВГ ГИП  СГГС,2022-06-22,2022-07-04,6,7,перенос в другой месяц
417,Самосвал карьерный HD1500-8 №1627,100000022743,Самосвал HD1500-8 №1627 МТЧ,Техническое обслуживание ТО №2,APP1,1100360256,Техническое обслуживание 2,ОТКР ПКАЛ ДМНП,ГОД  УТВГ УТВП ГИП  МТРЦ ТКБЕ СГГС,2022-06-22,2022-07-04,6,7,перенос в другой месяц
479,Самосвал карьерный HD1500-8 №1628,100000022744,Самосвал HD1500-8 №1628 МТЧ,Техническое обслуживание ТО №2,APP1,1100360283,Техническое обслуживание 2,ОТКР ПКАЛ ДМНП,ГОД  УТВГ УТВП ГИП  МТРЦ ТКБЕ СГГС,2022-06-24,2022-06-24,6,6,без переноса
512,Самосвал карьерный HD1500-8 №1628,100000022744,ТР Самосвал HD1500-8 №1628,Текущий ремонт,APP1,1100381179,ТР Самосвал HD1500-8 №1628,ОТКР ПКАЛ ДМНП KKMP,ГОД  УТВГ ГИП  СГГС,2022-06-24,2022-06-24,6,6,без переноса
24,Самосвал карьерный HD1500-8 №1621,100000006408,Самосвал HD1500-8 №1621 МТЧ,Техническое обслуживание ТО №1,APP1,1100360312,Техническое обслуживание 1,ОТКР ПКАЛ ДМНП,ГОД  УТВГ УТВП ГИП  МТРЦ ТКБЕ СГГС,2022-06-29,2022-07-13,6,7,перенос в другой месяц
54,Самосвал карьерный HD1500-8 №1621,100000006408,ТР Самосвал HD1500-8 №1621,Текущий ремонт,APP1,1100381263,ТР Самосвал HD1500-8 №1621,ОТКР ПКАЛ ДМНП KKMP,ГОД  УТВГ ГИП  СГГС,2022-06-29,2022-07-13,6,7,перенос в другой месяц
244,Самосвал карьерный HD1500-8 №1624,100000021344,Самосвал HD1500-8 №1624 МТЧ,Техническое обслуживание ТО №2,APP1,1100360820,Техническое обслуживание 2,ОТКР ПКАЛ ДМНП,ГОД  УТВГ УТВП ГИП  МТРЦ ТКБЕ СГГС,2022-07-01,2022-07-01,7,7,без переноса
661,Самосвал карьерный HD1500-8 №1630,100000071921,ТР Самосвал HD1500-8 №1630,Текущий ремонт,APP1,1100381348,ТР Самосвал HD1500-8 №1630,ОТКР ПКАЛ ДМНП KKMP,ГОД  УТВГ ГИП  СГГС,2022-07-03,2022-07-11,7,7,без переноса
615,Самосвал карьерный HD1500-8 №1630,100000071921,Самосвал HD1500-8 №1630 МТЧ,Техническое обслуживание ТО №1,APP1,1100364228,Техническое обслуживание 1,ОТКР ПКАЛ ДМНП,ГОД  УТВГ УТВП ГИП  МТРЦ ТКБЕ СГГС,2022-07-03,2022-08-03,7,8,перенос в другой месяц
354,Самосвал карьерный HD1500-8 №1626,100000021466,Самосвал HD1500-8 №1626 МТЧ,Техническое обслуживание ТО №2,APP1,1100361448,Техническое обслуживание 2,ОТКР ПКАЛ ДМНП,ГОД  УТВГ УТВП ГИП  МТРЦ ТКБЕ СГГС,2022-07-05,2022-07-05,7,7,без переноса
73,Самосвал карьерный HD1500-8 №1622,100000006409,Самосвал HD1500-8 №1622 МТЧ,Замена,APP1,1100360692,Замена конечной передачи,ОТКР ПКАЛ ДМНП KKMP,ГОД  УТВГ ГИП  СГГС,2022-07-10,2022-07-15,7,7,без переноса
75,Самосвал карьерный HD1500-8 №1622,100000006409,Самосвал HD1500-8 №1622 МТЧ,Замена,APP1,1100360693,Замена1 двигателя,ОТКР ПКАЛ ДМНП KKMP,ГОД  УТВГ ГИП  СГГС,2022-07-10,2022-07-15,7,7,без переноса
79,Самосвал карьерный HD1500-8 №1622,100000006409,Самосвал HD1500-8 №1622,Замена,APP1,1100360696,Замена кузова,ОТКР ПКАЛ ДМНП KKMP,ГОД  УТВГ ГИП  СГГС,2022-07-10,2022-07-15,7,7,без переноса
91,Самосвал карьерный HD1500-8 №1622,100000006409,Самосвал HD1500-8 №1622 МТЧ,Техническое обслуживание ТО №1,APP1,1100360783,Техническое обслуживание 1,ОТКР ПКАЛ ДМНП,ГОД  УТВГ УТВП ГИП  МТРЦ ТКБЕ СГГС,2022-07-10,2022-07-15,7,7,без переноса
226,Кузов,100000010309,Кузов ЧАС,Капитальный ремонт,APP1,1100360795,КР кузова,ОТКР ПКАЛ ДМНП,ГОД  УТВГ УТВП ГИП  МТРЦ ТКБЕ КРМТ СГГС,2022-07-10,2022-07-10,7,7,без переноса
220,ДВС SDA16V159-3,100000009830,Двигатель вн.сгорания SDA16V159-3 МТЧ,Капитальный ремонт 1,APP1,1100360695,КР1 двигателя,ОТКР ПКАЛ ДМНП,ГОД  УТВГ УТВП ГИП  МТРЦ ТКБЕ КРМТ СГГС,2022-07-10,2022-07-10,7,7,без переноса
218,Редуктор бортовой левый,100000009827,Редуктор бортовой левый МТЧ,Капитальный ремонт,APP1,1100360694,КР конечных передач,ОТКР ПКАЛ ДМНП,ГОД  УТВГ УТВП ГИП  ТРКБ МТРЦ ТКБЕ КРМТ ПЛАН,2022-07-10,2022-07-10,7,7,без переноса
123,Самосвал карьерный HD1500-8 №1622,100000006409,ТР Самосвал HD1500-8 №1622,Текущий ремонт,APP1,1100381249,ТР Самосвал HD1500-8 №1622,ОТКР ПКАЛ ДМНП KKMP,ГОД  УТВГ ГИП  СГГС,2022-07-10,2022-07-15,7,7,без переноса
545,Самосвал карьерный HD1500-8 №1629,100000022783,Самосвал HD1500-8 №1629 МТЧ,Техническое обслуживание ТО №1,APP1,1100363100,Техническое обслуживание 1,ОТКР ПКАЛ ДМНП,ГОД  УТВГ УТВП ГИП  МТРЦ ТКБЕ СГГС,2022-07-12,2022-07-05,7,7,без переноса
581,Самосвал карьерный HD1500-8 №1629,100000022783,ТР Самосвал HD1500-8 №1629,Текущий ремонт,APP1,1100381295,ТР Самосвал HD1500-8 №1629,ОТКР ПКАЛ ДМНП KKMP,ГОД  УТВГ ГИП  СГГС,2022-07-12,2022-07-05,7,7,без переноса
418,Самосвал карьерный HD1500-8 №1627,100000022743,Самосвал HD1500-8 №1627 МТЧ,Техническое обслуживание ТО №1,APP1,1100360242,Техническое обслуживание 1,ОТКР ПКАЛ ДМНП,ГОД  УТВГ УТВП ГИП  МТРЦ ТКБЕ СГГС,2022-07-13,2022-07-25,7,7,без переноса
451,Самосвал карьерный HD1500-8 №1627,100000022743,ТР Самосвал HD1500-8 №1627,Текущий ремонт,APP1,1100381274,ТР Самосвал HD1500-8 №1627,ОТКР ПКАЛ ДМНП KKMP,ГОД  УТВГ ГИП  СГГС,2022-07-13,2022-07-25,7,7,без переноса
164,Самосвал карьерный HD1500-8 №1623,100000006410,Самосвал HD1500-8 №1623 МТЧ,Техническое обслуживание ТО №1,APP1,1100360755,Техническое обслуживание 1,ОТКР ПКАЛ ДМНП,ГОД  УТВГ УТВП ГИП  МТРЦ ТКБЕ СГГС,2022-07-13,2022-07-13,7,7,без переноса
196,Самосвал карьерный HD1500-8 №1623,100000006410,ТР Самосвал HD1500-8 №1623,Текущий ремонт,APP1,1100381283,ТР Самосвал HD1500-8 №1623,ОТКР ПКАЛ ДМНП KKMP,ГОД  УТВГ ГИП  СГГС,2022-07-13,2022-07-13,7,7,без переноса
616,Самосвал карьерный HD1500-8 №1630,100000071921,Самосвал HD1500-8 №1630 МТЧ,Техническое обслуживание ТО №2,APP1,1100364240,Техническое обслуживание 2,ОТКР ПКАЛ ДМНП,ГОД  УТВГ УТВП ГИП  МТРЦ ТКБЕ СГГС,2022-07-14,2022-08-14,7,8,перенос в другой месяц
480,Самосвал карьерный HD1500-8 №1628,100000022744,Самосвал HD1500-8 №1628 МТЧ,Техническое обслуживание ТО №1,APP1,1100360169,Техническое обслуживание 1,ОТКР ПКАЛ ДМНП,ГОД  УТВГ УТВП ГИП  МТРЦ ТКБЕ СГГС,2022-07-15,2022-07-15,7,7,без переноса
513,Самосвал карьерный HD1500-8 №1628,100000022744,ТР Самосвал HD1500-8 №1628,Текущий ремонт,APP1,1100381360,ТР Самосвал HD1500-8 №1628,ОТКР ПКАЛ ДМНП KKMP,ГОД  УТВГ ГИП  СГГС,2022-07-15,2022-07-15,7,7,без переноса
25,Самосвал карьерный HD1500-8 №1621,100000006408,Самосвал HD1500-8 №1621 МТЧ,Техническое обслуживание ТО №3,APP1,1100360318,Техническое обслуживание 3,ОТКР ПКАЛ ДМНП,ГОД  УТВГ УТВП ГИП  ТРКБ МТРЦ ТКБЕ ПЛАН,2022-07-21,2022-08-04,7,8,перенос в другой месяц
55,Самосвал карьерный HD1500-8 №1621,100000006408,ТР Самосвал HD1500-8 №1621,Текущий ремонт,APP1,1100381264,ТР Самосвал HD1500-8 №1621,ОТКР ПКАЛ ДМНП KKMP,ГОД  УТВГ ГИП  СГГС,2022-07-21,2022-08-04,7,8,перенос в другой месяц
284,Самосвал карьерный HD1500-8 №1624,100000021344,ТР Самосвал HD1500-8 №1624,Текущий ремонт,APP1,1100381302,ТР Самосвал HD1500-8 №1624,ОТКР ПКАЛ ДМНП KKMP,ГОД  УТВГ ГИП  СГГС,2022-07-23,2022-07-23,7,7,без переноса
245,Самосвал карьерный HD1500-8 №1624,100000021344,Самосвал HD1500-8 №1624 МТЧ,Техническое обслуживание ТО №1,APP1,1100360734,Техническое обслуживание 1,ОТКР ПКАЛ ДМНП,ГОД  УТВГ УТВП ГИП  МТРЦ ТКБЕ СГГС,2022-07-23,2022-07-23,7,7,без переноса
617,Самосвал карьерный HD1500-8 №1630,100000071921,Самосвал HD1500-8 №1630 МТЧ,Техническое обслуживание ТО №1,APP1,1100364229,Техническое обслуживание 1,ОТКР ПКАЛ ДМНП,ГОД  УТВГ УТВП ГИП  МТРЦ ТКБЕ СГГС,2022-07-26,2022-08-26,7,8,перенос в другой месяц
355,Самосвал карьерный HD1500-8 №1626,100000021466,Самосвал HD1500-8 №1626 МТЧ,Техническое обслуживание ТО №1,APP1,1100361442,Техническое обслуживание 1,ОТКР ПКАЛ ДМНП,ГОД  УТВГ УТВП ГИП  МТРЦ ТКБЕ СГГС,2022-07-27,2022-07-27,7,7,без переноса
387,Самосвал карьерный HD1500-8 №1626,100000021466,ТР Самосвал HD1500-8 №1626,Текущий ремонт,APP1,1100381314,ТР Самосвал HD1500-8 №1626,ОТКР ПКАЛ ДМНП KKMP,ГОД  УТВГ ГИП  СГГС,2022-07-27,2022-07-27,7,7,без переноса
81,Самосвал карьерный HD1500-8 №1622,100000006409,Самосвал HD1500-8 №1622,Текущий ремонт,APP1,1100360896,ТР рулевого управления,ОТКР ПКАЛ ДМНП KKMP,ГОД  УТВГ ГИП  СГГС,2022-08-03,2022-08-08,8,8,без переноса
419,Самосвал карьерный HD1500-8 №1627,100000022743,Самосвал HD1500-8 №1627 МТЧ,Техническое обслуживание ТО №4,APP1,1100360266,Техническое обслуживание 4,ОТКР ПКАЛ ДМНП,ГОД  УТВГ УТВП ГИП  МТРЦ ТКБЕ СГГС,2022-08-03,2022-08-15,8,8,без переноса
115,Самосвал карьерный HD1500-8 №1622,100000006409,Самосвал HD1500-8 №1622 МТЧ,Капитальный ремонт,APP1,1100360726,КР ходовой части,ОТКР ПКАЛ ДМНП,ГОД  УТВГ УТВП ГИП  МТРЦ ТКБЕ КРМТ СГГС,2022-08-03,2022-08-08,8,8,без переноса
92,Самосвал карьерный HD1500-8 №1622,100000006409,Самосвал HD1500-8 №1622 МТЧ,Техническое обслуживание ТО №4,APP1,1100360794,Техническое обслуживание 4,ОТКР ПКАЛ ДМНП,ГОД  УТВГ УТВП ГИП  МТРЦ ТКБЕ СГГС,2022-08-03,2022-08-08,8,8,без переноса
165,Самосвал карьерный HD1500-8 №1623,100000006410,Самосвал HD1500-8 №1623 МТЧ,Техническое обслуживание ТО №4,APP1,1100360806,Техническое обслуживание 4,ОТКР ПКАЛ ДМНП,ГОД  УТВГ УТВП ГИП  МТРЦ ТКБЕ СГГС,2022-08-05,2022-08-05,8,8,без переноса
481,Самосвал карьерный HD1500-8 №1628,100000022744,Самосвал HD1500-8 №1628 МТЧ,Техническое обслуживание ТО №4,APP1,1100360293,Техническое обслуживание 4,ОТКР ПКАЛ ДМНП,ГОД  УТВГ УТВП ГИП  МТРЦ ТКБЕ СГГС,2022-08-05,2022-08-05,8,8,без переноса
618,Самосвал карьерный HD1500-8 №1630,100000071921,Самосвал HD1500-8 №1630 МТЧ,Техническое обслуживание ТО №5,APP1,1100364251,Техническое обслуживание 5,ОТКР ПКАЛ ДМНП,ГОД  УТВГ УТВП ГИП  МТРЦ ТКБЕ СГГС,2022-08-06,2022-09-06,8,9,перенос в другой месяц
546,Самосвал карьерный HD1500-8 №1629,100000022783,Самосвал HD1500-8 №1629 МТЧ,Техническое обслуживание ТО №4,APP1,1100363111,Техническое обслуживание 4,ОТКР ПКАЛ ДМНП,ГОД  УТВГ УТВП ГИП  МТРЦ ТКБЕ СГГС,2022-08-06,2022-07-30,8,7,перенос в другой месяц
26,Самосвал карьерный HD1500-8 №1621,100000006408,Самосвал HD1500-8 №1621 МТЧ,Техническое обслуживание ТО №1,APP1,1100360307,Техническое обслуживание 1,ОТКР ПКАЛ ДМНП,ГОД  УТВГ УТВП ГИП  МТРЦ ТКБЕ СГГС,2022-08-09,2022-08-23,8,8,без переноса
337,Кузов,100000021370,Самосвал HD1500-8 №1624,Капитальный ремонт,APP1,1100360646,КР кузова,ОТКР ПКАЛ ДМНП,ГОД  УТВГ УТВП ГИП  МТРЦ ТКБЕ КРМТ СГГС,2022-08-11,2022-08-11,8,8,без переноса
246,Самосвал карьерный HD1500-8 №1624,100000021344,Самосвал HD1500-8 №1624 МТЧ,Техническое обслуживание ТО №3,APP1,1100360823,Техническое обслуживание 3,ОТКР ПКАЛ ДМНП,ГОД  УТВГ УТВП ГИП  МТРЦ ТКБЕ СГГС,2022-08-11,2022-08-11,8,8,без переноса
234,Самосвал карьерный HD1500-8 №1624,100000021344,Самосвал HD1500-8 №1624,Замена,APP1,1100360729,Замена колес,ОТКР ПКАЛ ДМНП KKMP,ГОД  УТВГ ГИП  СГГС,2022-08-11,2022-08-11,8,8,без переноса
285,Самосвал карьерный HD1500-8 №1624,100000021344,ТР Самосвал HD1500-8 №1624,Текущий ремонт,APP1,1100381303,ТР Самосвал HD1500-8 №1624,ОТКР ПКАЛ ДМНП KKMP,ГОД  УТВГ ГИП  СГГС,2022-08-11,2022-08-11,8,8,без переноса
662,Самосвал карьерный HD1500-8 №1630,100000071921,ТР Самосвал HD1500-8 №1630,Текущий ремонт,APP1,1100381349,ТР Самосвал HD1500-8 №1630,ОТКР ПКАЛ ДМНП KKMP,ГОД  УТВГ ГИП  СГГС,2022-08-17,2022-08-25,8,8,без переноса
619,Самосвал карьерный HD1500-8 №1630,100000071921,Самосвал HD1500-8 №1630 МТЧ,Техническое обслуживание ТО №1,APP1,1100364230,Техническое обслуживание 1,ОТКР ПКАЛ ДМНП,ГОД  УТВГ УТВП ГИП  МТРЦ ТКБЕ СГГС,2022-08-17,2022-09-17,8,9,перенос в другой месяц
356,Самосвал карьерный HD1500-8 №1626,100000021466,Самосвал HD1500-8 №1626 МТЧ,Техническое обслуживание ТО №3,APP1,1100361451,Техническое обслуживание 3,ОТКР ПКАЛ ДМНП,ГОД  УТВГ УТВП ГИП  МТРЦ ТКБЕ СГГС,2022-08-17,2022-08-17,8,8,без переноса
388,Самосвал карьерный HD1500-8 №1626,100000021466,ТР Самосвал HD1500-8 №1626,Текущий ремонт,APP1,1100381315,ТР Самосвал HD1500-8 №1626,ОТКР ПКАЛ ДМНП KKMP,ГОД  УТВГ ГИП  СГГС,2022-08-17,2022-08-17,8,8,без переноса
339,Кузов,100000021376,Самосвал HD1500-8 №1625,Капитальный ремонт,APP1,1100361133,КР кузова,ОТКР ПКАЛ ДМНП,ГОД  УТВП ГИП  МТРЦ ТКБЕ КРМТ СГГС,2022-08-17,2022-08-17,8,8,без переноса
452,Самосвал карьерный HD1500-8 №1627,100000022743,ТР Самосвал HD1500-8 №1627,Текущий ремонт,APP1,1100381278,ТР Самосвал HD1500-8 №1627,ОТКР ПКАЛ ДМНП KKMP,ГОД  УТВГ ГИП  СГГС,2022-08-24,2022-09-05,8,9,перенос в другой месяц
420,Самосвал карьерный HD1500-8 №1627,100000022743,Самосвал HD1500-8 №1627 МТЧ,Техническое обслуживание ТО №1,APP1,1100360243,Техническое обслуживание 1,ОТКР ПКАЛ ДМНП,ГОД  УТВГ УТВП ГИП  МТРЦ ТКБЕ СГГС,2022-08-24,2022-09-05,8,9,перенос в другой месяц
93,Самосвал карьерный HD1500-8 №1622,100000006409,Самосвал HD1500-8 №1622 МТЧ,Техническое обслуживание ТО №1,APP1,1100360784,Техническое обслуживание 1,ОТКР ПКАЛ ДМНП,ГОД  УТВГ УТВП ГИП  МТРЦ ТКБЕ СГГС,2022-08-26,2022-08-31,8,8,без переноса
482,Самосвал карьерный HD1500-8 №1628,100000022744,Самосвал HD1500-8 №1628 МТЧ,Техническое обслуживание ТО №1,APP1,1100360170,Техническое обслуживание 1,ОТКР ПКАЛ ДМНП,ГОД  УТВГ УТВП ГИП  МТРЦ ТКБЕ СГГС,2022-08-26,2022-08-26,8,8,без переноса
514,Самосвал карьерный HD1500-8 №1628,100000022744,ТР Самосвал HD1500-8 №1628,Текущий ремонт,APP1,1100381361,ТР Самосвал HD1500-8 №1628,ОТКР ПКАЛ ДМНП KKMP,ГОД  УТВГ ГИП  СГГС,2022-08-26,2022-08-26,8,8,без переноса
124,Самосвал карьерный HD1500-8 №1622,100000006409,ТР Самосвал HD1500-8 №1622,Текущий ремонт,APP1,1100381250,ТР Самосвал HD1500-8 №1622,ОТКР ПКАЛ ДМНП KKMP,ГОД  УТВГ ГИП  СГГС,2022-08-26,2022-08-31,8,8,без переноса
166,Самосвал карьерный HD1500-8 №1623,100000006410,Самосвал HD1500-8 №1623 МТЧ,Техническое обслуживание ТО №1,APP1,1100360756,Техническое обслуживание 1,ОТКР ПКАЛ ДМНП,ГОД  УТВГ УТВП ГИП  МТРЦ ТКБЕ СГГС,2022-08-28,2022-08-28,8,8,без переноса
197,Самосвал карьерный HD1500-8 №1623,100000006410,ТР Самосвал HD1500-8 №1623,Текущий ремонт,APP1,1100381284,ТР Самосвал HD1500-8 №1623,ОТКР ПКАЛ ДМНП KKMP,ГОД  УТВГ ГИП  СГГС,2022-08-28,2022-08-28,8,8,без переноса
620,Самосвал карьерный HD1500-8 №1630,100000071921,Самосвал HD1500-8 №1630 МТЧ,Техническое обслуживание ТО №2,APP1,1100364241,Техническое обслуживание 2,ОТКР ПКАЛ ДМНП,ГОД  УТВГ УТВП ГИП  МТРЦ ТКБЕ СГГС,2022-08-29,2022-09-29,8,9,перенос в другой месяц
56,Самосвал карьерный HD1500-8 №1621,100000006408,ТР Самосвал HD1500-8 №1621,Текущий ремонт,APP1,1100381265,ТР Самосвал HD1500-8 №1621,ОТКР ПКАЛ ДМНП KKMP,ГОД  УТВГ ГИП  СГГС,2022-08-29,2022-09-12,8,9,перенос в другой месяц
27,Самосвал карьерный HD1500-8 №1621,100000006408,Самосвал HD1500-8 №1621 МТЧ,Техническое обслуживание ТО №2,APP1,1100360316,Техническое обслуживание 2,ОТКР ПКАЛ ДМНП,ГОД  УТВГ УТВП ГИП  МТРЦ ТКБЕ СГГС,2022-08-29,2022-09-12,8,9,перенос в другой месяц
582,Самосвал карьерный HD1500-8 №1629,100000022783,ТР Самосвал HD1500-8 №1629,Текущий ремонт,APP1,1100381296,ТР Самосвал HD1500-8 №1629,ОТКР ПКАЛ ДМНП KKMP,ГОД  УТВГ ГИП  СГГС,2022-08-29,2022-08-22,8,8,без переноса
547,Самосвал карьерный HD1500-8 №1629,100000022783,Самосвал HD1500-8 №1629 МТЧ,Техническое обслуживание ТО №1,APP1,1100363101,Техническое обслуживание 1,ОТКР ПКАЛ ДМНП,ГОД  УТВГ УТВП ГИП  МТРЦ ТКБЕ СГГС,2022-08-29,2022-08-22,8,8,без переноса
286,Самосвал карьерный HD1500-8 №1624,100000021344,ТР Самосвал HD1500-8 №1624,Текущий ремонт,APP1,1100381304,ТР Самосвал HD1500-8 №1624,ОТКР ПКАЛ ДМНП KKMP,ГОД  УТВГ ГИП  СГГС,2022-09-07,2022-09-07,9,9,без переноса
247,Самосвал карьерный HD1500-8 №1624,100000021344,Самосвал HD1500-8 №1624 МТЧ,Техническое обслуживание ТО №1,APP1,1100360735,Техническое обслуживание 1,ОТКР ПКАЛ ДМНП,ГОД  УТВГ УТВП ГИП  МТРЦ ТКБЕ СГГС,2022-09-07,2022-09-07,9,9,без переноса
342,Самосвал карьерный HD1500-8 №1626,100000021466,Самосвал HD1500-8 №1626,Текущий ремонт,APP1,1100361276,ТР рулевого управления,ОТКР ПКАЛ ДМНП KKMP,ГОД  УТВГ ГИП  СГГС,2022-09-09,2022-09-09,9,9,без переноса
344,Самосвал карьерный HD1500-8 №1626,100000021466,Самосвал HD1500-8 №1626,Замена,APP1,1100361277,Замена колес,ОТКР ПКАЛ ДМНП KKMP,ГОД  УТВГ ГИП  СГГС,2022-09-09,2022-09-09,9,9,без переноса
357,Самосвал карьерный HD1500-8 №1626,100000021466,Самосвал HD1500-8 №1626 МТЧ,Техническое обслуживание ТО №1,APP1,1100361443,Техническое обслуживание 1,ОТКР ПКАЛ ДМНП,ГОД  УТВГ УТВП ГИП  МТРЦ ТКБЕ СГГС,2022-09-09,2022-09-09,9,9,без переноса
621,Самосвал карьерный HD1500-8 №1630,100000071921,Самосвал HD1500-8 №1630 МТЧ,Техническое обслуживание ТО №1,APP1,1100364231,Техническое обслуживание 1,ОТКР ПКАЛ ДМНП,ГОД  УТВГ УТВП ГИП  МТРЦ ТКБЕ СГГС,2022-09-09,2022-10-10,9,10,перенос в другой месяц
378,Самосвал карьерный HD1500-8 №1626,100000021466,Самосвал HD1500-8 №1626 МТЧ,Текущий ремонт 1,APP1,1100362964,ТР1 ходовой части,ОТКР ПКАЛ ДМНП KKMP,ГОД  УТВГ ГИП  СГГС,2022-09-09,2022-09-09,9,9,без переноса
389,Самосвал карьерный HD1500-8 №1626,100000021466,ТР Самосвал HD1500-8 №1626,Текущий ремонт,APP1,1100381316,ТР Самосвал HD1500-8 №1626,ОТКР ПКАЛ ДМНП KKMP,ГОД  УТВГ ГИП  СГГС,2022-09-09,2022-09-09,9,9,без переноса
663,Самосвал карьерный HD1500-8 №1630,100000071921,ТР Самосвал HD1500-8 №1630,Текущий ремонт,APP1,1100381350,ТР Самосвал HD1500-8 №1630,ОТКР ПКАЛ ДМНП KKMP,ГОД  УТВГ ГИП  СГГС,2022-09-09,2022-09-17,9,9,без переноса
453,Самосвал карьерный HD1500-8 №1627,100000022743,ТР Самосвал HD1500-8 №1627,Текущий ремонт,APP1,1100381279,ТР Самосвал HD1500-8 №1627,ОТКР ПКАЛ ДМНП KKMP,ГОД  УТВГ ГИП  СГГС,2022-09-14,2022-09-26,9,9,без переноса
421,Самосвал карьерный HD1500-8 №1627,100000022743,Самосвал HD1500-8 №1627 МТЧ,Техническое обслуживание ТО №2,APP1,1100360257,Техническое обслуживание 2,ОТКР ПКАЛ ДМНП,ГОД  УТВГ УТВП ГИП  МТРЦ ТКБЕ СГГС,2022-09-14,2022-09-26,9,9,без переноса
515,Самосвал карьерный HD1500-8 №1628,100000022744,ТР Самосвал HD1500-8 №1628,Текущий ремонт,APP1,1100381362,ТР Самосвал HD1500-8 №1628,ОТКР ПКАЛ ДМНП KKMP,ГОД  УТВГ ГИП  СГГС,2022-09-16,2022-09-16,9,9,без переноса
483,Самосвал карьерный HD1500-8 №1628,100000022744,Самосвал HD1500-8 №1628 МТЧ,Техническое обслуживание ТО №2,APP1,1100360284,Техническое обслуживание 2,ОТКР ПКАЛ ДМНП,ГОД  УТВГ УТВП ГИП  МТРЦ ТКБЕ СГГС,2022-09-16,2022-09-16,9,9,без переноса
228,Кузов,100000010310,Кузов ЧАС,Капитальный ремонт,APP1,1100360796,КР кузова,ОТКР ПКАЛ ДМНП,ГОД  УТВГ УТВП ГИП  МТРЦ ТКБЕ КРМТ СГГС,2022-09-17,2022-09-17,9,9,без переноса
222,ДВС SDA16V159-3,100000009831,Двигатель вн.сгорания SDA16V159-3 МТЧ,Капитальный ремонт 1,APP1,1100360747,КР1 двигателя,ОТКР ПКАЛ ДМНП,ГОД  УТВГ УТВП ГИП  МТРЦ ТКБЕ КРМТ СГГС,2022-09-17,2022-09-17,9,9,без переноса
198,Самосвал карьерный HD1500-8 №1623,100000006410,ТР Самосвал HD1500-8 №1623,Текущий ремонт,APP1,1100381285,ТР Самосвал HD1500-8 №1623,ОТКР ПКАЛ ДМНП KKMP,ГОД  УТВГ ГИП  СГГС,2022-09-17,2022-09-17,9,9,без переноса
151,Самосвал карьерный HD1500-8 №1623,100000006410,Самосвал HD1500-8 №1623,Замена,APP1,1100360750,Замена колес,ОТКР ПКАЛ ДМНП KKMP,ГОД  УТВГ ГИП  СГГС,2022-09-17,2022-09-17,9,9,без переноса
154,Самосвал карьерный HD1500-8 №1623,100000006410,Самосвал HD1500-8 №1623,Текущий ремонт,APP1,1100360709,ТР рулевого управления,ОТКР ПКАЛ ДМНП KKMP,ГОД  УТВГ ГИП  СГГС,2022-09-17,2022-09-17,9,9,без переноса
188,Самосвал карьерный HD1500-8 №1623,100000006410,Самосвал HD1500-8 №1623 МТЧ,Капитальный ремонт,APP1,1100360808,КР ходовой части,ОТКР ПКАЛ ДМНП,ГОД  УТВГ УТВП ГИП  МТРЦ ТКБЕ КРМТ СГГС,2022-09-17,2022-09-17,9,9,без переноса
167,Самосвал карьерный HD1500-8 №1623,100000006410,Самосвал HD1500-8 №1623 МТЧ,Техническое обслуживание ТО №2,APP1,1100360801,Техническое обслуживание 2,ОТКР ПКАЛ ДМНП,ГОД  УТВГ УТВП ГИП  МТРЦ ТКБЕ СГГС,2022-09-17,2022-09-17,9,9,без переноса
148,Самосвал карьерный HD1500-8 №1623,100000006410,Самосвал HD1500-8 №1623,Замена,APP1,1100360748,Замена кузова,ОТКР ПКАЛ ДМНП KKMP,ГОД  УТВГ ГИП  СГГС,2022-09-17,2022-09-17,9,9,без переноса
144,Самосвал карьерный HD1500-8 №1623,100000006410,Самосвал HD1500-8 №1623 МТЧ,Замена,APP1,1100360746,Замена1 двигателя,ОТКР ПКАЛ ДМНП KKMP,ГОД  УТВГ ГИП  СГГС,2022-09-17,2022-09-17,9,9,без переноса
57,Самосвал карьерный HD1500-8 №1621,100000006408,ТР Самосвал HD1500-8 №1621,Текущий ремонт,APP1,1100381266,ТР Самосвал HD1500-8 №1621,ОТКР ПКАЛ ДМНП KKMP,ГОД  УТВГ ГИП  СГГС,2022-09-18,2022-10-02,9,10,перенос в другой месяц
28,Самосвал карьерный HD1500-8 №1621,100000006408,Самосвал HD1500-8 №1621 МТЧ,Техническое обслуживание ТО №1,APP1,1100360309,Техническое обслуживание 1,ОТКР ПКАЛ ДМНП,ГОД  УТВГ УТВП ГИП  МТРЦ ТКБЕ СГГС,2022-09-18,2022-10-02,9,10,перенос в другой месяц
125,Самосвал карьерный HD1500-8 №1622,100000006409,ТР Самосвал HD1500-8 №1622,Текущий ремонт,APP1,1100381251,ТР Самосвал HD1500-8 №1622,ОТКР ПКАЛ ДМНП KKMP,ГОД  УТВГ ГИП  СГГС,2022-09-19,2022-09-24,9,9,без переноса
583,Самосвал карьерный HD1500-8 №1629,100000022783,ТР Самосвал HD1500-8 №1629,Текущий ремонт,APP1,1100381297,ТР Самосвал HD1500-8 №1629,ОТКР ПКАЛ ДМНП KKMP,ГОД  УТВГ ГИП  СГГС,2022-09-19,2022-09-12,9,9,без переноса
548,Самосвал карьерный HD1500-8 №1629,100000022783,Самосвал HD1500-8 №1629 МТЧ,Техническое обслуживание ТО №2,APP1,1100363106,Техническое обслуживание 2,ОТКР ПКАЛ ДМНП,ГОД  УТВГ УТВП ГИП  МТРЦ ТКБЕ СГГС,2022-09-19,2022-09-12,9,9,без переноса
94,Самосвал карьерный HD1500-8 №1622,100000006409,Самосвал HD1500-8 №1622 МТЧ,Техническое обслуживание ТО №2,APP1,1100360789,Техническое обслуживание 2,ОТКР ПКАЛ ДМНП,ГОД  УТВГ УТВП ГИП  МТРЦ ТКБЕ СГГС,2022-09-19,2022-09-24,9,9,без переноса
622,Самосвал карьерный HD1500-8 №1630,100000071921,Самосвал HD1500-8 №1630 МТЧ,Техническое обслуживание ТО №3,APP1,1100364246,Техническое обслуживание 3,ОТКР ПКАЛ ДМНП,ГОД  УТВГ УТВП ГИП  МТРЦ ТКБЕ СГГС,2022-09-21,2022-10-22,9,10,перенос в другой месяц
29,Самосвал карьерный HD1500-8 №1621,100000006408,Самосвал HD1500-8 №1621 МТЧ,Техническое обслуживание ТО №2,APP1,1100360315,Техническое обслуживание 2,ОТКР ПКАЛ ДМНП,ГОД  УТВГ УТВП ГИП  МТРЦ ТКБЕ СГГС,2022-09-29,2022-10-13,9,10,перенос в другой месяц
358,Самосвал карьерный HD1500-8 №1626,100000021466,Самосвал HD1500-8 №1626 МТЧ,Техническое обслуживание ТО №2,APP1,1100361449,Техническое обслуживание 2,ОТКР ПКАЛ ДМНП,ГОД  УТВГ УТВП ГИП  МТРЦ ТКБЕ СГГС,2022-10-01,2022-10-01,10,10,без переноса
623,Самосвал карьерный HD1500-8 №1630,100000071921,Самосвал HD1500-8 №1630 МТЧ,Техническое обслуживание ТО №1,APP1,1100364232,Техническое обслуживание 1,ОТКР ПКАЛ ДМНП,ГОД  УТВГ УТВП ГИП  МТРЦ ТКБЕ СГГС,2022-10-02,2022-11-02,10,11,перенос в другой месяц
248,Самосвал карьерный HD1500-8 №1624,100000021344,Самосвал HD1500-8 №1624 МТЧ,Техническое обслуживание ТО №2,APP1,1100360821,Техническое обслуживание 2,ОТКР ПКАЛ ДМНП,ГОД  УТВГ УТВП ГИП  МТРЦ ТКБЕ СГГС,2022-10-02,2022-10-02,10,10,без переноса
270,Самосвал карьерный HD1500-8 №1624,100000021344,Самосвал HD1500-8 №1624 МТЧ,Текущий ремонт 1,APP1,1100360827,ТР1 ходовой части,ОТКР ПКАЛ ДМНП KKMP,ГОД  УТВГ ГИП  СГГС,2022-10-02,2022-10-02,10,10,без переноса
268,Самосвал карьерный HD1500-8 №1624,100000021344,Самосвал HD1500-8 №1624 МТЧ,Текущий ремонт,APP1,1100360826,ТР трансмиссии,ОТКР ПКАЛ ДМНП KKMP,ГОД  УТВГ ГИП  СГГС,2022-10-02,2022-10-02,10,10,без переноса
274,Самосвал карьерный HD1500-8 №1624,100000021344,Самосвал HD1500-8 №1624 МТЧ,Текущий ремонт,APP1,1100361003,ТР гидросистемы,ОТКР ПКАЛ ДМНП KKMP,ГОД  УТВГ ГИП  СГГС,2022-10-02,2022-10-02,10,10,без переноса
272,Самосвал карьерный HD1500-8 №1624,100000021344,Самосвал HD1500-8 №1624 МТЧ,Текущий ремонт,APP1,1100360828,ТР рулевого управления,ОТКР ПКАЛ ДМНП KKMP,ГОД  УТВГ ГИП  СГГС,2022-10-02,2022-10-02,10,10,без переноса
276,Самосвал карьерный HD1500-8 №1624,100000021344,ТР двс Komatsu HD 1500-8 1624,Текущий ремонт 1,APP1,1100360829,ТР1 двс Komatsu HD 1500-8 1624,ОТКР ПКАЛ ДМНП KKMP,ГОД  УТВГ ГИП  СГГС,2022-10-02,2022-10-02,10,10,без переноса
422,Самосвал карьерный HD1500-8 №1627,100000022743,Самосвал HD1500-8 №1627 МТЧ,Техническое обслуживание ТО №1,APP1,1100360244,Техническое обслуживание 1,ОТКР ПКАЛ ДМНП,ГОД  УТВГ УТВП ГИП  МТРЦ ТКБЕ СГГС,2022-10-05,2022-10-17,10,10,без переноса
30,Самосвал карьерный HD1500-8 №1621,100000006408,Самосвал HD1500-8 №1621 МТЧ,Техническое обслуживание ТО №1,APP1,1100360310,Техническое обслуживание 1,ОТКР ПКАЛ ДМНП,ГОД  УТВГ УТВП ГИП  МТРЦ ТКБЕ СГГС,2022-10-06,2022-10-20,10,10,без переноса
484,Самосвал карьерный HD1500-8 №1628,100000022744,Самосвал HD1500-8 №1628 МТЧ,Техническое обслуживание ТО №1,APP1,1100360171,Техническое обслуживание 1,ОТКР ПКАЛ ДМНП,ГОД  УТВГ УТВП ГИП  МТРЦ ТКБЕ СГГС,2022-10-07,2022-10-07,10,10,без переноса
516,Самосвал карьерный HD1500-8 №1628,100000022744,ТР Самосвал HD1500-8 №1628,Текущий ремонт,APP1,1100381363,ТР Самосвал HD1500-8 №1628,ОТКР ПКАЛ ДМНП KKMP,ГОД  УТВГ ГИП  СГГС,2022-10-07,2022-10-07,10,10,без переноса
58,Самосвал карьерный HD1500-8 №1621,100000006408,ТР Самосвал HD1500-8 №1621,Текущий ремонт,APP1,1100381267,ТР Самосвал HD1500-8 №1621,ОТКР ПКАЛ ДМНП KKMP,ГОД  УТВГ ГИП  СГГС,2022-10-08,2022-10-22,10,10,без переноса
95,Самосвал карьерный HD1500-8 №1622,100000006409,Самосвал HD1500-8 №1622 МТЧ,Техническое обслуживание ТО №1,APP1,1100360785,Техническое обслуживание 1,ОТКР ПКАЛ ДМНП,ГОД  УТВГ УТВП ГИП  МТРЦ ТКБЕ СГГС,2022-10-10,2022-10-15,10,10,без переноса
126,Самосвал карьерный HD1500-8 №1622,100000006409,ТР Самосвал HD1500-8 №1622,Текущий ремонт,APP1,1100381252,ТР Самосвал HD1500-8 №1622,ОТКР ПКАЛ ДМНП KKMP,ГОД  УТВГ ГИП  СГГС,2022-10-10,2022-10-15,10,10,без переноса
549,Самосвал карьерный HD1500-8 №1629,100000022783,Самосвал HD1500-8 №1629 МТЧ,Техническое обслуживание ТО №1,APP1,1100363102,Техническое обслуживание 1,ОТКР ПКАЛ ДМНП,ГОД  УТВГ УТВП ГИП  МТРЦ ТКБЕ СГГС,2022-10-11,2022-10-04,10,10,без переноса
168,Самосвал карьерный HD1500-8 №1623,100000006410,Самосвал HD1500-8 №1623 МТЧ,Техническое обслуживание ТО №1,APP1,1100360757,Техническое обслуживание 1,ОТКР ПКАЛ ДМНП,ГОД  УТВГ УТВП ГИП  МТРЦ ТКБЕ СГГС,2022-10-11,2022-10-11,10,10,без переноса
584,Самосвал карьерный HD1500-8 №1629,100000022783,ТР Самосвал HD1500-8 №1629,Текущий ремонт,APP1,1100381298,ТР Самосвал HD1500-8 №1629,ОТКР ПКАЛ ДМНП KKMP,ГОД  УТВГ ГИП  СГГС,2022-10-11,2022-10-04,10,10,без переноса
199,Самосвал карьерный HD1500-8 №1623,100000006410,ТР Самосвал HD1500-8 №1623,Текущий ремонт,APP1,1100381286,ТР Самосвал HD1500-8 №1623,ОТКР ПКАЛ ДМНП KKMP,ГОД  УТВГ ГИП  СГГС,2022-10-11,2022-10-11,10,10,без переноса
624,Самосвал карьерный HD1500-8 №1630,100000071921,Самосвал HD1500-8 №1630 МТЧ,Техническое обслуживание ТО №2,APP1,1100364242,Техническое обслуживание 2,ОТКР ПКАЛ ДМНП,ГОД  УТВГ УТВП ГИП  МТРЦ ТКБЕ СГГС,2022-10-13,2022-11-13,10,11,перенос в другой месяц
359,Самосвал карьерный HD1500-8 №1626,100000021466,Самосвал HD1500-8 №1626 МТЧ,Техническое обслуживание ТО №1,APP1,1100361444,Техническое обслуживание 1,ОТКР ПКАЛ ДМНП,ГОД  УТВГ УТВП ГИП  МТРЦ ТКБЕ СГГС,2022-10-24,2022-10-24,10,10,без переноса
390,Самосвал карьерный HD1500-8 №1626,100000021466,ТР Самосвал HD1500-8 №1626,Текущий ремонт,APP1,1100381317,ТР Самосвал HD1500-8 №1626,ОТКР ПКАЛ ДМНП KKMP,ГОД  УТВГ ГИП  СГГС,2022-10-24,2022-10-24,10,10,без переноса
664,Самосвал карьерный HD1500-8 №1630,100000071921,ТР Самосвал HD1500-8 №1630,Текущий ремонт,APP1,1100381351,ТР Самосвал HD1500-8 №1630,ОТКР ПКАЛ ДМНП KKMP,ГОД  УТВГ ГИП  СГГС,2022-10-25,2022-10-25,10,10,без переноса
249,Самосвал карьерный HD1500-8 №1624,100000021344,Самосвал HD1500-8 №1624 МТЧ,Техническое обслуживание ТО №1,APP1,1100360736,Техническое обслуживание 1,ОТКР ПКАЛ ДМНП,ГОД  УТВГ УТВП ГИП  МТРЦ ТКБЕ СГГС,2022-10-25,2022-10-25,10,10,без переноса
625,Самосвал карьерный HD1500-8 №1630,100000071921,Самосвал HD1500-8 №1630 МТЧ,Техническое обслуживание ТО №1,APP1,1100364233,Техническое обслуживание 1,ОТКР ПКАЛ ДМНП,ГОД  УТВГ УТВП ГИП  МТРЦ ТКБЕ СГГС,2022-10-25,2022-10-25,10,10,без переноса
287,Самосвал карьерный HD1500-8 №1624,100000021344,ТР Самосвал HD1500-8 №1624,Текущий ремонт,APP1,1100381305,ТР Самосвал HD1500-8 №1624,ОТКР ПКАЛ ДМНП KKMP,ГОД  УТВГ ГИП  СГГС,2022-10-25,2022-10-25,10,10,без переноса
454,Самосвал карьерный HD1500-8 №1627,100000022743,ТР Самосвал HD1500-8 №1627,Текущий ремонт,APP1,1100381275,ТР Самосвал HD1500-8 №1627,ОТКР ПКАЛ ДМНП KKMP,ГОД  УТВГ ГИП  СГГС,2022-10-26,2022-10-26,10,10,без переноса
423,Самосвал карьерный HD1500-8 №1627,100000022743,Самосвал HD1500-8 №1627 МТЧ,Техническое обслуживание ТО №3,APP1,1100360263,Техническое обслуживание 3,ОТКР ПКАЛ ДМНП,ГОД  УТВГ УТВП ГИП  МТРЦ ТКБЕ СГГС,2022-10-26,2022-10-26,10,10,без переноса
485,Самосвал карьерный HD1500-8 №1628,100000022744,Самосвал HD1500-8 №1628 МТЧ,Техническое обслуживание ТО №3,APP1,1100360290,Техническое обслуживание 3,ОТКР ПКАЛ ДМНП,ГОД  УТВГ УТВП ГИП  МТРЦ ТКБЕ СГГС,2022-10-28,2022-10-28,10,10,без переноса
96,Самосвал карьерный HD1500-8 №1622,100000006409,Самосвал HD1500-8 №1622 МТЧ,Техническое обслуживание ТО №3,APP1,1100360792,Техническое обслуживание 3,ОТКР ПКАЛ ДМНП,ГОД  УТВГ УТВП ГИП  МТРЦ ТКБЕ СГГС,2022-11-02,2022-11-02,11,11,без переноса
169,Самосвал карьерный HD1500-8 №1623,100000006410,Самосвал HD1500-8 №1623 МТЧ,Техническое обслуживание ТО №3,APP1,1100360804,Техническое обслуживание 3,ОТКР ПКАЛ ДМНП,ГОД  УТВГ УТВП ГИП  МТРЦ ТКБЕ СГГС,2022-11-03,2022-11-03,11,11,без переноса
626,Самосвал карьерный HD1500-8 №1630,100000071921,Самосвал HD1500-8 №1630 МТЧ,Техническое обслуживание ТО №4,APP1,1100364249,Техническое обслуживание 4,ОТКР ПКАЛ ДМНП,ГОД  УТВГ УТВП ГИП  МТРЦ ТКБЕ СГГС,2022-11-05,2022-11-05,11,11,без переноса
550,Самосвал карьерный HD1500-8 №1629,100000022783,Самосвал HD1500-8 №1629 МТЧ,Техническое обслуживание ТО №3,APP1,1100363109,Техническое обслуживание 3,ОТКР ПКАЛ ДМНП,ГОД  УТВГ УТВП ГИП  МТРЦ ТКБЕ СГГС,2022-11-06,2022-11-06,11,11,без переноса
250,Самосвал карьерный HD1500-8 №1624,100000021344,Самосвал HD1500-8 №1624 МТЧ,Техническое обслуживание ТО №4,APP1,1100360824,Техническое обслуживание 4,ОТКР ПКАЛ ДМНП,ГОД  УТВГ УТВП ГИП  МТРЦ ТКБЕ СГГС,2022-11-10,2022-11-10,11,11,без переноса
288,Самосвал карьерный HD1500-8 №1624,100000021344,ТР Самосвал HD1500-8 №1624,Текущий ремонт,APP1,1100381306,ТР Самосвал HD1500-8 №1624,ОТКР ПКАЛ ДМНП KKMP,ГОД  УТВГ ГИП  СГГС,2022-11-11,2022-11-11,11,11,без переноса
360,Самосвал карьерный HD1500-8 №1626,100000021466,Самосвал HD1500-8 №1626 МТЧ,Техническое обслуживание ТО №4,APP1,1100361452,Техническое обслуживание 4,ОТКР ПКАЛ ДМНП,ГОД  УТВГ УТВП ГИП  МТРЦ ТКБЕ СГГС,2022-11-12,2022-11-12,11,11,без переноса
391,Самосвал карьерный HD1500-8 №1626,100000021466,ТР Самосвал HD1500-8 №1626,Текущий ремонт,APP1,1100381318,ТР Самосвал HD1500-8 №1626,ОТКР ПКАЛ ДМНП KKMP,ГОД  УТВГ ГИП  СГГС,2022-11-13,2022-11-13,11,11,без переноса
424,Самосвал карьерный HD1500-8 №1627,100000022743,Самосвал HD1500-8 №1627 МТЧ,Техническое обслуживание ТО №1,APP1,1100360245,Техническое обслуживание 1,ОТКР ПКАЛ ДМНП,ГОД  УТВГ УТВП ГИП  МТРЦ ТКБЕ СГГС,2022-11-16,2022-11-16,11,11,без переноса
455,Самосвал карьерный HD1500-8 №1627,100000022743,ТР Самосвал HD1500-8 №1627,Текущий ремонт,APP1,1100381340,ТР Самосвал HD1500-8 №1627,ОТКР ПКАЛ ДМНП KKMP,ГОД  УТВГ ГИП  СГГС,2022-11-16,2022-11-16,11,11,без переноса
627,Самосвал карьерный HD1500-8 №1630,100000071921,Самосвал HD1500-8 №1630 МТЧ,Техническое обслуживание ТО №1,APP1,1100364234,Техническое обслуживание 1,ОТКР ПКАЛ ДМНП,ГОД  УТВГ УТВП ГИП  МТРЦ ТКБЕ СГГС,2022-11-17,2022-11-17,11,11,без переноса
665,Самосвал карьерный HD1500-8 №1630,100000071921,ТР Самосвал HD1500-8 №1630,Текущий ремонт,APP1,1100381352,ТР Самосвал HD1500-8 №1630,ОТКР ПКАЛ ДМНП KKMP,ГОД  УТВГ ГИП  СГГС,2022-11-17,2022-11-17,11,11,без переноса
517,Самосвал карьерный HD1500-8 №1628,100000022744,ТР Самосвал HD1500-8 №1628,Текущий ремонт,APP1,1100381364,ТР Самосвал HD1500-8 №1628,ОТКР ПКАЛ ДМНП KKMP,ГОД  УТВГ ГИП  СГГС,2022-11-18,2022-11-18,11,11,без переноса
486,Самосвал карьерный HD1500-8 №1628,100000022744,Самосвал HD1500-8 №1628 МТЧ,Техническое обслуживание ТО №1,APP1,1100360172,Техническое обслуживание 1,ОТКР ПКАЛ ДМНП,ГОД  УТВГ УТВП ГИП  МТРЦ ТКБЕ СГГС,2022-11-18,2022-11-18,11,11,без переноса
59,Самосвал карьерный HD1500-8 №1621,100000006408,ТР Самосвал HD1500-8 №1621,Текущий ремонт,APP1,1100381268,ТР Самосвал HD1500-8 №1621,ОТКР ПКАЛ ДМНП KKMP,ГОД  УТВГ ГИП  СГГС,2022-11-24,2022-11-24,11,11,без переноса
127,Самосвал карьерный HD1500-8 №1622,100000006409,ТР Самосвал HD1500-8 №1622,Текущий ремонт,APP1,1100381253,ТР Самосвал HD1500-8 №1622,ОТКР ПКАЛ ДМНП KKMP,ГОД  УТВГ ГИП  СГГС,2022-11-25,2022-11-25,11,11,без переноса
97,Самосвал карьерный HD1500-8 №1622,100000006409,Самосвал HD1500-8 №1622 МТЧ,Техническое обслуживание ТО №1,APP1,1100360786,Техническое обслуживание 1,ОТКР ПКАЛ ДМНП,ГОД  УТВГ УТВП ГИП  МТРЦ ТКБЕ СГГС,2022-11-25,2022-11-25,11,11,без переноса
170,Самосвал карьерный HD1500-8 №1623,100000006410,Самосвал HD1500-8 №1623 МТЧ,Техническое обслуживание ТО №1,APP1,1100360758,Техническое обслуживание 1,ОТКР ПКАЛ ДМНП,ГОД  УТВГ УТВП ГИП  МТРЦ ТКБЕ СГГС,2022-11-26,2022-11-26,11,11,без переноса
200,Самосвал карьерный HD1500-8 №1623,100000006410,ТР Самосвал HD1500-8 №1623,Текущий ремонт,APP1,1100381287,ТР Самосвал HD1500-8 №1623,ОТКР ПКАЛ ДМНП KKMP,ГОД  УТВГ ГИП  СГГС,2022-11-26,2022-11-26,11,11,без переноса
628,Самосвал карьерный HD1500-8 №1630,100000071921,Самосвал HD1500-8 №1630 МТЧ,Техническое обслуживание ТО №2,APP1,1100364243,Техническое обслуживание 2,ОТКР ПКАЛ ДМНП,ГОД  УТВГ УТВП ГИП  МТРЦ ТКБЕ СГГС,2022-11-28,2022-11-28,11,11,без переноса
551,Самосвал карьерный HD1500-8 №1629,100000022783,Самосвал HD1500-8 №1629 МТЧ,Техническое обслуживание ТО №1,APP1,1100363103,Техническое обслуживание 1,ОТКР ПКАЛ ДМНП,ГОД  УТВГ УТВП ГИП  МТРЦ ТКБЕ СГГС,2022-11-29,2022-11-29,11,11,без переноса
585,Самосвал карьерный HD1500-8 №1629,100000022783,ТР Самосвал HD1500-8 №1629,Текущий ремонт,APP1,1100381299,ТР Самосвал HD1500-8 №1629,ОТКР ПКАЛ ДМНП KKMP,ГОД  УТВГ ГИП  СГГС,2022-11-29,2022-11-29,11,11,без переноса
571,Самосвал карьерный HD1500-8 №1629,100000022783,Самосвал HD1500-8 №1629 МТЧ,Текущий ремонт 1,APP1,1100362844,ТР1 ходовой части,ОТКР ПКАЛ ДМНП KKMP,ГОД  УТВГ ГИП  СГГС,2022-12-01,2022-12-01,12,12,без переноса
531,Самосвал карьерный HD1500-8 №1629,100000022783,Самосвал HD1500-8 №1629,Текущий ремонт,APP1,1100363029,ТР гидросистемы,ОТКР ПКАЛ ДМНП KKMP,ГОД  УТВГ ГИП  СГГС,2022-12-01,2022-12-01,12,12,без переноса
533,Самосвал карьерный HD1500-8 №1629,100000022783,Самосвал HD1500-8 №1629,Текущий ремонт,APP1,1100363033,ТР рулевого управления,ОТКР ПКАЛ ДМНП KKMP,ГОД  УТВГ ГИП  СГГС,2022-12-01,2022-12-01,12,12,без переноса
573,Самосвал карьерный HD1500-8 №1629,100000022783,ТР двс Komatsu HD 1500-8 1629,Текущий ремонт 1,APP1,1100362846,ТР1 двс Komatsu HD 1500-8 1629,ОТКР ПКАЛ ДМНП KKMP,ГОД  УТВГ ГИП  СГГС,2022-12-01,2022-12-01,12,12,без переноса
569,Самосвал карьерный HD1500-8 №1629,100000022783,Самосвал HD1500-8 №1629 МТЧ,Текущий ремонт,APP1,1100362843,ТР трансмиссии,ОТКР ПКАЛ ДМНП KKMP,ГОД  УТВГ ГИП  СГГС,2022-12-01,2022-12-01,12,12,без переноса
407,Самосвал карьерный HD1500-8 №1627,100000022743,Самосвал HD1500-8 №1627,Замена,APP1,1100361478,Замена колес,ОТКР ПКАЛ ДМНП KKMP,ГОД  УТВГ ГИП  СГГС,2022-12-06,2022-12-06,12,12,без переноса
425,Самосвал карьерный HD1500-8 №1627,100000022743,Самосвал HD1500-8 №1627 МТЧ,Техническое обслуживание ТО №2,APP1,1100360258,Техническое обслуживание 2,ОТКР ПКАЛ ДМНП,ГОД  УТВГ УТВП ГИП  МТРЦ ТКБЕ СГГС,2022-12-07,2022-12-07,12,12,без переноса
518,Самосвал карьерный HD1500-8 №1628,100000022744,ТР Самосвал HD1500-8 №1628,Текущий ремонт,APP1,1100381365,ТР Самосвал HD1500-8 №1628,ОТКР ПКАЛ ДМНП KKMP,ГОД  УТВГ ГИП  СГГС,2022-12-09,2022-12-09,12,12,без переноса
469,Самосвал карьерный HD1500-8 №1628,100000022744,Самосвал HD1500-8 №1628,Замена,APP1,1100361995,Замена колес,ОТКР ПКАЛ ДМНП KKMP,ГОД  УТВГ ГИП  СГГС,2022-12-09,2022-12-09,12,12,без переноса
487,Самосвал карьерный HD1500-8 №1628,100000022744,Самосвал HD1500-8 №1628 МТЧ,Техническое обслуживание ТО №2,APP1,1100360285,Техническое обслуживание 2,ОТКР ПКАЛ ДМНП,ГОД  УТВГ УТВП ГИП  МТРЦ ТКБЕ СГГС,2022-12-09,2022-12-09,12,12,без переноса
289,Самосвал карьерный HD1500-8 №1624,100000021344,ТР Самосвал HD1500-8 №1624,Текущий ремонт,APP1,1100381307,ТР Самосвал HD1500-8 №1624,ОТКР ПКАЛ ДМНП KKMP,ГОД  УТВГ ГИП  СГГС,2022-12-09,2022-12-09,12,12,без переноса
251,Самосвал карьерный HD1500-8 №1624,100000021344,Самосвал HD1500-8 №1624 МТЧ,Техническое обслуживание ТО №1,APP1,1100360737,Техническое обслуживание 1,ОТКР ПКАЛ ДМНП,ГОД  УТВГ УТВП ГИП  МТРЦ ТКБЕ СГГС,2022-12-09,2022-12-09,12,12,без переноса
392,Самосвал карьерный HD1500-8 №1626,100000021466,ТР Самосвал HD1500-8 №1626,Текущий ремонт,APP1,1100381319,ТР Самосвал HD1500-8 №1626,ОТКР ПКАЛ ДМНП KKMP,ГОД  УТВГ ГИП  СГГС,2022-12-10,2022-12-10,12,12,без переноса
361,Самосвал карьерный HD1500-8 №1626,100000021466,Самосвал HD1500-8 №1626 МТЧ,Техническое обслуживание ТО №1,APP1,1100361445,Техническое обслуживание 1,ОТКР ПКАЛ ДМНП,ГОД  УТВГ УТВП ГИП  МТРЦ ТКБЕ СГГС,2022-12-10,2022-12-10,12,12,без переноса
666,Самосвал карьерный HD1500-8 №1630,100000071921,ТР Самосвал HD1500-8 №1630,Текущий ремонт,APP1,1100381353,ТР Самосвал HD1500-8 №1630,ОТКР ПКАЛ ДМНП KKMP,ГОД  УТВГ ГИП  СГГС,2022-12-10,2022-12-10,12,12,без переноса
629,Самосвал карьерный HD1500-8 №1630,100000071921,Самосвал HD1500-8 №1630 МТЧ,Техническое обслуживание ТО №1,APP1,1100364235,Техническое обслуживание 1,ОТКР ПКАЛ ДМНП,ГОД  УТВГ УТВП ГИП  МТРЦ ТКБЕ СГГС,2022-12-10,2022-12-10,12,12,без переноса
60,Самосвал карьерный HD1500-8 №1621,100000006408,ТР Самосвал HD1500-8 №1621,Текущий ремонт,APP1,1100381269,ТР Самосвал HD1500-8 №1621,ОТКР ПКАЛ ДМНП KKMP,ГОД  УТВГ ГИП  СГГС,2022-12-15,2022-12-15,12,12,без переноса
128,Самосвал карьерный HD1500-8 №1622,100000006409,ТР Самосвал HD1500-8 №1622,Текущий ремонт,APP1,1100381254,ТР Самосвал HD1500-8 №1622,ОТКР ПКАЛ ДМНП KKMP,ГОД  УТВГ ГИП  СГГС,2022-12-17,2022-12-17,12,12,без переноса
98,Самосвал карьерный HD1500-8 №1622,100000006409,Самосвал HD1500-8 №1622 МТЧ,Техническое обслуживание ТО №2,APP1,1100360790,Техническое обслуживание 2,ОТКР ПКАЛ ДМНП,ГОД  УТВГ УТВП ГИП  МТРЦ ТКБЕ СГГС,2022-12-17,2022-12-17,12,12,без переноса
552,Самосвал карьерный HD1500-8 №1629,100000022783,Самосвал HD1500-8 №1629 МТЧ,Техническое обслуживание ТО №2,APP1,1100363107,Техническое обслуживание 2,ОТКР ПКАЛ ДМНП,ГОД  УТВГ УТВП ГИП  МТРЦ ТКБЕ СГГС,2022-12-19,2022-12-19,12,12,без переноса
201,Самосвал карьерный HD1500-8 №1623,100000006410,ТР Самосвал HD1500-8 №1623,Текущий ремонт,APP1,1100381288,ТР Самосвал HD1500-8 №1623,ОТКР ПКАЛ ДМНП KKMP,ГОД  УТВГ ГИП  СГГС,2022-12-19,2022-12-19,12,12,без переноса
171,Самосвал карьерный HD1500-8 №1623,100000006410,Самосвал HD1500-8 №1623 МТЧ,Техническое обслуживание ТО №2,APP1,1100360802,Техническое обслуживание 2,ОТКР ПКАЛ ДМНП,ГОД  УТВГ УТВП ГИП  МТРЦ ТКБЕ СГГС,2022-12-19,2022-12-19,12,12,без переноса
586,Самосвал карьерный HD1500-8 №1629,100000022783,ТР Самосвал HD1500-8 №1629,Текущий ремонт,APP1,1100381380,ТР Самосвал HD1500-8 №1629,ОТКР ПКАЛ ДМНП KKMP,ГОД  УТВГ ГИП  СГГС,2022-12-19,2022-12-19,12,12,без переноса
630,Самосвал карьерный HD1500-8 №1630,100000071921,Самосвал HD1500-8 №1630 МТЧ,Техническое обслуживание ТО №3,APP1,1100364247,Техническое обслуживание 3,ОТКР ПКАЛ ДМНП,ГОД  УТВГ УТВП ГИП  МТРЦ ТКБЕ СГГС,2022-12-21,2022-12-21,12,12,без переноса
456,Самосвал карьерный HD1500-8 №1627,100000022743,ТР Самосвал HD1500-8 №1627,Текущий ремонт,APP1,1100381276,ТР Самосвал HD1500-8 №1627,ОТКР ПКАЛ ДМНП KKMP,ГОД  УТВГ ГИП  СГГС,2022-12-28,2022-12-28,12,12,без переноса
426,Самосвал карьерный HD1500-8 №1627,100000022743,Самосвал HD1500-8 №1627 МТЧ,Техническое обслуживание ТО №1,APP1,1100360246,Техническое обслуживание 1,ОТКР ПКАЛ ДМНП,ГОД  УТВГ УТВП ГИП  МТРЦ ТКБЕ СГГС,2022-12-28,2022-12-28,12,12,без переноса
488,Самосвал карьерный HD1500-8 №1628,100000022744,Самосвал HD1500-8 №1628 МТЧ,Техническое обслуживание ТО №1,APP1,1100360173,Техническое обслуживание 1,ОТКР ПКАЛ ДМНП,ГОД  УТВГ УТВП ГИП  МТРЦ ТКБЕ СГГС,2022-12-30,2022-12-30,12,12,без переноса
