,ЕО код,ЕО описание,Основной Класс ЕО код,Основной Класс ЕО описание,Класс ЕО,Техместо код,Техместо описание,Вышестоящее техместо
0,100000071921,Самосвал карьерный HD1500-8 №1630,E01_01,Самосвалы карьерные,E01_01; Самосвалы карьерные,03-CTT-KM10,Самосвал №1630,03-CTT-K150; Самосвалы Komatsu HD1500-8
1,100000068229,Самосвал карьерный БЕЛАЗ-7547 №2443,E01_01,Самосвалы карьерные,E01_01; Самосвалы карьерные,03-KON-OBSL-OB04,БелАЗ-7547 №2443,03-KON-OBSL-PBEL; Самосвалы БелАЗ-7547
2,100000068227,Самосвал карьерный БЕЛАЗ-7547 №2441,E01_01,Самосвалы карьерные,E01_01; Самосвалы карьерные,03-KON-OBSL-OB02,БелАЗ-7547 №2441,03-KON-OBSL-PBEL; Самосвалы БелАЗ-7547
3,100000068228,Самосвал карьерный БЕЛАЗ-7547 №2442,E01_01,Самосвалы карьерные,E01_01; Самосвалы карьерные,03-KON-OBSL-OB03,БелАЗ-7547 №2442,03-KON-OBSL-PBEL; Самосвалы БелАЗ-7547
4,100000068231,Самосвал карьерный БЕЛАЗ-7547 №2445,E01_01,Самосвалы карьерные,E01_01; Самосвалы карьерные,03-KON-OBSL-OB06,БелАЗ-7547 №2445,03-KON-OBSL-PBEL; Самосвалы БелАЗ-7547
5,100000068232,Самосвал карьерный БЕЛАЗ-7547 №2446,E01_01,Самосвалы карьерные,E01_01; Самосвалы карьерные,03-KON-OBSL-OB07,БелАЗ-7547 №2446,03-KON-OBSL-PBEL; Самосвалы БелАЗ-7547
6,100000068230,Самосвал карьерный БЕЛАЗ-7547 №2444,E01_01,Самосвалы карьерные,E01_01; Самосвалы карьерные,03-KON-OBSL-OB05,БелАЗ-7547 №2444,03-KON-OBSL-PBEL; Самосвалы БелАЗ-7547
7,100000021344,Самосвал карьерный HD1500-8 №1624,E01_01,Самосвалы карьерные,E01_01; Самосвалы карьерные,03-CTT-KM04,Самосвал №1624,03-CTT-K150; Самосвалы Komatsu HD1500-8
8,100000024392,Компьютер промышл. бортовой Trax-10 LP,E01_01,Самосвалы карьерные,E45_03; Компьютеры промышленные бортовые,03-CTT-KM04,Самосвал №1624,03-CTT-K150; Самосвалы Komatsu HD1500-8
9,100000021364,Самосвал карьерный HD1500-8 №1625,E01_01,Самосвалы карьерные,E01_01; Самосвалы карьерные,03-CTT-KM05,Самосвал №1625,03-CTT-K150; Самосвалы Komatsu HD1500-8
10,100000024393,Компьютер промышл. бортовой Trax-10 LP,E01_01,Самосвалы карьерные,E45_03; Компьютеры промышленные бортовые,03-CTT-KM05,Самосвал №1625,03-CTT-K150; Самосвалы Komatsu HD1500-8
11,100000021376,Кузов,E01_01,Самосвалы карьерные,S00; Узлы,03-CTT-KM05,Самосвал №1625,03-CTT-K150; Самосвалы Komatsu HD1500-8
12,100000021370,Кузов,E01_01,Самосвалы карьерные,S00; Узлы,03-CTT-KM04,Самосвал №1624,03-CTT-K150; Самосвалы Komatsu HD1500-8
13,100000021466,Самосвал карьерный HD1500-8 №1626,E01_01,Самосвалы карьерные,E01_01; Самосвалы карьерные,03-CTT-KM06,Самосвал №1626,03-CTT-K150; Самосвалы Komatsu HD1500-8
14,100000024394,Компьютер промышл. бортовой Trax-10 LP,E01_01,Самосвалы карьерные,E45_03; Компьютеры промышленные бортовые,03-CTT-KM06,Самосвал №1626,03-CTT-K150; Самосвалы Komatsu HD1500-8
15,100000021385,Компьютер промышл. бортовой Trax-10 LP,E01_01,Самосвалы карьерные,E45_03; Компьютеры промышленные бортовые,03-CTT-KM09,Самосвал №1629,03-CTT-K150; Самосвалы Komatsu HD1500-8
16,100000022783,Самосвал карьерный HD1500-8 №1629,E01_01,Самосвалы карьерные,E01_01; Самосвалы карьерные,03-CTT-KM09,Самосвал №1629,03-CTT-K150; Самосвалы Komatsu HD1500-8
17,100000022743,Самосвал карьерный HD1500-8 №1627,E01_01,Самосвалы карьерные,E01_01; Самосвалы карьерные,03-CTT-KM07,Самосвал №1627,03-CTT-K150; Самосвалы Komatsu HD1500-8
18,100000069160,Компьютер промышл. бортовой Trax-10 LP,E01_01,Самосвалы карьерные,E45_03; Компьютеры промышленные бортовые,03-CTT-KM07,Самосвал №1627,03-CTT-K150; Самосвалы Komatsu HD1500-8
19,100000022744,Самосвал карьерный HD1500-8 №1628,E01_01,Самосвалы карьерные,E01_01; Самосвалы карьерные,03-CTT-KM08,Самосвал №1628,03-CTT-K150; Самосвалы Komatsu HD1500-8
20,100000069161,Компьютер промышл. бортовой Trax-10 LP,E01_01,Самосвалы карьерные,E45_03; Компьютеры промышленные бортовые,03-CTT-KM08,Самосвал №1628,03-CTT-K150; Самосвалы Komatsu HD1500-8
21,100000068233,Экскаватор PC1250-8 №1204,E03_01,Экскаваторы гидравли,E03_01; Экскаваторы гидравлические,03-RUD-EKSK-OOBR-EX05,Экскаватор №1204,03-RUD-EKSK-OOBR-EXCV; Экскаваторы
22,100000022894,Экскаватор гидравл. PC400LC-7 №1209,E03_01,Экскаваторы гидравли,E03_01; Экскаваторы гидравлические,03-RUD-EKSK-VOBR-EX07,Экскаватор №1209,03-RUD-EKSK-VOBR-EXCV; Экскаваторы
23,100000009136,Экскаватор электрический ЭКГ-10 №1207,E03_02,Экскаваторы электрич,E03_02; Экскаваторы электрические,03-RUD-EKSK-OOBR-EX02,Экскаватор №1207,03-RUD-EKSK-OOBR-EXCV; Экскаваторы
24,100000009347,ЭД пост тока ДЭ-812,E03_02,Экскаваторы электрич,E32_03; Двигатели постоянного тока,03-RUD-EKSK-OOBR-EX02,Экскаватор №1207,03-RUD-EKSK-OOBR-EXCV; Экскаваторы
25,100000009349,ЭД пост тока ДЭВ-814,E03_02,Экскаваторы электрич,E32_03; Двигатели постоянного тока,03-RUD-EKSK-OOBR-EX02,Экскаватор №1207,03-RUD-EKSK-OOBR-EXCV; Экскаваторы
26,100000009350,ЭД пост тока ДЭВ-814,E03_02,Экскаваторы электрич,E32_03; Двигатели постоянного тока,03-RUD-EKSK-OOBR-EX02,Экскаватор №1207,03-RUD-EKSK-OOBR-EXCV; Экскаваторы
27,100000009351,ЭД пост тока ДЭ-818,E03_02,Экскаваторы электрич,E32_03; Двигатели постоянного тока,03-RUD-EKSK-OOBR-EX02,Экскаватор №1207,03-RUD-EKSK-OOBR-EXCV; Экскаваторы
28,100000009352,Генератор напора_4ГПЭМ 170-1/1,E03_02,Экскаваторы электрич,E32_03; Двигатели постоянного тока,03-RUD-EKSK-OOBR-EX02,Экскаватор №1207,03-RUD-EKSK-OOBR-EXCV; Экскаваторы
29,100000009353,ЭД пост тока 4ГПЭ 300-1/2,E03_02,Экскаваторы электрич,E32_03; Двигатели постоянного тока,03-RUD-EKSK-OOBR-EX02,Экскаватор №1207,03-RUD-EKSK-OOBR-EXCV; Экскаваторы
30,100000009354,ЭД синх ДСЭ-750-6,E03_02,Экскаваторы электрич,E32_02; Двигатели синхронные,03-RUD-EKSK-OOBR-EX02,Экскаватор №1207,03-RUD-EKSK-OOBR-EXCV; Экскаваторы
31,100000009355,Генератор подъёма_ 4ГПЭМ 600-1/1,E03_02,Экскаваторы электрич,E32_03; Двигатели постоянного тока,03-RUD-EKSK-OOBR-EX02,Экскаватор №1207,03-RUD-EKSK-OOBR-EXCV; Экскаваторы
32,100000009356,ЭД пост тока Д-12,E03_02,Экскаваторы электрич,E32_03; Двигатели постоянного тока,03-RUD-EKSK-OOBR-EX02,Экскаватор №1207,03-RUD-EKSK-OOBR-EXCV; Экскаваторы
33,100000009357,ЭД асинх Д-31,E03_02,Экскаваторы электрич,E32_01; Двигатели асинхронные,03-RUD-EKSK-OOBR-EX02,Экскаватор №1207,03-RUD-EKSK-OOBR-EXCV; Экскаваторы
34,100000009358,ЭД асинх 4МТКН411-8,E03_02,Экскаваторы электрич,E32_01; Двигатели асинхронные,03-RUD-EKSK-OOBR-EX02,Экскаватор №1207,03-RUD-EKSK-OOBR-EXCV; Экскаваторы
35,100000009359,ЭД асинх АИРМ132S4E3,E03_02,Экскаваторы электрич,E32_01; Двигатели асинхронные,03-RUD-EKSK-OOBR-EX02,Экскаватор №1207,03-RUD-EKSK-OOBR-EXCV; Экскаваторы
36,100000009360,ЭД асинх 5АИ132S4,E03_02,Экскаваторы электрич,E32_01; Двигатели асинхронные,03-RUD-EKSK-OOBR-EX02,Экскаватор №1207,03-RUD-EKSK-OOBR-EXCV; Экскаваторы
37,100000009361,ЭД асинх АИРМ132S4E3,E03_02,Экскаваторы электрич,E32_01; Двигатели асинхронные,03-RUD-EKSK-OOBR-EX02,Экскаватор №1207,03-RUD-EKSK-OOBR-EXCV; Экскаваторы
38,100000009362,ЭД асинх АИРМ132S4E3,E03_02,Экскаваторы электрич,E32_01; Двигатели асинхронные,03-RUD-EKSK-OOBR-EX02,Экскаватор №1207,03-RUD-EKSK-OOBR-EXCV; Экскаваторы
39,100000009363,ЭД асинх АИР80В4,E03_02,Экскаваторы электрич,E32_01; Двигатели асинхронные,03-RUD-EKSK-OOBR-EX02,Экскаватор №1207,03-RUD-EKSK-OOBR-EXCV; Экскаваторы
40,100000009364,ЭД асинх АИРМ80B4,E03_02,Экскаваторы электрич,E32_01; Двигатели асинхронные,03-RUD-EKSK-OOBR-EX02,Экскаватор №1207,03-RUD-EKSK-OOBR-EXCV; Экскаваторы
41,100000009365,ЭД асинх АИР100S4,E03_02,Экскаваторы электрич,E32_01; Двигатели асинхронные,03-RUD-EKSK-OOBR-EX02,Экскаватор №1207,03-RUD-EKSK-OOBR-EXCV; Экскаваторы
42,100000009366,ЭД асинх АИР100S4,E03_02,Экскаваторы электрич,E32_01; Двигатели асинхронные,03-RUD-EKSK-OOBR-EX02,Экскаватор №1207,03-RUD-EKSK-OOBR-EXCV; Экскаваторы
43,100000009400,Компьютер промышл. бортовой Trax-10 HP,E03_02,Экскаваторы электрич,E45_03; Компьютеры промышленные бортовые,03-RUD-EKSK-OOBR-EX02,Экскаватор №1207,03-RUD-EKSK-OOBR-EXCV; Экскаваторы
44,100000009707,ЭД асинх АИР112S4,E03_02,Экскаваторы электрич,E32_01; Двигатели асинхронные,03-RUD-EKSK-OOBR-EX02,Экскаватор №1207,03-RUD-EKSK-OOBR-EXCV; Экскаваторы
45,100000009708,ЭД асинх АИР80S4,E03_02,Экскаваторы электрич,E32_01; Двигатели асинхронные,03-RUD-EKSK-OOBR-EX02,Экскаватор №1207,03-RUD-EKSK-OOBR-EXCV; Экскаваторы
46,100000009710,ЭД асинх АИРМ132S4E3,E03_02,Экскаваторы электрич,E32_01; Двигатели асинхронные,03-RUD-EKSK-OOBR-EX02,Экскаватор №1207,03-RUD-EKSK-OOBR-EXCV; Экскаваторы
47,100000009711,ЭД пост тока ДЭ-812,E03_02,Экскаваторы электрич,E32_03; Двигатели постоянного тока,03-RUD-EKSK-OOBR-EX02,Экскаватор №1207,03-RUD-EKSK-OOBR-EXCV; Экскаваторы
48,100000009712,ЭД пост тока ДЭ-818,E03_02,Экскаваторы электрич,E32_03; Двигатели постоянного тока,03-RUD-EKSK-OOBR-EX02,Экскаватор №1207,03-RUD-EKSK-OOBR-EXCV; Экскаваторы
49,100000009853,Ковш,E03_02,Экскаваторы электрич,S00; Узлы,03-RUD-EKSK-OOBR-EX02,Экскаватор №1207,03-RUD-EKSK-OOBR-EXCV; Экскаваторы
50,100000009137,Экскаватор электрический ЭКГ-10 №1208,E03_02,Экскаваторы электрич,E03_02; Экскаваторы электрические,03-RUD-EKSK-OOBR-EX03,Экскаватор №1208,03-RUD-EKSK-OOBR-EXCV; Экскаваторы
51,100000009367,ЭД пост тока 4ГПЭ 300-1/2,E03_02,Экскаваторы электрич,E32_03; Двигатели постоянного тока,03-RUD-EKSK-OOBR-EX03,Экскаватор №1208,03-RUD-EKSK-OOBR-EXCV; Экскаваторы
52,100000009368,Генератор напора_4ГПЭМ 170-1/1,E03_02,Экскаваторы электрич,E32_05; Генераторы,03-RUD-EKSK-OOBR-EX03,Экскаватор №1208,03-RUD-EKSK-OOBR-EXCV; Экскаваторы
53,100000009369,Генератор подъёма_4ГПЭМ 600-1/1,E03_02,Экскаваторы электрич,E32_05; Генераторы,03-RUD-EKSK-OOBR-EX03,Экскаватор №1208,03-RUD-EKSK-OOBR-EXCV; Экскаваторы
54,100000009370,ЭД асинх АИР100S4,E03_02,Экскаваторы электрич,E32_01; Двигатели асинхронные,03-RUD-EKSK-OOBR-EX03,Экскаватор №1208,03-RUD-EKSK-OOBR-EXCV; Экскаваторы
55,100000009371,ЭД пост тока Д-12,E03_02,Экскаваторы электрич,E32_03; Двигатели постоянного тока,03-RUD-EKSK-OOBR-EX03,Экскаватор №1208,03-RUD-EKSK-OOBR-EXCV; Экскаваторы
56,100000009372,ЭД асинх Д-31,E03_02,Экскаваторы электрич,E32_01; Двигатели асинхронные,03-RUD-EKSK-OOBR-EX03,Экскаватор №1208,03-RUD-EKSK-OOBR-EXCV; Экскаваторы
57,100000009373,ЭД синх ДСЭ-750-6,E03_02,Экскаваторы электрич,E32_02; Двигатели синхронные,03-RUD-EKSK-OOBR-EX03,Экскаватор №1208,03-RUD-EKSK-OOBR-EXCV; Экскаваторы
58,100000009401,Компьютер промышл. бортовой Trax-10 HP,E03_02,Экскаваторы электрич,E45_03; Компьютеры промышленные бортовые,03-RUD-EKSK-OOBR-EX03,Экскаватор №1208,03-RUD-EKSK-OOBR-EXCV; Экскаваторы
59,100000009596,ЭД асинх АИР132S4,E03_02,Экскаваторы электрич,E32_01; Двигатели асинхронные,03-RUD-EKSK-OOBR-EX03,Экскаватор №1208,03-RUD-EKSK-OOBR-EXCV; Экскаваторы
60,100000009597,ЭД асинх АИР132S4,E03_02,Экскаваторы электрич,E32_01; Двигатели асинхронные,03-RUD-EKSK-OOBR-EX03,Экскаватор №1208,03-RUD-EKSK-OOBR-EXCV; Экскаваторы
61,100000009598,ЭД асинх АИР132S4,E03_02,Экскаваторы электрич,E32_01; Двигатели асинхронные,03-RUD-EKSK-OOBR-EX03,Экскаватор №1208,03-RUD-EKSK-OOBR-EXCV; Экскаваторы
62,100000009599,ЭД асинх АИР132S4,E03_02,Экскаваторы электрич,E32_01; Двигатели асинхронные,03-RUD-EKSK-OOBR-EX03,Экскаватор №1208,03-RUD-EKSK-OOBR-EXCV; Экскаваторы
63,100000009600,ЭД асинх 4МТКН411-8,E03_02,Экскаваторы электрич,E32_01; Двигатели асинхронные,03-RUD-EKSK-OOBR-EX03,Экскаватор №1208,03-RUD-EKSK-OOBR-EXCV; Экскаваторы
64,100000009709,ЭД асинх АИР80S4,E03_02,Экскаваторы электрич,E32_01; Двигатели асинхронные,03-RUD-EKSK-OOBR-EX03,Экскаватор №1208,03-RUD-EKSK-OOBR-EXCV; Экскаваторы
65,100000009713,ЭД асинх АИР132S4,E03_02,Экскаваторы электрич,E32_01; Двигатели асинхронные,03-RUD-EKSK-OOBR-EX03,Экскаватор №1208,03-RUD-EKSK-OOBR-EXCV; Экскаваторы
66,100000009714,ЭД асинх АИР132S4,E03_02,Экскаваторы электрич,E32_01; Двигатели асинхронные,03-RUD-EKSK-OOBR-EX03,Экскаватор №1208,03-RUD-EKSK-OOBR-EXCV; Экскаваторы
67,100000009717,ЭД асинх АИР80S4,E03_02,Экскаваторы электрич,E32_01; Двигатели асинхронные,03-RUD-EKSK-OOBR-EX03,Экскаватор №1208,03-RUD-EKSK-OOBR-EXCV; Экскаваторы
68,100000009718,ЭД асинх АИР80S4,E03_02,Экскаваторы электрич,E32_01; Двигатели асинхронные,03-RUD-EKSK-OOBR-EX03,Экскаватор №1208,03-RUD-EKSK-OOBR-EXCV; Экскаваторы
69,100000009719,ЭД асинх АИР100S4,E03_02,Экскаваторы электрич,E32_01; Двигатели асинхронные,03-RUD-EKSK-OOBR-EX03,Экскаватор №1208,03-RUD-EKSK-OOBR-EXCV; Экскаваторы
70,100000009866,Ковш,E03_02,Экскаваторы электрич,S00; Узлы,03-RUD-EKSK-OOBR-EX03,Экскаватор №1208,03-RUD-EKSK-OOBR-EXCV; Экскаваторы
71,100000008662,Самосвал карьерный HD785-5 №1603,E01_01,Самосвалы карьерные,E01_01; Самосвалы карьерные,03-CTT-KH02,Самосвал №1603,03-CTT-K785; Самосвалы Komatsu HD785-5
72,100000008661,Самосвал карьерный HD785-5 №1601,E01_01,Самосвалы карьерные,E01_01; Самосвалы карьерные,03-CTT-KH01,Самосвал №1601,03-CTT-K785; Самосвалы Komatsu HD785-5
73,100000008665,Самосвал карьерный HD785-5 №1607,E01_01,Самосвалы карьерные,E01_01; Самосвалы карьерные,03-CTT-KH05,Самосвал №1607,03-CTT-K785; Самосвалы Komatsu HD785-5
74,100000008663,Самосвал карьерный HD785-5 №1604,E01_01,Самосвалы карьерные,E01_01; Самосвалы карьерные,03-CTT-KH03,Самосвал №1604,03-CTT-K785; Самосвалы Komatsu HD785-5
75,100000008664,Самосвал карьерный HD785-5 №1606,E01_01,Самосвалы карьерные,E01_01; Самосвалы карьерные,03-CTT-KH04,Самосвал №1606,03-CTT-K785; Самосвалы Komatsu HD785-5
76,100000009421,Компьютер промышл. бортовой Trax-10 LP,E01_01,Самосвалы карьерные,E45_03; Компьютеры промышленные бортовые,03-CTT-KH04,Самосвал №1606,03-CTT-K785; Самосвалы Komatsu HD785-5
77,100000008666,Самосвал карьерный HD785-7 №1609,E01_01,Самосвалы карьерные,E01_01; Самосвалы карьерные,03-CTT-KD01,Самосвал №1609,03-CTT-K787; Самосвалы Komatsu HD785-7
78,100000009422,Компьютер промышл. бортовой Trax-10 LP,E01_01,Самосвалы карьерные,E45_03; Компьютеры промышленные бортовые,03-CTT-KD01,Самосвал №1609,03-CTT-K787; Самосвалы Komatsu HD785-7
79,100000009777,Редуктор бортовой левый,E01_01,Самосвалы карьерные,S00; Узлы,03-CTT-KD01,Самосвал №1609,03-CTT-K787; Самосвалы Komatsu HD785-7
80,100000009778,Редуктор бортовой правый,E01_01,Самосвалы карьерные,S00; Узлы,03-CTT-KD01,Самосвал №1609,03-CTT-K787; Самосвалы Komatsu HD785-7
81,100000009780,ДВС SAA12V140E-3B,E01_01,Самосвалы карьерные,S01; Узлы. ДВС,03-CTT-KD01,Самосвал №1609,03-CTT-K787; Самосвалы Komatsu HD785-7
82,100000010299,Кузов,E01_01,Самосвалы карьерные,S00; Узлы,03-CTT-KD01,Самосвал №1609,03-CTT-K787; Самосвалы Komatsu HD785-7
83,100000008667,Самосвал карьерный HD785-7 №1610,E01_01,Самосвалы карьерные,E01_01; Самосвалы карьерные,03-CTT-KD02,Самосвал №1610,03-CTT-K787; Самосвалы Komatsu HD785-7
84,100000009423,Компьютер промышл. бортовой Trax-10 LP,E01_01,Самосвалы карьерные,E45_03; Компьютеры промышленные бортовые,03-CTT-KD02,Самосвал №1610,03-CTT-K787; Самосвалы Komatsu HD785-7
85,100000009781,ДВС SAA12V140E-3B №506086,E01_01,Самосвалы карьерные,S01; Узлы. ДВС,03-CTT-KD02,Самосвал №1610,03-CTT-K787; Самосвалы Komatsu HD785-7
86,100000010300,Кузов,E01_01,Самосвалы карьерные,S00; Узлы,03-CTT-KD02,Самосвал №1610,03-CTT-K787; Самосвалы Komatsu HD785-7
87,100000008668,Самосвал карьерный HD785-7 №1611,E01_01,Самосвалы карьерные,E01_01; Самосвалы карьерные,03-CTT-KD03,Самосвал №1611,03-CTT-K787; Самосвалы Komatsu HD785-7
88,100000009424,Компьютер промышл. бортовой Trax-10 LP,E01_01,Самосвалы карьерные,E45_03; Компьютеры промышленные бортовые,03-CTT-KD03,Самосвал №1611,03-CTT-K787; Самосвалы Komatsu HD785-7
89,100000010301,Кузов,E01_01,Самосвалы карьерные,S00; Узлы,03-CTT-KD03,Самосвал №1611,03-CTT-K787; Самосвалы Komatsu HD785-7
90,100000008669,Самосвал карьерный HD785-7 №1612,E01_01,Самосвалы карьерные,E01_01; Самосвалы карьерные,03-CTT-KD04,Самосвал №1612,03-CTT-K787; Самосвалы Komatsu HD785-7
91,100000009425,Компьютер промышл. бортовой Trax-10 LP,E01_01,Самосвалы карьерные,E45_03; Компьютеры промышленные бортовые,03-CTT-KD04,Самосвал №1612,03-CTT-K787; Самосвалы Komatsu HD785-7
92,100000009791,ДВС SAA12V140E-3B,E01_01,Самосвалы карьерные,S01; Узлы. ДВС,03-CTT-KD04,Самосвал №1612,03-CTT-K787; Самосвалы Komatsu HD785-7
93,100000009795,Дифференциал,E01_01,Самосвалы карьерные,S00; Узлы,03-CTT-KD04,Самосвал №1612,03-CTT-K787; Самосвалы Komatsu HD785-7
94,100000010302,Кузов,E01_01,Самосвалы карьерные,S00; Узлы,03-CTT-KD04,Самосвал №1612,03-CTT-K787; Самосвалы Komatsu HD785-7
95,100000008670,Самосвал карьерный HD785-7 №1613,E01_01,Самосвалы карьерные,E01_01; Самосвалы карьерные,03-CTT-KD05,Самосвал №1613,03-CTT-K787; Самосвалы Komatsu HD785-7
96,100000009426,Компьютер промышл. бортовой Trax-10 LP,E01_01,Самосвалы карьерные,E45_03; Компьютеры промышленные бортовые,03-CTT-KD05,Самосвал №1613,03-CTT-K787; Самосвалы Komatsu HD785-7
97,100000009138,Экскаватор гидравл. PC2000-8 №1203,E03_01,Экскаваторы гидравли,E03_01; Экскаваторы гидравлические,03-RUD-EKSK-OOBR-EX01,Экскаватор №1203,03-RUD-EKSK-OOBR-EXCV; Экскаваторы
98,100000009399,Компьютер промышл. бортовой Trax-10 HP,E03_01,Экскаваторы гидравли,E45_03; Компьютеры промышленные бортовые,03-RUD-EKSK-OOBR-EX01,Экскаватор №1203,03-RUD-EKSK-OOBR-EXCV; Экскаваторы
99,100000008671,Самосвал карьерный HD785-7 №1614,E01_01,Самосвалы карьерные,E01_01; Самосвалы карьерные,03-CTT-KD06,Самосвал №1614,03-CTT-K787; Самосвалы Komatsu HD785-7
100,100000009427,Компьютер промышл. бортовой Trax-10 LP,E01_01,Самосвалы карьерные,E45_03; Компьютеры промышленные бортовые,03-CTT-KD06,Самосвал №1614,03-CTT-K787; Самосвалы Komatsu HD785-7
101,100000009803,Редуктор бортовой правый,E01_01,Самосвалы карьерные,S00; Узлы,03-CTT-KD06,Самосвал №1614,03-CTT-K787; Самосвалы Komatsu HD785-7
102,100000010304,Кузов,E01_01,Самосвалы карьерные,S00; Узлы,03-CTT-KD06,Самосвал №1614,03-CTT-K787; Самосвалы Komatsu HD785-7
103,100000008675,Экскаватор гидравл. PC400-7 №1201,E03_01,Экскаваторы гидравли,E03_01; Экскаваторы гидравлические,03-RUD-EKSK-VOBR-EX01,Экскаватор №1201,03-RUD-EKSK-VOBR-EXCV; Экскаваторы
104,100000009419,Компьютер промышл. бортовой Trax-10 LP,E03_01,Экскаваторы гидравли,E45_03; Компьютеры промышленные бортовые,03-RUD-EKSK-VOBR-EX01,Экскаватор №1201,03-RUD-EKSK-VOBR-EXCV; Экскаваторы
105,100000010239,ДВС SAA6D125E-3,E03_01,Экскаваторы гидравли,S01; Узлы. ДВС,03-RUD-EKSK-VOBR-EX01,Экскаватор №1201,03-RUD-EKSK-VOBR-EXCV; Экскаваторы
106,100000008676,Экскаватор гидравл. PC400-7 №1202,E03_01,Экскаваторы гидравли,E03_01; Экскаваторы гидравлические,03-RUD-EKSK-VOBR-EX02,Экскаватор №1202,03-RUD-EKSK-VOBR-EXCV; Экскаваторы
107,100000009398,Компьютер промышл. бортовой Trax-10 LP,E03_01,Экскаваторы гидравли,E45_03; Компьютеры промышленные бортовые,03-RUD-EKSK-VOBR-EX02,Экскаватор №1202,03-RUD-EKSK-VOBR-EXCV; Экскаваторы
108,100000010244,ДВС SAA6D125E-3,E03_01,Экскаваторы гидравли,S01; Узлы. ДВС,03-RUD-EKSK-VOBR-EX02,Экскаватор №1202,03-RUD-EKSK-VOBR-EXCV; Экскаваторы
109,100000008672,Самосвал карьерный HD785-7 №1615,E01_01,Самосвалы карьерные,E01_01; Самосвалы карьерные,03-CTT-KD07,Самосвал №1615,03-CTT-K787; Самосвалы Komatsu HD785-7
110,100000009428,Компьютер промышл. бортовой Trax-10 LP,E01_01,Самосвалы карьерные,E45_03; Компьютеры промышленные бортовые,03-CTT-KD07,Самосвал №1615,03-CTT-K787; Самосвалы Komatsu HD785-7
111,100000009806,Дифференциал,E01_01,Самосвалы карьерные,S00; Узлы,03-CTT-KD07,Самосвал №1615,03-CTT-K787; Самосвалы Komatsu HD785-7
112,100000009807,Редуктор бортовой левый,E01_01,Самосвалы карьерные,S00; Узлы,03-CTT-KD07,Самосвал №1615,03-CTT-K787; Самосвалы Komatsu HD785-7
113,100000010305,Кузов,E01_01,Самосвалы карьерные,S00; Узлы,03-CTT-KD07,Самосвал №1615,03-CTT-K787; Самосвалы Komatsu HD785-7
114,100000008677,Экскаватор гидравл. PC400-7 №1211,E03_01,Экскаваторы гидравли,E03_01; Экскаваторы гидравлические,03-RUD-EKSK-VOBR-EX04,Экскаватор №1211,03-RUD-EKSK-VOBR-EXCV; Экскаваторы
115,100000009402,Компьютер промышл. бортовой Trax-10 LP,E03_01,Экскаваторы гидравли,E45_03; Компьютеры промышленные бортовые,03-RUD-EKSK-VOBR-EX04,Экскаватор №1211,03-RUD-EKSK-VOBR-EXCV; Экскаваторы
116,100000008678,Экскаватор PC400-7 №1213,E03_01,Экскаваторы гидравли,E03_01; Экскаваторы гидравлические,03-RUD-EKSK-VOBR-EX05,Экскаватор №1213,03-RUD-EKSK-VOBR-EXCV; Экскаваторы
117,100000008679,Экскаватор гидравл. PC220-8 №1214,E03_01,Экскаваторы гидравли,E03_01; Экскаваторы гидравлические,03-RUD-EKSK-VOBR-EX06,Экскаватор №1214,03-RUD-EKSK-VOBR-EXCV; Экскаваторы
118,100000010303,Кузов,E01_01,Самосвалы карьерные,S00; Узлы,03-CTT-KD05,Самосвал №1613,03-CTT-K787; Самосвалы Komatsu HD785-7
119,100000008673,Самосвал карьерный 785C №1619,E01_01,Самосвалы карьерные,E01_01; Самосвалы карьерные,03-CTT-CC01,Самосвал №1619,03-CTT-C785; Самосвалы CAT 785C
120,100000008674,Самосвал карьерный 785C №1620,E01_01,Самосвалы карьерные,E01_01; Самосвалы карьерные,03-CTT-CC02,Самосвал №1620,03-CTT-C785; Самосвалы CAT 785C
121,100000009440,Компьютер промышл. бортовой Trax-10 LP,E01_01,Самосвалы карьерные,E45_03; Компьютеры промышленные бортовые,03-CTT-CC02,Самосвал №1620,03-CTT-C785; Самосвалы CAT 785C
122,100000009819,Коробка передач,E01_01,Самосвалы карьерные,S00; Узлы,03-CTT-CC02,Самосвал №1620,03-CTT-C785; Самосвалы CAT 785C
123,100000009782,Коробка передач,E01_01,Самосвалы карьерные,S00; Узлы,03-CTT-KD02,Самосвал №1610,03-CTT-K787; Самосвалы Komatsu HD785-7
124,100000009784,Редуктор бортовой левый,E01_01,Самосвалы карьерные,S00; Узлы,03-CTT-KD02,Самосвал №1610,03-CTT-K787; Самосвалы Komatsu HD785-7
125,100000009783,Редуктор бортовой правый,E01_01,Самосвалы карьерные,S00; Узлы,03-CTT-KD02,Самосвал №1610,03-CTT-K787; Самосвалы Komatsu HD785-7
126,100000006408,Самосвал карьерный HD1500-8 №1621,E01_01,Самосвалы карьерные,E01_01; Самосвалы карьерные,03-CTT-KM01,Самосвал №1621,03-CTT-K150; Самосвалы Komatsu HD1500-8
127,100000009823,Редуктор бортовой правый,E01_01,Самосвалы карьерные,S00; Узлы,03-CTT-KM01,Самосвал №1621,03-CTT-K150; Самосвалы Komatsu HD1500-8
128,100000010272,Компьютер промышл. бортовой Trax-10 LP,E01_01,Самосвалы карьерные,E45_03; Компьютеры промышленные бортовые,03-CTT-CC01,Самосвал №1619,03-CTT-C785; Самосвалы CAT 785C
129,100000010308,Кузов,E01_01,Самосвалы карьерные,S00; Узлы,03-CTT-KM01,Самосвал №1621,03-CTT-K150; Самосвалы Komatsu HD1500-8
130,100000021251,Компьютер промышл. бортовой Trax-10 LP,E01_01,Самосвалы карьерные,E45_03; Компьютеры промышленные бортовые,03-CTT-KM01,Самосвал №1621,03-CTT-K150; Самосвалы Komatsu HD1500-8
131,100000009821,ДВС SDA16V159-3,E01_01,Самосвалы карьерные,S01; Узлы. ДВС,03-CTT-KM01,Самосвал №1621,03-CTT-K150; Самосвалы Komatsu HD1500-8
132,100000006410,Самосвал карьерный HD1500-8 №1623,E01_01,Самосвалы карьерные,E01_01; Самосвалы карьерные,03-CTT-KM03,Самосвал №1623,03-CTT-K150; Самосвалы Komatsu HD1500-8
133,100000010310,Кузов,E01_01,Самосвалы карьерные,S00; Узлы,03-CTT-KM03,Самосвал №1623,03-CTT-K150; Самосвалы Komatsu HD1500-8
134,100000021291,Компьютер промышл. бортовой Trax-10 LP,E01_01,Самосвалы карьерные,E45_03; Компьютеры промышленные бортовые,03-CTT-KM03,Самосвал №1623,03-CTT-K150; Самосвалы Komatsu HD1500-8
135,100000009831,ДВС SDA16V159-3,E01_01,Самосвалы карьерные,S01; Узлы. ДВС,03-CTT-KM03,Самосвал №1623,03-CTT-K150; Самосвалы Komatsu HD1500-8
136,100000006409,Самосвал карьерный HD1500-8 №1622,E01_01,Самосвалы карьерные,E01_01; Самосвалы карьерные,03-CTT-KM02,Самосвал №1622,03-CTT-K150; Самосвалы Komatsu HD1500-8
137,100000009827,Редуктор бортовой левый,E01_01,Самосвалы карьерные,S00; Узлы,03-CTT-KM02,Самосвал №1622,03-CTT-K150; Самосвалы Komatsu HD1500-8
138,100000010309,Кузов,E01_01,Самосвалы карьерные,S00; Узлы,03-CTT-KM02,Самосвал №1622,03-CTT-K150; Самосвалы Komatsu HD1500-8
139,100000021300,Компьютер промышл. бортовой Trax-10 LP,E01_01,Самосвалы карьерные,E45_03; Компьютеры промышленные бортовые,03-CTT-KM02,Самосвал №1622,03-CTT-K150; Самосвалы Komatsu HD1500-8
140,100000009830,ДВС SDA16V159-3,E01_01,Самосвалы карьерные,S01; Узлы. ДВС,03-CTT-KM02,Самосвал №1622,03-CTT-K150; Самосвалы Komatsu HD1500-8
141,100000006414,Экскаватор гидравл. PC400LC-7 №1210,E03_01,Экскаваторы гидравли,E03_01; Экскаваторы гидравлические,03-RUD-EKSK-VOBR-EX03,Экскаватор №1210,03-RUD-EKSK-VOBR-EXCV; Экскаваторы
142,100000010250,Стрела,E03_01,Экскаваторы гидравли,S00; Узлы,03-RUD-EKSK-VOBR-EX03,Экскаватор №1210,03-RUD-EKSK-VOBR-EXCV; Экскаваторы
143,100000007087,Экскаватор электрический WK-20 №1220,E03_02,Экскаваторы электрич,E03_02; Экскаваторы электрические,03-RUD-EKSK-OOBR-EX04,Экскаватор №1220,03-RUD-EKSK-OOBR-EXCV; Экскаваторы
144,100000021523,Компьютер промышл. бортовой Trax-10 HP,E03_02,Экскаваторы электрич,E45_03; Компьютеры промышленные бортовые,03-RUD-EKSK-OOBR-EX04,Экскаватор №1220,03-RUD-EKSK-OOBR-EXCV; Экскаваторы
145,100000025391,ЭД асинх  YJ13L3,E03_02,Экскаваторы электрич,E32_01; Двигатели асинхронные,03-RUD-EKSK-OOBR-EX04,Экскаватор №1220,03-RUD-EKSK-OOBR-EXCV; Экскаваторы
146,100000025392,ЭД асинх  YJ13L3,E03_02,Экскаваторы электрич,E32_01; Двигатели асинхронные,03-RUD-EKSK-OOBR-EX04,Экскаватор №1220,03-RUD-EKSK-OOBR-EXCV; Экскаваторы
147,100000025393,ЭД асинх YJ13L4,E03_02,Экскаваторы электрич,E32_01; Двигатели асинхронные,03-RUD-EKSK-OOBR-EX04,Экскаватор №1220,03-RUD-EKSK-OOBR-EXCV; Экскаваторы
148,100000025394,ЭД асинх YE2-132S,E03_02,Экскаваторы электрич,E32_01; Двигатели асинхронные,03-RUD-EKSK-OOBR-EX04,Экскаватор №1220,03-RUD-EKSK-OOBR-EXCV; Экскаваторы
149,100000025395,ЭД асинх YE2-90S,E03_02,Экскаваторы электрич,E32_01; Двигатели асинхронные,03-RUD-EKSK-OOBR-EX04,Экскаватор №1220,03-RUD-EKSK-OOBR-EXCV; Экскаваторы
150,100000025396,ЭД асинх  M2BAX 100LB 4,E03_02,Экскаваторы электрич,E32_01; Двигатели асинхронные,03-RUD-EKSK-OOBR-EX04,Экскаватор №1220,03-RUD-EKSK-OOBR-EXCV; Экскаваторы
151,100000025397,ЭД асинх  M2BAX 100LB 4,E03_02,Экскаваторы электрич,E32_01; Двигатели асинхронные,03-RUD-EKSK-OOBR-EX04,Экскаватор №1220,03-RUD-EKSK-OOBR-EXCV; Экскаваторы
152,100000025398,ЭД асинх YX3-121M-4,E03_02,Экскаваторы электрич,E32_01; Двигатели асинхронные,03-RUD-EKSK-OOBR-EX04,Экскаватор №1220,03-RUD-EKSK-OOBR-EXCV; Экскаваторы
153,100000025399,ЭД асинх DYP-132S-4G,E03_02,Экскаваторы электрич,E32_01; Двигатели асинхронные,03-RUD-EKSK-OOBR-EX04,Экскаватор №1220,03-RUD-EKSK-OOBR-EXCV; Экскаваторы
154,100000025400,ЭД асинх HM2-100L-8,E03_02,Экскаваторы электрич,E32_01; Двигатели асинхронные,03-RUD-EKSK-OOBR-EX04,Экскаватор №1220,03-RUD-EKSK-OOBR-EXCV; Экскаваторы
155,100000025401,ЭД асинх YJ56E,E03_02,Экскаваторы электрич,E32_01; Двигатели асинхронные,03-RUD-EKSK-OOBR-EX04,Экскаватор №1220,03-RUD-EKSK-OOBR-EXCV; Экскаваторы
156,100000025402,ЭД асинх YJ56E,E03_02,Экскаваторы электрич,E32_01; Двигатели асинхронные,03-RUD-EKSK-OOBR-EX04,Экскаватор №1220,03-RUD-EKSK-OOBR-EXCV; Экскаваторы
157,100000025403,ЭД асинх YJ142A,E03_02,Экскаваторы электрич,E32_01; Двигатели асинхронные,03-RUD-EKSK-OOBR-EX04,Экскаватор №1220,03-RUD-EKSK-OOBR-EXCV; Экскаваторы
158,100000025404,ЭД асинх 1LE0002-1BC2 3-3FA4 132M,E03_02,Экскаваторы электрич,E32_01; Двигатели асинхронные,03-RUD-EKSK-OOBR-EX04,Экскаватор №1220,03-RUD-EKSK-OOBR-EXCV; Экскаваторы
159,100000025405,ЭД асинх 1LE0002-1BC2 3-3FA4 132M,E03_02,Экскаваторы электрич,E32_01; Двигатели асинхронные,03-RUD-EKSK-OOBR-EX04,Экскаватор №1220,03-RUD-EKSK-OOBR-EXCV; Экскаваторы
160,100000025406,ЭД асинх YJ80A1,E03_02,Экскаваторы электрич,E32_01; Двигатели асинхронные,03-RUD-EKSK-OOBR-EX04,Экскаватор №1220,03-RUD-EKSK-OOBR-EXCV; Экскаваторы
161,100000025407,ЭД асинх YJ80A1,E03_02,Экскаваторы электрич,E32_01; Двигатели асинхронные,03-RUD-EKSK-OOBR-EX04,Экскаватор №1220,03-RUD-EKSK-OOBR-EXCV; Экскаваторы
162,100000009793,Редуктор бортовой правый,E01_01,Самосвалы карьерные,S00; Узлы,03-CTT-KD04,Самосвал №1612,03-CTT-K787; Самосвалы Komatsu HD785-7
163,100000073791,Экскаватор гидравл. PC400-7 №1215,E03_01,Экскаваторы гидравли,E03_01; Экскаваторы гидравлические,03-RUD-EKSK-VOBR-EX08,Экскаватор №1215,03-RUD-EKSK-VOBR-EXCV; Экскаваторы
