Unnamed: 0,eo_code,eo_model_name,eo_model_id,strategy_id,eo_description,teh_mesto,mvz,eo_class_code,eo_class_description,eo_main_code,eo_main_description,eo_main_class_code,eo_main_class_description,teh_mesto_description,level_upper,code,level_1,level_1_code,level_2_code,level_2_path,level_3_code,level_5,level_6,level_7,level_8,operation_start_date,avearage_day_operation_hours,operation_finish_date,level_1_description,constr_type,avearage_day_operation_hours_updated,avearage_day_operation_hours 2,operation_status 01.03.2022,Дата ввода в экспл.(полностью включая день),Плановая дата вывода из эксплуат.(полностью включая день),Наработка 1.03.2022,ТипЕдОборуд,constr_type_description,Дата списания,Дата последнего капитального ремонта,Вышестоящая ЕО,Unnamed: 42,Unnamed: 43
46479,100000062379,Самосвалы CAT 785C,65,4,Самосвал карьерный 785C №411,11-RUD-CGTR-SEBT-CC11,1113011620,E01_01,Самосвалы карьерные,100000062379,Самосвал карьерный 785C №411,E01_01,Самосвалы карьерные,Самосвал карьерный №411,11-RUD-CGTR-SEBT-C785,first11-RUD-CGTR-SEBT-CC11,first11,11,RUD,11-RUD,CGTR,-,CGTR,SEBT,no_data,2009-10-02,19.18,2023-02-01,Олимпиадинский ГОК,960000001,"19,17808219","19,17808219",Эксплуатация,02.10.2009,01.02.2023,"96638,5",,,,,,,
51420,100000062380,Самосвалы CAT 785C,65,4,Самосвал карьерный 785C №424,11-RUD-CGTR-SEBT-CC23,1113011620,E01_01,Самосвалы карьерные,100000062380,Самосвал карьерный 785C №424,E01_01,Самосвалы карьерные,Самосвал карьерный №424,11-RUD-CGTR-SEBT-C785,first11-RUD-CGTR-SEBT-CC23,first11,11,RUD,11-RUD,CGTR,-,CGTR,SEBT,no_data,2011-05-20,19.55,2023-07-01,Олимпиадинский ГОК,960000001,"19,55342466","19,55342466",Эксплуатация,20.05.2011,01.07.2023,"81100,89",,,,,,,
51539,100000065606,Самосвалы CAT 785C,65,4,Самосвал карьерный 785C №501,11-RUD-CGTR-SEBT-CC50,1113011620,E01_01,Самосвалы карьерные,100000065606,Самосвал карьерный 785C №501,E01_01,Самосвалы карьерные,Самосвал карьерный №501,11-RUD-CGTR-SEBT-C785,first11-RUD-CGTR-SEBT-CC50,first11,11,RUD,11-RUD,CGTR,-,CGTR,SEBT,no_data,2010-12-16,20.0,2023-07-01,Олимпиадинский ГОК,960000001,20,20,Эксплуатация,16.12.2010,01.07.2023,"90365,25",,,,,,,
51581,100000065607,Самосвалы CAT 785C,65,4,Самосвал карьерный 785C №502,11-RUD-CGTR-SEBT-CC51,1113011620,E01_01,Самосвалы карьерные,100000065607,Самосвал карьерный 785C №502,E01_01,Самосвалы карьерные,Самосвал карьерный №502,11-RUD-CGTR-SEBT-C785,first11-RUD-CGTR-SEBT-CC51,first11,11,RUD,11-RUD,CGTR,-,CGTR,SEBT,no_data,2010-12-16,20.0,2023-07-01,Олимпиадинский ГОК,960000001,20,20,Эксплуатация,16.12.2010,01.07.2023,"85083,09",,,,,,,
51595,100000065608,Самосвалы CAT 785C,65,4,Самосвал карьерный 785C №503,11-RUD-CGTR-SEBT-CC52,1113011620,E01_01,Самосвалы карьерные,100000065608,Самосвал карьерный 785C №503,E01_01,Самосвалы карьерные,Самосвал карьерный №503,11-RUD-CGTR-SEBT-C785,first11-RUD-CGTR-SEBT-CC52,first11,11,RUD,11-RUD,CGTR,-,CGTR,SEBT,no_data,2010-12-16,20.0,2023-07-01,Олимпиадинский ГОК,960000001,20,20,Эксплуатация,16.12.2010,01.07.2023,"85470,31",,,,,,,
51598,100000065609,Самосвалы CAT 785C,65,4,Самосвал карьерный 785C №504,11-RUD-CGTR-SEBT-CC53,1113011620,E01_01,Самосвалы карьерные,100000065609,Самосвал карьерный 785C №504,E01_01,Самосвалы карьерные,Самосвал карьерный №504,11-RUD-CGTR-SEBT-C785,first11-RUD-CGTR-SEBT-CC53,first11,11,RUD,11-RUD,CGTR,-,CGTR,SEBT,no_data,2010-12-31,20.0,2023-07-01,Олимпиадинский ГОК,960000001,20,20,Эксплуатация,31.12.2010,01.07.2023,"83342,11",,,,,,,
51605,100000065611,Самосвалы CAT 785C,65,4,Самосвал карьерный 785C №505,11-RUD-CGTR-SEBT-CC54,1113011620,E01_01,Самосвалы карьерные,100000065611,Самосвал карьерный 785C №505,E01_01,Самосвалы карьерные,Самосвал карьерный №505,11-RUD-CGTR-SEBT-C785,first11-RUD-CGTR-SEBT-CC54,first11,11,RUD,11-RUD,CGTR,-,CGTR,SEBT,no_data,2010-12-31,20.0,2023-07-01,Олимпиадинский ГОК,960000001,20,20,Эксплуатация,31.12.2010,01.07.2023,"86496,86",,,,,,,
51615,100000065967,Самосвалы CAT 785C,65,4,Самосвал карьерный 785C №423,11-RUD-CGTR-SEBT-CC22,1113011620,E01_01,Самосвалы карьерные,100000065967,Самосвал карьерный 785C №423,E01_01,Самосвалы карьерные,Самосвал карьерный №423,11-RUD-CGTR-SEBT-C785,first11-RUD-CGTR-SEBT-CC22,first11,11,RUD,11-RUD,CGTR,-,CGTR,SEBT,no_data,2011-05-20,20.27,2023-07-01,Олимпиадинский ГОК,960000001,"20,2739726","20,2739726",Эксплуатация,20.05.2011,01.07.2023,"80949,17",,,,,,,
51624,100000065612,Самосвалы CAT 785C,65,4,Самосвал карьерный 785C №506,11-RUD-CGTR-SEBT-CC55,1113011620,E01_01,Самосвалы карьерные,100000065612,Самосвал карьерный 785C №506,E01_01,Самосвалы карьерные,Самосвал карьерный №506,11-RUD-CGTR-SEBT-C785,first11-RUD-CGTR-SEBT-CC55,first11,11,RUD,11-RUD,CGTR,-,CGTR,SEBT,no_data,2011-01-31,20.0,2023-07-01,Олимпиадинский ГОК,960000001,20,20,Эксплуатация,31.01.2011,01.07.2023,"88317,94",,,,,,,
51633,100000065613,Самосвалы CAT 785C,65,4,Самосвал карьерный 785C №507,11-RUD-CGTR-SEBT-CC56,1113011620,E01_01,Самосвалы карьерные,100000065613,Самосвал карьерный 785C №507,E01_01,Самосвалы карьерные,Самосвал карьерный №507,11-RUD-CGTR-SEBT-C785,first11-RUD-CGTR-SEBT-CC56,first11,11,RUD,11-RUD,CGTR,-,CGTR,SEBT,no_data,2011-01-31,20.0,2023-07-01,Олимпиадинский ГОК,960000001,20,20,Эксплуатация,31.01.2011,01.07.2023,"87416,61",,,,,,,
51640,100000065614,Самосвалы CAT 785C,65,4,Самосвал карьерный 785C №508,11-RUD-CGTR-SEBT-CC57,1113011620,E01_01,Самосвалы карьерные,100000065614,Самосвал карьерный 785C №508,E01_01,Самосвалы карьерные,Самосвал карьерный №508,11-RUD-CGTR-SEBT-C785,first11-RUD-CGTR-SEBT-CC57,first11,11,RUD,11-RUD,CGTR,-,CGTR,SEBT,no_data,2011-02-28,20.0,2023-07-01,Олимпиадинский ГОК,960000001,20,20,Эксплуатация,28.02.2011,01.07.2023,"86337,42",,,,,,,
51669,100000065615,Самосвалы CAT 785C,65,4,Самосвал карьерный 785C №509,11-RUD-CGTR-SEBT-CC58,1113011620,E01_01,Самосвалы карьерные,100000065615,Самосвал карьерный 785C №509,E01_01,Самосвалы карьерные,Самосвал карьерный №509,11-RUD-CGTR-SEBT-C785,first11-RUD-CGTR-SEBT-CC58,first11,11,RUD,11-RUD,CGTR,-,CGTR,SEBT,no_data,2011-02-18,20.0,2023-07-01,Олимпиадинский ГОК,960000001,20,20,Эксплуатация,18.02.2011,01.07.2023,"85427,7",,,,,,,
51706,100000065616,Самосвалы CAT 785C,65,4,Самосвал карьерный 785C №510,11-RUD-CGTR-SEBT-CC59,1113011620,E01_01,Самосвалы карьерные,100000065616,Самосвал карьерный 785C №510,E01_01,Самосвалы карьерные,Самосвал карьерный №510,11-RUD-CGTR-SEBT-C785,first11-RUD-CGTR-SEBT-CC59,first11,11,RUD,11-RUD,CGTR,-,CGTR,SEBT,no_data,2011-02-28,20.0,2023-07-01,Олимпиадинский ГОК,960000001,20,20,Эксплуатация,28.02.2011,01.07.2023,"87705,88",,,,,,,
51861,100000065617,Самосвалы CAT 785C,65,4,Самосвал карьерный 785C №511,11-RUD-CGTR-SEBT-CC60,1113011620,E01_01,Самосвалы карьерные,100000065617,Самосвал карьерный 785C №511,E01_01,Самосвалы карьерные,Самосвал карьерный №511,11-RUD-CGTR-SEBT-C785,first11-RUD-CGTR-SEBT-CC60,first11,11,RUD,11-RUD,CGTR,-,CGTR,SEBT,no_data,2011-02-28,20.0,2023-07-01,Олимпиадинский ГОК,960000001,20,20,Эксплуатация,28.02.2011,01.07.2023,"84103,72",,,,,,,
51874,100000065618,Самосвалы CAT 785C,65,4,Самосвал карьерный 785C №512,11-RUD-CGTR-SEBT-CC61,1113011620,E01_01,Самосвалы карьерные,100000065618,Самосвал карьерный 785C №512,E01_01,Самосвалы карьерные,Самосвал карьерный №512,11-RUD-CGTR-SEBT-C785,first11-RUD-CGTR-SEBT-CC61,first11,11,RUD,11-RUD,CGTR,-,CGTR,SEBT,no_data,2011-03-31,20.27,2023-07-01,Олимпиадинский ГОК,960000001,"20,2739726","20,2739726",Эксплуатация,31.03.2011,01.07.2023,85973,,,,,,,
52183,100000065619,Самосвалы CAT 785C,65,4,Самосвал карьерный 785C №514,11-RUD-CGTR-SEBT-CC62,1113011620,E01_01,Самосвалы карьерные,100000065619,Самосвал карьерный 785C №514,E01_01,Самосвалы карьерные,Самосвал карьерный №514,11-RUD-CGTR-SEBT-C785,first11-RUD-CGTR-SEBT-CC62,first11,11,RUD,11-RUD,CGTR,-,CGTR,SEBT,no_data,2011-03-31,20.0,2023-07-01,Олимпиадинский ГОК,960000001,20,20,Эксплуатация,31.03.2011,01.07.2023,"81411,13",,,,,,,
52342,100000065620,Самосвалы CAT 785C,65,4,Самосвал карьерный 785C №515,11-RUD-CGTR-SEBT-CC63,1113011620,E01_01,Самосвалы карьерные,100000065620,Самосвал карьерный 785C №515,E01_01,Самосвалы карьерные,Самосвал карьерный №515,11-RUD-CGTR-SEBT-C785,first11-RUD-CGTR-SEBT-CC63,first11,11,RUD,11-RUD,CGTR,-,CGTR,SEBT,no_data,2011-04-30,20.27,2023-07-01,Олимпиадинский ГОК,960000001,"20,2739726","20,2739726",Эксплуатация,30.04.2011,01.07.2023,"85986,22",,,,,,,
52351,100000065968,Самосвалы CAT 785C,65,4,Самосвал карьерный 785C №416,11-RUD-CGTR-SEBT-CC15,1113011620,E01_01,Самосвалы карьерные,100000065968,Самосвал карьерный 785C №416,E01_01,Самосвалы карьерные,Самосвал карьерный №416,11-RUD-CGTR-SEBT-C785,first11-RUD-CGTR-SEBT-CC15,first11,11,RUD,11-RUD,CGTR,-,CGTR,SEBT,no_data,2011-04-30,20.27,2023-07-01,Олимпиадинский ГОК,960000001,"20,2739726","20,2739726",Эксплуатация,30.04.2011,01.07.2023,"83649,36",,,,,,,
52359,100000065969,Самосвалы CAT 785C,65,4,Самосвал карьерный 785C №417,11-RUD-CGTR-SEBT-CC16,1113011620,E01_01,Самосвалы карьерные,100000065969,Самосвал карьерный 785C №417,E01_01,Самосвалы карьерные,Самосвал карьерный №417,11-RUD-CGTR-SEBT-C785,first11-RUD-CGTR-SEBT-CC16,first11,11,RUD,11-RUD,CGTR,-,CGTR,SEBT,no_data,2011-04-30,20.27,2023-07-01,Олимпиадинский ГОК,960000001,"20,2739726","20,2739726",Эксплуатация,30.04.2011,01.07.2023,"80693,17",,,,,,,
52370,100000065970,Самосвалы CAT 785C,65,4,Самосвал карьерный 785C №418,11-RUD-CGTR-SEBT-CC17,1113011620,E01_01,Самосвалы карьерные,100000065970,Самосвал карьерный 785C №418,E01_01,Самосвалы карьерные,Самосвал карьерный №418,11-RUD-CGTR-SEBT-C785,first11-RUD-CGTR-SEBT-CC17,first11,11,RUD,11-RUD,CGTR,-,CGTR,SEBT,no_data,2011-04-30,20.27,2023-07-01,Олимпиадинский ГОК,960000001,"20,2739726","20,2739726",Эксплуатация,30.04.2011,01.07.2023,"86186,37",,,,,,,
52382,100000065971,Самосвалы CAT 785C,65,4,Самосвал карьерный 785C №419,11-RUD-CGTR-SEBT-CC18,1113011620,E01_01,Самосвалы карьерные,100000065971,Самосвал карьерный 785C №419,E01_01,Самосвалы карьерные,Самосвал карьерный №419,11-RUD-CGTR-SEBT-C785,first11-RUD-CGTR-SEBT-CC18,first11,11,RUD,11-RUD,CGTR,-,CGTR,SEBT,no_data,2011-04-30,20.27,2023-07-01,Олимпиадинский ГОК,960000001,"20,2739726","20,2739726",Эксплуатация,30.04.2011,01.07.2023,"83894,72",,,,,,,
52741,100000065972,Самосвалы CAT 785C,65,4,Самосвал карьерный 785C №420,11-RUD-CGTR-SEBT-CC19,1113011620,E01_01,Самосвалы карьерные,100000065972,Самосвал карьерный 785C №420,E01_01,Самосвалы карьерные,Самосвал карьерный №420,11-RUD-CGTR-SEBT-C785,first11-RUD-CGTR-SEBT-CC19,first11,11,RUD,11-RUD,CGTR,-,CGTR,SEBT,no_data,2011-04-30,20.27,2023-07-01,Олимпиадинский ГОК,960000001,"20,2739726","20,2739726",Эксплуатация,30.04.2011,01.07.2023,"83969,03",,,,,,,
52754,100000065974,Самосвалы CAT 785C,65,4,Самосвал карьерный 785C №422,11-RUD-CGTR-SEBT-CC21,1113011620,E01_01,Самосвалы карьерные,100000065974,Самосвал карьерный 785C №422,E01_01,Самосвалы карьерные,Самосвал карьерный №422,11-RUD-CGTR-SEBT-C785,first11-RUD-CGTR-SEBT-CC21,first11,11,RUD,11-RUD,CGTR,-,CGTR,SEBT,no_data,2011-04-30,20.27,2023-07-01,Олимпиадинский ГОК,960000001,"20,2739726","20,2739726",Эксплуатация,30.04.2011,01.07.2023,"83384,04",,,,,,,
52771,100000065975,Самосвалы CAT 785C,65,4,Самосвал карьерный 785C №425,11-RUD-CGTR-SEBT-CC24,1113011620,E01_01,Самосвалы карьерные,100000065975,Самосвал карьерный 785C №425,E01_01,Самосвалы карьерные,Самосвал карьерный №425,11-RUD-CGTR-SEBT-C785,first11-RUD-CGTR-SEBT-CC24,first11,11,RUD,11-RUD,CGTR,-,CGTR,SEBT,no_data,2011-05-26,20.72,2023-07-01,Олимпиадинский ГОК,960000001,"20,71780822","20,71780822",Эксплуатация,26.05.2011,01.07.2023,"80234,58",,,,,,,
52796,100000065622,Самосвалы CAT 785C,65,4,Самосвал карьерный 785C №516,11-RUD-CGTR-SEBT-CC64,1113011620,E01_01,Самосвалы карьерные,100000065622,Самосвал карьерный 785C №516,E01_01,Самосвалы карьерные,Самосвал карьерный №516,11-RUD-CGTR-SEBT-C785,first11-RUD-CGTR-SEBT-CC64,first11,11,RUD,11-RUD,CGTR,-,CGTR,SEBT,no_data,2011-05-20,20.27,2023-07-01,Олимпиадинский ГОК,960000001,"20,2739726","20,2739726",Эксплуатация,20.05.2011,01.07.2023,"83784,41",,,,,,,
52812,100000065976,Самосвалы CAT 785C,65,4,Самосвал карьерный 785C №426,11-RUD-CGTR-SEBT-CC25,1113011620,E01_01,Самосвалы карьерные,100000065976,Самосвал карьерный 785C №426,E01_01,Самосвалы карьерные,Самосвал карьерный №426,11-RUD-CGTR-SEBT-C785,first11-RUD-CGTR-SEBT-CC25,first11,11,RUD,11-RUD,CGTR,-,CGTR,SEBT,no_data,2011-07-31,20.27,2023-07-01,Олимпиадинский ГОК,960000001,"20,2739726","20,2739726",Эксплуатация,31.07.2011,01.07.2023,"100779,61",,,,,,,
52870,100000062381,Самосвалы CAT 785C,65,4,Самосвал карьерный 785C №427,11-RUD-CGTR-SEBT-CC26,1113011620,E01_01,Самосвалы карьерные,100000062381,Самосвал карьерный 785C №427,E01_01,Самосвалы карьерные,Самосвал карьерный №427,11-RUD-CGTR-SEBT-C785,first11-RUD-CGTR-SEBT-CC26,first11,11,RUD,11-RUD,CGTR,-,CGTR,SEBT,no_data,2011-07-31,20.27,2023-07-01,Олимпиадинский ГОК,960000001,"20,2739726","20,2739726",Эксплуатация,31.07.2011,01.07.2023,"82349,42",,,,,,,
53034,100000062382,Самосвалы CAT 785C,65,4,Самосвал карьерный 785C №428,11-RUD-CGTR-SEBT-CC27,1113011620,E01_01,Самосвалы карьерные,100000062382,Самосвал карьерный 785C №428,E01_01,Самосвалы карьерные,Самосвал карьерный №428,11-RUD-CGTR-SEBT-C785,first11-RUD-CGTR-SEBT-CC27,first11,11,RUD,11-RUD,CGTR,-,CGTR,SEBT,no_data,2011-07-31,20.27,2023-07-01,Олимпиадинский ГОК,960000001,"20,2739726","20,2739726",Эксплуатация,31.07.2011,01.07.2023,"81210,55",,,,,,,
53035,100000062383,Самосвалы CAT 785C,65,4,Самосвал карьерный 785C №429,11-RUD-CGTR-SEBT-CC28,1113011620,E01_01,Самосвалы карьерные,100000062383,Самосвал карьерный 785C №429,E01_01,Самосвалы карьерные,Самосвал карьерный №429,11-RUD-CGTR-SEBT-C785,first11-RUD-CGTR-SEBT-CC28,first11,11,RUD,11-RUD,CGTR,-,CGTR,SEBT,no_data,2011-07-31,20.27,2023-07-01,Олимпиадинский ГОК,960000001,"20,2739726","20,2739726",Эксплуатация,31.07.2011,01.07.2023,"82182,6",,,,,,,
53043,100000062384,Самосвалы CAT 785C,65,4,Самосвал карьерный 785C №430,11-RUD-CGTR-SEBT-CC29,1113011620,E01_01,Самосвалы карьерные,100000062384,Самосвал карьерный 785C №430,E01_01,Самосвалы карьерные,Самосвал карьерный №430,11-RUD-CGTR-SEBT-C785,first11-RUD-CGTR-SEBT-CC29,first11,11,RUD,11-RUD,CGTR,-,CGTR,SEBT,no_data,2011-08-22,20.27,2023-07-01,Олимпиадинский ГОК,960000001,"20,2739726","20,2739726",Эксплуатация,22.08.2011,01.07.2023,"80449,92",,,,,,,
53057,100000062385,Самосвалы CAT 785C,65,4,Самосвал карьерный 785C №445,11-RUD-CGTR-SEBT-CC44,1113011620,E01_01,Самосвалы карьерные,100000062385,Самосвал карьерный 785C №445,E01_01,Самосвалы карьерные,Самосвал карьерный №445,11-RUD-CGTR-SEBT-C785,first11-RUD-CGTR-SEBT-CC44,first11,11,RUD,11-RUD,CGTR,-,CGTR,SEBT,no_data,2014-06-19,21.26,2025-07-01,Олимпиадинский ГОК,960000001,"21,2630137","21,2630137",Эксплуатация,19.06.2014,01.07.2025,"52817,3",,,,,,,
53099,100000062386,Самосвалы CAT 785C,65,4,Самосвал карьерный 785C №441,11-RUD-CGTR-SEBT-CC40,1113011620,E01_01,Самосвалы карьерные,100000062386,Самосвал карьерный 785C №441,E01_01,Самосвалы карьерные,Самосвал карьерный №441,11-RUD-CGTR-SEBT-C785,first11-RUD-CGTR-SEBT-CC40,first11,11,RUD,11-RUD,CGTR,-,CGTR,SEBT,no_data,2014-06-19,21.26,2025-07-01,Олимпиадинский ГОК,960000001,"21,2630137","21,2630137",Эксплуатация,19.06.2014,01.07.2025,"56469,4",,,,,,,
53155,100000062387,Самосвалы CAT 785C,65,4,Самосвал карьерный 785C №444,11-RUD-CGTR-SEBT-CC43,1113011620,E01_01,Самосвалы карьерные,100000062387,Самосвал карьерный 785C №444,E01_01,Самосвалы карьерные,Самосвал карьерный №444,11-RUD-CGTR-SEBT-C785,first11-RUD-CGTR-SEBT-CC43,first11,11,RUD,11-RUD,CGTR,-,CGTR,SEBT,no_data,2014-06-19,21.26,2025-07-01,Олимпиадинский ГОК,960000001,"21,2630137","21,2630137",Эксплуатация,19.06.2014,01.07.2025,"56759,7",,,,,,,
54001,100000062388,Самосвалы CAT 785C,65,4,Самосвал карьерный 785C №443,11-RUD-CGTR-SEBT-CC42,1113011620,E01_01,Самосвалы карьерные,100000062388,Самосвал карьерный 785C №443,E01_01,Самосвалы карьерные,Самосвал карьерный №443,11-RUD-CGTR-SEBT-C785,first11-RUD-CGTR-SEBT-CC42,first11,11,RUD,11-RUD,CGTR,-,CGTR,SEBT,no_data,2014-06-19,21.26,2025-07-01,Олимпиадинский ГОК,960000001,"21,2630137","21,2630137",Эксплуатация,19.06.2014,01.07.2025,"59548,89",,,,,,,
54004,100000062389,Самосвалы CAT 785C,65,4,Самосвал карьерный 785C №442,11-RUD-CGTR-SEBT-CC41,1113011620,E01_01,Самосвалы карьерные,100000062389,Самосвал карьерный 785C №442,E01_01,Самосвалы карьерные,Самосвал карьерный №442,11-RUD-CGTR-SEBT-C785,first11-RUD-CGTR-SEBT-CC41,first11,11,RUD,11-RUD,CGTR,-,CGTR,SEBT,no_data,2014-06-19,21.26,2025-07-01,Олимпиадинский ГОК,960000001,"21,2630137","21,2630137",Эксплуатация,19.06.2014,01.07.2025,"56741,17",,,,,,,
54036,100000062390,Самосвалы CAT 785C,65,4,Самосвал карьерный 785C №435,11-RUD-CGTR-SEBT-CC34,1113011620,E01_01,Самосвалы карьерные,100000062390,Самосвал карьерный 785C №435,E01_01,Самосвалы карьерные,Самосвал карьерный №435,11-RUD-CGTR-SEBT-C785,first11-RUD-CGTR-SEBT-CC34,first11,11,RUD,11-RUD,CGTR,-,CGTR,SEBT,no_data,2013-07-31,21.26,2025-07-01,Олимпиадинский ГОК,960000001,"21,2630137","21,2630137",Эксплуатация,31.07.2013,01.07.2025,"66868,46",,,,,,,
54043,100000062391,Самосвалы CAT 785C,65,4,Самосвал карьерный 785C №431,11-RUD-CGTR-SEBT-CC30,1113011620,E01_01,Самосвалы карьерные,100000062391,Самосвал карьерный 785C №431,E01_01,Самосвалы карьерные,Самосвал карьерный №431,11-RUD-CGTR-SEBT-C785,first11-RUD-CGTR-SEBT-CC30,first11,11,RUD,11-RUD,CGTR,-,CGTR,SEBT,no_data,2013-07-31,21.26,2025-07-01,Олимпиадинский ГОК,960000001,"21,2630137","21,2630137",Эксплуатация,31.07.2013,01.07.2025,"65213,04",,,,,,,
54056,100000062392,Самосвалы CAT 785C,65,4,Самосвал карьерный 785C №434,11-RUD-CGTR-SEBT-CC33,1113011620,E01_01,Самосвалы карьерные,100000062392,Самосвал карьерный 785C №434,E01_01,Самосвалы карьерные,Самосвал карьерный №434,11-RUD-CGTR-SEBT-C785,first11-RUD-CGTR-SEBT-CC33,first11,11,RUD,11-RUD,CGTR,-,CGTR,SEBT,no_data,2013-07-31,21.26,2025-07-01,Олимпиадинский ГОК,960000001,"21,2630137","21,2630137",Эксплуатация,31.07.2013,01.07.2025,"57877,27",,,,,,,
54069,100000062393,Самосвалы CAT 785C,65,4,Самосвал карьерный 785C №432,11-RUD-CGTR-SEBT-CC31,1113011620,E01_01,Самосвалы карьерные,100000062393,Самосвал карьерный 785C №432,E01_01,Самосвалы карьерные,Самосвал карьерный №432,11-RUD-CGTR-SEBT-C785,first11-RUD-CGTR-SEBT-CC31,first11,11,RUD,11-RUD,CGTR,-,CGTR,SEBT,no_data,2013-07-31,21.26,2025-07-01,Олимпиадинский ГОК,960000001,"21,2630137","21,2630137",Эксплуатация,31.07.2013,01.07.2025,"60451,26",,,,,,,
54078,100000062394,Самосвалы CAT 785C,65,4,Самосвал карьерный 785C №433,11-RUD-CGTR-SEBT-CC32,1113011620,E01_01,Самосвалы карьерные,100000062394,Самосвал карьерный 785C №433,E01_01,Самосвалы карьерные,Самосвал карьерный №433,11-RUD-CGTR-SEBT-C785,first11-RUD-CGTR-SEBT-CC32,first11,11,RUD,11-RUD,CGTR,-,CGTR,SEBT,no_data,2013-07-31,21.26,2025-07-01,Олимпиадинский ГОК,960000001,"21,2630137","21,2630137",Эксплуатация,31.07.2013,01.07.2025,"65770,37",,,,,,,
54110,100000062395,Самосвалы CAT 785C,65,4,Самосвал карьерный 785C №436,11-RUD-CGTR-SEBT-CC35,1113011620,E01_01,Самосвалы карьерные,100000062395,Самосвал карьерный 785C №436,E01_01,Самосвалы карьерные,Самосвал карьерный №436,11-RUD-CGTR-SEBT-C785,first11-RUD-CGTR-SEBT-CC35,first11,11,RUD,11-RUD,CGTR,-,CGTR,SEBT,no_data,2013-12-31,21.26,2025-07-01,Олимпиадинский ГОК,960000001,"21,2630137","21,2630137",Эксплуатация,31.12.2013,01.07.2025,"62963,58",,,,,,,
54218,100000062396,Самосвалы CAT 785C,65,4,Самосвал карьерный 785C №437,11-RUD-CGTR-SEBT-CC36,1113011620,E01_01,Самосвалы карьерные,100000062396,Самосвал карьерный 785C №437,E01_01,Самосвалы карьерные,Самосвал карьерный №437,11-RUD-CGTR-SEBT-C785,first11-RUD-CGTR-SEBT-CC36,first11,11,RUD,11-RUD,CGTR,-,CGTR,SEBT,no_data,2013-12-13,21.26,2025-07-01,Олимпиадинский ГОК,960000001,"21,2630137","21,2630137",Эксплуатация,13.12.2013,01.07.2025,"62976,54",,,,,,,
54249,100000062397,Самосвалы CAT 785C,65,4,Самосвал карьерный 785C №438,11-RUD-CGTR-SEBT-CC37,1113011620,E01_01,Самосвалы карьерные,100000062397,Самосвал карьерный 785C №438,E01_01,Самосвалы карьерные,Самосвал карьерный №438,11-RUD-CGTR-SEBT-C785,first11-RUD-CGTR-SEBT-CC37,first11,11,RUD,11-RUD,CGTR,-,CGTR,SEBT,no_data,2013-12-31,21.26,2025-07-01,Олимпиадинский ГОК,960000001,"21,2630137","21,2630137",Эксплуатация,31.12.2013,01.07.2025,"63663,38",,,,,,,
54262,100000062398,Самосвалы CAT 785C,65,4,Самосвал карьерный 785C №439,11-RUD-CGTR-SEBT-CC38,1113011620,E01_01,Самосвалы карьерные,100000062398,Самосвал карьерный 785C №439,E01_01,Самосвалы карьерные,Самосвал карьерный №439,11-RUD-CGTR-SEBT-C785,first11-RUD-CGTR-SEBT-CC38,first11,11,RUD,11-RUD,CGTR,-,CGTR,SEBT,no_data,2013-12-13,21.26,2025-07-01,Олимпиадинский ГОК,960000001,"21,2630137","21,2630137",Эксплуатация,13.12.2013,01.07.2025,"60723,55",,,,,,,
54282,100000062399,Самосвалы CAT 785C,65,4,Самосвал карьерный 785C №440,11-RUD-CGTR-SEBT-CC39,1113011620,E01_01,Самосвалы карьерные,100000062399,Самосвал карьерный 785C №440,E01_01,Самосвалы карьерные,Самосвал карьерный №440,11-RUD-CGTR-SEBT-C785,first11-RUD-CGTR-SEBT-CC39,first11,11,RUD,11-RUD,CGTR,-,CGTR,SEBT,no_data,2013-12-13,21.26,2025-07-01,Олимпиадинский ГОК,960000001,"21,2630137","21,2630137",Эксплуатация,13.12.2013,01.07.2025,"62457,84",,,,,,,
54313,100000065623,Самосвалы CAT 785C,65,4,Самосвал карьерный 785C №525,11-RUD-CGTR-SEBT-CC73,1113011620,E01_01,Самосвалы карьерные,100000065623,Самосвал карьерный 785C №525,E01_01,Самосвалы карьерные,Самосвал карьерный №525,11-RUD-CGTR-SEBT-C785,first11-RUD-CGTR-SEBT-CC73,first11,11,RUD,11-RUD,CGTR,-,CGTR,SEBT,no_data,2013-12-13,21.26,2025-07-01,Олимпиадинский ГОК,960000001,"21,2630137","21,2630137",Эксплуатация,13.12.2013,01.07.2025,"65103,87",,,,,,,
54352,100000065624,Самосвалы CAT 785C,65,4,Самосвал карьерный 785C №524,11-RUD-CGTR-SEBT-CC72,1113011620,E01_01,Самосвалы карьерные,100000065624,Самосвал карьерный 785C №524,E01_01,Самосвалы карьерные,Самосвал карьерный №524,11-RUD-CGTR-SEBT-C785,first11-RUD-CGTR-SEBT-CC72,first11,11,RUD,11-RUD,CGTR,-,CGTR,SEBT,no_data,2013-12-13,21.26,2025-07-01,Олимпиадинский ГОК,960000001,"21,2630137","21,2630137",Эксплуатация,13.12.2013,01.07.2025,"63558,21",,,,,,,
54390,100000065625,Самосвалы CAT 785C,65,4,Самосвал карьерный 785C №526,11-RUD-CGTR-SEBT-CC74,1113011620,E01_01,Самосвалы карьерные,100000065625,Самосвал карьерный 785C №526,E01_01,Самосвалы карьерные,Самосвал карьерный №526,11-RUD-CGTR-SEBT-C785,first11-RUD-CGTR-SEBT-CC74,first11,11,RUD,11-RUD,CGTR,-,CGTR,SEBT,no_data,2013-12-31,21.26,2025-07-01,Олимпиадинский ГОК,960000001,"21,2630137","21,2630137",Эксплуатация,31.12.2013,01.07.2025,"61688,01",,,,,,,
54398,100000065626,Самосвалы CAT 785C,65,4,Самосвал карьерный 785C №523,11-RUD-CGTR-SEBT-CC71,1113011620,E01_01,Самосвалы карьерные,100000065626,Самосвал карьерный 785C №523,E01_01,Самосвалы карьерные,Самосвал карьерный №523,11-RUD-CGTR-SEBT-C785,first11-RUD-CGTR-SEBT-CC71,first11,11,RUD,11-RUD,CGTR,-,CGTR,SEBT,no_data,2013-12-13,21.26,2025-07-01,Олимпиадинский ГОК,960000001,"21,2630137","21,2630137",Эксплуатация,13.12.2013,01.07.2025,"64449,65",,,,,,,
54401,100000065627,Самосвалы CAT 785C,65,4,Самосвал карьерный 785C №527,11-RUD-CGTR-SEBT-CC75,1113011620,E01_01,Самосвалы карьерные,100000065627,Самосвал карьерный 785C №527,E01_01,Самосвалы карьерные,Самосвал карьерный №527,11-RUD-CGTR-SEBT-C785,first11-RUD-CGTR-SEBT-CC75,first11,11,RUD,11-RUD,CGTR,-,CGTR,SEBT,no_data,2013-12-31,21.26,2025-07-01,Олимпиадинский ГОК,960000001,"21,2630137","21,2630137",Эксплуатация,31.12.2013,01.07.2025,"62945,31",,,,,,,
54402,100000065628,Самосвалы CAT 785C,65,4,Самосвал карьерный 785C №528,11-RUD-CGTR-SEBT-CC76,1113011620,E01_01,Самосвалы карьерные,100000065628,Самосвал карьерный 785C №528,E01_01,Самосвалы карьерные,Самосвал карьерный №528,11-RUD-CGTR-SEBT-C785,first11-RUD-CGTR-SEBT-CC76,first11,11,RUD,11-RUD,CGTR,-,CGTR,SEBT,no_data,2014-02-28,21.26,2025-07-01,Олимпиадинский ГОК,960000001,"21,2630137","21,2630137",Эксплуатация,28.02.2014,01.07.2025,"55097,68",,,,,,,
54407,100000065629,Самосвалы CAT 785C,65,4,Самосвал карьерный 785C №531,11-RUD-CGTR-SEBT-CC79,1113011620,E01_01,Самосвалы карьерные,100000065629,Самосвал карьерный 785C №531,E01_01,Самосвалы карьерные,Самосвал карьерный №531,11-RUD-CGTR-SEBT-C785,first11-RUD-CGTR-SEBT-CC79,first11,11,RUD,11-RUD,CGTR,-,CGTR,SEBT,no_data,2021-07-03,21.57,2025-07-01,Олимпиадинский ГОК,960000001,"21,57260274","21,57260274",Эксплуатация,03.07.2021,01.07.2025,62335,,,,,,,
54413,100000065630,Самосвалы CAT 785C,65,4,Самосвал карьерный 785C №529,11-RUD-CGTR-SEBT-CC77,1113011620,E01_01,Самосвалы карьерные,100000065630,Самосвал карьерный 785C №529,E01_01,Самосвалы карьерные,Самосвал карьерный №529,11-RUD-CGTR-SEBT-C785,first11-RUD-CGTR-SEBT-CC77,first11,11,RUD,11-RUD,CGTR,-,CGTR,SEBT,no_data,2014-02-28,21.26,2025-07-01,Олимпиадинский ГОК,960000001,"21,2630137","21,2630137",Эксплуатация,28.02.2014,01.07.2025,"62184,58",,,,,,,
54425,100000065631,Самосвалы CAT 785C,65,4,Самосвал карьерный 785C №532,11-RUD-CGTR-SEBT-CC80,1113011620,E01_01,Самосвалы карьерные,100000065631,Самосвал карьерный 785C №532,E01_01,Самосвалы карьерные,Самосвал карьерный №532,11-RUD-CGTR-SEBT-C785,first11-RUD-CGTR-SEBT-CC80,first11,11,RUD,11-RUD,CGTR,-,CGTR,SEBT,no_data,2014-02-28,21.26,2025-07-01,Олимпиадинский ГОК,960000001,"21,2630137","21,2630137",Эксплуатация,28.02.2014,01.07.2025,"58787,04",,,,,,,
54434,100000065632,Самосвалы CAT 785C,65,4,Самосвал карьерный 785C №530,11-RUD-CGTR-SEBT-CC78,1113011620,E01_01,Самосвалы карьерные,100000065632,Самосвал карьерный 785C №530,E01_01,Самосвалы карьерные,Самосвал карьерный №530,11-RUD-CGTR-SEBT-C785,first11-RUD-CGTR-SEBT-CC78,first11,11,RUD,11-RUD,CGTR,-,CGTR,SEBT,no_data,2014-02-28,21.26,2025-07-01,Олимпиадинский ГОК,960000001,"21,2630137","21,2630137",Эксплуатация,28.02.2014,01.07.2025,"59497,8",,,,,,,
54456,100000065633,Самосвалы CAT 785C,65,4,Самосвал карьерный 785C №533,11-RUD-CGTR-SEBT-CC81,1113011620,E01_01,Самосвалы карьерные,100000065633,Самосвал карьерный 785C №533,E01_01,Самосвалы карьерные,Самосвал карьерный №533,11-RUD-CGTR-SEBT-C785,first11-RUD-CGTR-SEBT-CC81,first11,11,RUD,11-RUD,CGTR,-,CGTR,SEBT,no_data,2014-03-06,21.26,2025-07-01,Олимпиадинский ГОК,960000001,"21,2630137","21,2630137",Эксплуатация,06.03.2014,01.07.2025,"59498,39",,,,,,,
54483,100000065634,Самосвалы CAT 785C,65,4,Самосвал карьерный 785C №534,11-RUD-CGTR-SEBT-CC82,1113011620,E01_01,Самосвалы карьерные,100000065634,Самосвал карьерный 785C №534,E01_01,Самосвалы карьерные,Самосвал карьерный №534,11-RUD-CGTR-SEBT-C785,first11-RUD-CGTR-SEBT-CC82,first11,11,RUD,11-RUD,CGTR,-,CGTR,SEBT,no_data,2014-03-06,21.36,2025-07-01,Олимпиадинский ГОК,960000001,"21,36164384","21,36164384",Эксплуатация,06.03.2014,01.07.2025,"60897,49",,,,,,,
54567,100000065635,Самосвалы CAT 785C,65,4,Самосвал карьерный 785C №536,11-RUD-CGTR-SEBT-CC84,1113011620,E01_01,Самосвалы карьерные,100000065635,Самосвал карьерный 785C №536,E01_01,Самосвалы карьерные,Самосвал карьерный №536,11-RUD-CGTR-SEBT-C785,first11-RUD-CGTR-SEBT-CC84,first11,11,RUD,11-RUD,CGTR,-,CGTR,SEBT,no_data,2014-03-06,21.35,2025-07-01,Олимпиадинский ГОК,960000001,"21,35068493","21,35068493",Эксплуатация,06.03.2014,01.07.2025,"62188,36",,,,,,,
54585,100000065636,Самосвалы CAT 785C,65,4,Самосвал карьерный 785C №535,11-RUD-CGTR-SEBT-CC83,1113011620,E01_01,Самосвалы карьерные,100000065636,Самосвал карьерный 785C №535,E01_01,Самосвалы карьерные,Самосвал карьерный №535,11-RUD-CGTR-SEBT-C785,first11-RUD-CGTR-SEBT-CC83,first11,11,RUD,11-RUD,CGTR,-,CGTR,SEBT,no_data,2014-03-06,21.26,2025-07-01,Олимпиадинский ГОК,960000001,"21,2630137","21,2630137",Эксплуатация,06.03.2014,01.07.2025,"59595,11",,,,,,,
54722,100000065637,Самосвалы CAT 785C,65,4,Самосвал карьерный 785C №518,11-RUD-CGTR-SEBT-CC66,1113011620,E01_01,Самосвалы карьерные,100000065637,Самосвал карьерный 785C №518,E01_01,Самосвалы карьерные,Самосвал карьерный №518,11-RUD-CGTR-SEBT-C785,first11-RUD-CGTR-SEBT-CC66,first11,11,RUD,11-RUD,CGTR,-,CGTR,SEBT,no_data,2012-07-05,20.55,2024-07-01,Олимпиадинский ГОК,960000001,"20,54794521","20,54794521",Эксплуатация,05.07.2012,01.07.2024,"74426,35",,,,,,,
54746,100000065638,Самосвалы CAT 785C,65,4,Самосвал карьерный 785C №520,11-RUD-CGTR-SEBT-CC68,1113011620,E01_01,Самосвалы карьерные,100000065638,Самосвал карьерный 785C №520,E01_01,Самосвалы карьерные,Самосвал карьерный №520,11-RUD-CGTR-SEBT-C785,first11-RUD-CGTR-SEBT-CC68,first11,11,RUD,11-RUD,CGTR,-,CGTR,SEBT,no_data,2012-07-05,20.55,2024-07-01,Олимпиадинский ГОК,960000001,"20,54794521","20,54794521",Эксплуатация,05.07.2012,01.07.2024,"71588,21",,,,,,,
54824,100000065639,Самосвалы CAT 785C,65,4,Самосвал карьерный 785C №519,11-RUD-CGTR-SEBT-CC67,1113011620,E01_01,Самосвалы карьерные,100000065639,Самосвал карьерный 785C №519,E01_01,Самосвалы карьерные,Самосвал карьерный №519,11-RUD-CGTR-SEBT-C785,first11-RUD-CGTR-SEBT-CC67,first11,11,RUD,11-RUD,CGTR,-,CGTR,SEBT,no_data,2012-07-05,20.55,2024-07-01,Олимпиадинский ГОК,960000001,"20,54794521","20,54794521",Эксплуатация,05.07.2012,01.07.2024,"73710,7",,,,,,,
54827,100000065640,Самосвалы CAT 785C,65,4,Самосвал карьерный 785C №517,11-RUD-CGTR-SEBT-CC65,1113011620,E01_01,Самосвалы карьерные,100000065640,Самосвал карьерный 785C №517,E01_01,Самосвалы карьерные,Самосвал карьерный №517,11-RUD-CGTR-SEBT-C785,first11-RUD-CGTR-SEBT-CC65,first11,11,RUD,11-RUD,CGTR,-,CGTR,SEBT,no_data,2012-07-05,20.55,2024-07-01,Олимпиадинский ГОК,960000001,"20,54794521","20,54794521",Эксплуатация,05.07.2012,01.07.2024,"71937,24",,,,,,,
54831,100000065641,Самосвалы CAT 785C,65,4,Самосвал карьерный 785C №521,11-RUD-CGTR-SEBT-CC69,1113011620,E01_01,Самосвалы карьерные,100000065641,Самосвал карьерный 785C №521,E01_01,Самосвалы карьерные,Самосвал карьерный №521,11-RUD-CGTR-SEBT-C785,first11-RUD-CGTR-SEBT-CC69,first11,11,RUD,11-RUD,CGTR,-,CGTR,SEBT,no_data,2012-09-30,20.55,2024-07-01,Олимпиадинский ГОК,960000001,"20,54794521","20,54794521",Эксплуатация,30.09.2012,01.07.2024,"72281,64",,,,,,,
54933,100000065643,Самосвалы CAT 785C,65,4,Самосвал карьерный 785C №522,11-RUD-CGTR-SEBT-CC70,1113011620,E01_01,Самосвалы карьерные,100000065643,Самосвал карьерный 785C №522,E01_01,Самосвалы карьерные,Самосвал карьерный №522,11-RUD-CGTR-SEBT-C785,first11-RUD-CGTR-SEBT-CC70,first11,11,RUD,11-RUD,CGTR,-,CGTR,SEBT,no_data,2012-09-30,20.55,2024-07-01,Олимпиадинский ГОК,960000001,"20,54794521","20,54794521",Эксплуатация,30.09.2012,01.07.2024,"71408,38",,,,,,,
55061,100000065977,Самосвалы CAT 785C,65,4,Самосвал карьерный 785C №446,11-RUD-CGTR-SEBT-CC45,1113011620,E01_01,Самосвалы карьерные,100000065977,Самосвал карьерный 785C №446,E01_01,Самосвалы карьерные,Самосвал карьерный №446,11-RUD-CGTR-SEBT-C785,first11-RUD-CGTR-SEBT-CC45,first11,11,RUD,11-RUD,CGTR,-,CGTR,SEBT,no_data,2016-08-10,21.57,2030-07-01,Олимпиадинский ГОК,960000001,"21,57260274","21,57260274",Эксплуатация,10.08.2016,01.07.2030,"42660,98",,,,,,,
55106,100000065978,Самосвалы CAT 785C,65,4,Самосвал карьерный 785C №447,11-RUD-CGTR-SEBT-CC46,1113011620,E01_01,Самосвалы карьерные,100000065978,Самосвал карьерный 785C №447,E01_01,Самосвалы карьерные,Самосвал карьерный №447,11-RUD-CGTR-SEBT-C785,first11-RUD-CGTR-SEBT-CC46,first11,11,RUD,11-RUD,CGTR,-,CGTR,SEBT,no_data,2016-08-10,21.57,2030-07-01,Олимпиадинский ГОК,960000001,"21,57260274","21,57260274",Эксплуатация,10.08.2016,01.07.2030,"43498,94",,,,,,,
55113,100000065979,Самосвалы CAT 785C,65,4,Самосвал карьерный 785C №448,11-RUD-CGTR-SEBT-CC47,1113011620,E01_01,Самосвалы карьерные,100000065979,Самосвал карьерный 785C №448,E01_01,Самосвалы карьерные,Самосвал карьерный №448,11-RUD-CGTR-SEBT-C785,first11-RUD-CGTR-SEBT-CC47,first11,11,RUD,11-RUD,CGTR,-,CGTR,SEBT,no_data,2016-08-10,21.57,2030-07-01,Олимпиадинский ГОК,960000001,"21,57260274","21,57260274",Эксплуатация,10.08.2016,01.07.2030,"43452,55",,,,,,,
55126,100000065980,Самосвалы CAT 785C,65,4,Самосвал карьерный 785C №449,11-RUD-CGTR-SEBT-CC48,1113011620,E01_01,Самосвалы карьерные,100000065980,Самосвал карьерный 785C №449,E01_01,Самосвалы карьерные,Самосвал карьерный №449,11-RUD-CGTR-SEBT-C785,first11-RUD-CGTR-SEBT-CC48,first11,11,RUD,11-RUD,CGTR,-,CGTR,SEBT,no_data,2016-08-10,21.26,2030-07-01,Олимпиадинский ГОК,960000001,"21,2630137","21,2630137",Эксплуатация,10.08.2016,01.07.2030,"44110,34",,,,,,,
55139,100000065981,Самосвалы CAT 785C,65,4,Самосвал карьерный 785C №450,11-RUD-CGTR-SEBT-CC49,1113011620,E01_01,Самосвалы карьерные,100000065981,Самосвал карьерный 785C №450,E01_01,Самосвалы карьерные,Самосвал карьерный №450,11-RUD-CGTR-SEBT-C785,first11-RUD-CGTR-SEBT-CC49,first11,11,RUD,11-RUD,CGTR,-,CGTR,SEBT,no_data,2016-08-10,21.26,2030-07-01,Олимпиадинский ГОК,960000001,"21,2630137","21,2630137",Эксплуатация,10.08.2016,01.07.2030,"43629,33",,,,,,,
55188,100000065514,Самосвалы CAT 793D,67,5,Самосвал карьерный 793D №701,11-RUD-CGTR-SEBT-CD01,1113011920,E01_01,Самосвалы карьерные,100000065514,Самосвал карьерный 793D №701,E01_01,Самосвалы карьерные,Самосвал карьерный №701,11-RUD-CGTR-SEBT-C793,first11-RUD-CGTR-SEBT-CD01,first11,11,RUD,11-RUD,CGTR,-,CGTR,SEBT,no_data,2017-11-01,20.9,2030-01-01,Олимпиадинский ГОК,960003596,"20,9","20,9",Эксплуатация,01.11.2017,,"33495,63",,,,,,,
55245,100000065515,Самосвалы CAT 793D,67,5,Самосвал карьерный 793D №702,11-RUD-CGTR-SEBT-CD02,1113011920,E01_01,Самосвалы карьерные,100000065515,Самосвал карьерный 793D №702,E01_01,Самосвалы карьерные,Самосвал карьерный №702,11-RUD-CGTR-SEBT-C793,first11-RUD-CGTR-SEBT-CD02,first11,11,RUD,11-RUD,CGTR,-,CGTR,SEBT,no_data,2017-11-03,20.9,2030-01-01,Олимпиадинский ГОК,960003596,"20,9","20,9",Эксплуатация,03.11.2017,,"33854,41",,,,,,,
55274,100000065516,Самосвалы CAT 793D,67,5,Самосвал карьерный 793D №703,11-RUD-CGTR-SEBT-CD03,1113011920,E01_01,Самосвалы карьерные,100000065516,Самосвал карьерный 793D №703,E01_01,Самосвалы карьерные,Самосвал карьерный №703,11-RUD-CGTR-SEBT-C793,first11-RUD-CGTR-SEBT-CD03,first11,11,RUD,11-RUD,CGTR,-,CGTR,SEBT,no_data,2017-11-09,20.9,2030-01-01,Олимпиадинский ГОК,960003596,"20,9","20,9",Эксплуатация,09.11.2017,,"32694,6",,,,,,,
55302,100000065517,Самосвалы CAT 793D,67,5,Самосвал карьерный 793D №704,11-RUD-CGTR-SEBT-CD04,1113011920,E01_01,Самосвалы карьерные,100000065517,Самосвал карьерный 793D №704,E01_01,Самосвалы карьерные,Самосвал карьерный №704,11-RUD-CGTR-SEBT-C793,first11-RUD-CGTR-SEBT-CD04,first11,11,RUD,11-RUD,CGTR,-,CGTR,SEBT,no_data,2017-11-30,20.9,2030-01-01,Олимпиадинский ГОК,960003596,"20,9","20,9",Эксплуатация,30.11.2017,,"33507,17",,,,,,,
55457,100000065518,Самосвалы CAT 793D,67,5,Самосвал карьерный 793D №705,11-RUD-CGTR-SEBT-CD05,1113011920,E01_01,Самосвалы карьерные,100000065518,Самосвал карьерный 793D №705,E01_01,Самосвалы карьерные,Самосвал карьерный №705,11-RUD-CGTR-SEBT-C793,first11-RUD-CGTR-SEBT-CD05,first11,11,RUD,11-RUD,CGTR,-,CGTR,SEBT,no_data,2017-11-30,20.9,2030-01-01,Олимпиадинский ГОК,960003596,"20,9","20,9",Эксплуатация,30.11.2017,,"33722,59",,,,,,,
55465,100000065519,Самосвалы CAT 793D,67,5,Самосвал карьерный 793D №714,11-RUD-CGTR-SEBT-CD13,1113011920,E01_01,Самосвалы карьерные,100000065519,Самосвал карьерный 793D №714,E01_01,Самосвалы карьерные,Самосвал карьерный №714,11-RUD-CGTR-SEBT-C793,first11-RUD-CGTR-SEBT-CD13,first11,11,RUD,11-RUD,CGTR,-,CGTR,SEBT,no_data,2018-02-26,20.7,2030-01-01,Олимпиадинский ГОК,960003596,"20,7","20,7",Эксплуатация,26.02.2018,,"29535,19",,,,,,,
55669,100000065520,Самосвалы CAT 793D,67,5,Самосвал карьерный 793D №706,11-RUD-CGTR-SEBT-CD06,1113011920,E01_01,Самосвалы карьерные,100000065520,Самосвал карьерный 793D №706,E01_01,Самосвалы карьерные,Самосвал карьерный №706,11-RUD-CGTR-SEBT-C793,first11-RUD-CGTR-SEBT-CD06,first11,11,RUD,11-RUD,CGTR,-,CGTR,SEBT,no_data,2017-12-21,20.9,2030-01-01,Олимпиадинский ГОК,960003596,"20,9","20,9",Эксплуатация,21.12.2017,,"32875,91",,,,,,,
56050,100000065521,Самосвалы CAT 793D,67,5,Самосвал карьерный 793D №707,11-RUD-CGTR-SEBT-CD07,1113011920,E01_01,Самосвалы карьерные,100000065521,Самосвал карьерный 793D №707,E01_01,Самосвалы карьерные,Самосвал карьерный №707,11-RUD-CGTR-SEBT-C793,first11-RUD-CGTR-SEBT-CD07,first11,11,RUD,11-RUD,CGTR,-,CGTR,SEBT,no_data,2017-12-18,20.9,2030-01-01,Олимпиадинский ГОК,960003596,"20,9","20,9",Эксплуатация,18.12.2017,,"32498,37",,,,,,,
56051,100000065523,Самосвалы CAT 793D,67,5,Самосвал карьерный 793D №708,11-RUD-CGTR-SEBT-CD08,1113011920,E01_01,Самосвалы карьерные,100000065523,Самосвал карьерный 793D №708,E01_01,Самосвалы карьерные,Самосвал карьерный №708,11-RUD-CGTR-SEBT-C793,first11-RUD-CGTR-SEBT-CD08,first11,11,RUD,11-RUD,CGTR,-,CGTR,SEBT,no_data,2017-12-27,20.9,2030-01-01,Олимпиадинский ГОК,960003596,"20,9","20,9",Эксплуатация,27.12.2017,,"32076,2",,,,,,,
56060,100000065524,Самосвалы CAT 793D,67,5,Самосвал карьерный 793D №710,11-RUD-CGTR-SEBT-CD10,1113011920,E01_01,Самосвалы карьерные,100000065524,Самосвал карьерный 793D №710,E01_01,Самосвалы карьерные,Самосвал карьерный №710,11-RUD-CGTR-SEBT-C793,first11-RUD-CGTR-SEBT-CD10,first11,11,RUD,11-RUD,CGTR,-,CGTR,SEBT,no_data,2018-01-31,20.9,2030-01-01,Олимпиадинский ГОК,960003596,"20,9","20,9",Эксплуатация,31.01.2018,,"31480,9",,,,,,,
56067,100000065525,Самосвалы CAT 793D,67,5,Самосвал карьерный 793D №709,11-RUD-CGTR-SEBT-CD09,1113011920,E01_01,Самосвалы карьерные,100000065525,Самосвал карьерный 793D №709,E01_01,Самосвалы карьерные,Самосвал карьерный №709,11-RUD-CGTR-SEBT-C793,first11-RUD-CGTR-SEBT-CD09,first11,11,RUD,11-RUD,CGTR,-,CGTR,SEBT,no_data,2018-02-05,20.9,2030-01-01,Олимпиадинский ГОК,960003596,"20,9","20,9",Эксплуатация,05.02.2018,,"30656,19",,,,,,,
56074,100000065526,Самосвалы CAT 793D,67,5,Самосвал карьерный 793D №711,11-RUD-CGTR-SEBT-CD11,1113011920,E01_01,Самосвалы карьерные,100000065526,Самосвал карьерный 793D №711,E01_01,Самосвалы карьерные,Самосвал карьерный №711,11-RUD-CGTR-SEBT-C793,first11-RUD-CGTR-SEBT-CD11,first11,11,RUD,11-RUD,CGTR,-,CGTR,SEBT,no_data,2018-02-09,20.9,2030-01-01,Олимпиадинский ГОК,960003596,"20,9","20,9",Эксплуатация,09.02.2018,,"30991,24",,,,,,,
56081,100000065527,Самосвалы CAT 793D,67,5,Самосвал карьерный 793D №712,11-RUD-CGTR-SEBT-CD12,1113011920,E01_01,Самосвалы карьерные,100000065527,Самосвал карьерный 793D №712,E01_01,Самосвалы карьерные,Самосвал карьерный №712,11-RUD-CGTR-SEBT-C793,first11-RUD-CGTR-SEBT-CD12,first11,11,RUD,11-RUD,CGTR,-,CGTR,SEBT,no_data,2018-02-22,20.9,2030-01-01,Олимпиадинский ГОК,960003596,"20,9","20,9",Эксплуатация,22.02.2018,,"28945,49",,,,,,,
56088,100000065528,Самосвалы CAT 793D,67,5,Самосвал карьерный 793D №717,11-RUD-CGTR-SEBT-CD16,1113011920,E01_01,Самосвалы карьерные,100000065528,Самосвал карьерный 793D №717,E01_01,Самосвалы карьерные,Самосвал карьерный №717,11-RUD-CGTR-SEBT-C793,first11-RUD-CGTR-SEBT-CD16,first11,11,RUD,11-RUD,CGTR,-,CGTR,SEBT,no_data,2018-04-10,20.7,2030-01-01,Олимпиадинский ГОК,960003596,"20,7","20,7",Эксплуатация,10.04.2018,,"27737,12",,,,,,,
56102,100000065529,Самосвалы CAT 793D,67,5,Самосвал карьерный 793D №715,11-RUD-CGTR-SEBT-CD14,1113011920,E01_01,Самосвалы карьерные,100000065529,Самосвал карьерный 793D №715,E01_01,Самосвалы карьерные,Самосвал карьерный №715,11-RUD-CGTR-SEBT-C793,first11-RUD-CGTR-SEBT-CD14,first11,11,RUD,11-RUD,CGTR,-,CGTR,SEBT,no_data,2018-04-12,20.7,2030-01-01,Олимпиадинский ГОК,960003596,"20,7","20,7",Эксплуатация,12.04.2018,,"29687,56",,,,,,,
56184,100000065530,Самосвалы CAT 793D,67,5,Самосвал карьерный 793D №716,11-RUD-CGTR-SEBT-CD15,1113011920,E01_01,Самосвалы карьерные,100000065530,Самосвал карьерный 793D №716,E01_01,Самосвалы карьерные,Самосвал карьерный №716,11-RUD-CGTR-SEBT-C793,first11-RUD-CGTR-SEBT-CD15,first11,11,RUD,11-RUD,CGTR,-,CGTR,SEBT,no_data,2018-04-25,20.7,2030-01-01,Олимпиадинский ГОК,960003596,"20,7","20,7",Эксплуатация,25.04.2018,,"28767,89",,,,,,,
56225,100000065531,Самосвалы CAT 793D,67,5,Самосвал карьерный 793D №718,11-RUD-CGTR-SEBT-CD17,1113011920,E01_01,Самосвалы карьерные,100000065531,Самосвал карьерный 793D №718,E01_01,Самосвалы карьерные,Самосвал карьерный №718,11-RUD-CGTR-SEBT-C793,first11-RUD-CGTR-SEBT-CD17,first11,11,RUD,11-RUD,CGTR,-,CGTR,SEBT,no_data,2018-05-03,20.7,2030-01-01,Олимпиадинский ГОК,960003596,"20,7","20,7",Эксплуатация,03.05.2018,,"29845,78",,,,,,,
56412,100000065532,Самосвалы CAT 793D,67,5,Самосвал карьерный 793D №719,11-RUD-CGTR-SEBT-CD18,1113011920,E01_01,Самосвалы карьерные,100000065532,Самосвал карьерный 793D №719,E01_01,Самосвалы карьерные,Самосвал карьерный №719,11-RUD-CGTR-SEBT-C793,first11-RUD-CGTR-SEBT-CD18,first11,11,RUD,11-RUD,CGTR,-,CGTR,SEBT,no_data,2018-05-11,20.7,2030-01-01,Олимпиадинский ГОК,960003596,"20,7","20,7",Эксплуатация,11.05.2018,,"28927,41",,,,,,,
56534,100000065535,Самосвалы CAT 793D,67,5,Самосвал карьерный 793D №720,11-RUD-CGTR-SEBT-CD19,1113011920,E01_01,Самосвалы карьерные,100000065535,Самосвал карьерный 793D №720,E01_01,Самосвалы карьерные,Самосвал карьерный №720,11-RUD-CGTR-SEBT-C793,first11-RUD-CGTR-SEBT-CD19,first11,11,RUD,11-RUD,CGTR,-,CGTR,SEBT,no_data,2018-05-18,20.7,2030-01-01,Олимпиадинский ГОК,960003596,"20,7","20,7",Эксплуатация,18.05.2018,,"28027,71",,,,,,,
56549,100000065536,Самосвалы CAT 793D,67,5,Самосвал карьерный 793D №721,11-RUD-CGTR-SEBT-CD20,1113011920,E01_01,Самосвалы карьерные,100000065536,Самосвал карьерный 793D №721,E01_01,Самосвалы карьерные,Самосвал карьерный №721,11-RUD-CGTR-SEBT-C793,first11-RUD-CGTR-SEBT-CD20,first11,11,RUD,11-RUD,CGTR,-,CGTR,SEBT,no_data,2018-05-24,20.7,2030-01-01,Олимпиадинский ГОК,960003596,"20,7","20,7",Эксплуатация,24.05.2018,,"28975,65",,,,,,,
56764,100000065537,Самосвалы CAT 793D,67,5,Самосвал карьерный 793D №722,11-RUD-CGTR-SEBT-CD21,1113011920,E01_01,Самосвалы карьерные,100000065537,Самосвал карьерный 793D №722,E01_01,Самосвалы карьерные,Самосвал карьерный №722,11-RUD-CGTR-SEBT-C793,first11-RUD-CGTR-SEBT-CD21,first11,11,RUD,11-RUD,CGTR,-,CGTR,SEBT,no_data,2018-05-31,20.7,2030-01-01,Олимпиадинский ГОК,960003596,"20,7","20,7",Эксплуатация,31.05.2018,,"28584,87",,,,,,,
56766,100000065538,Самосвалы CAT 793D,67,5,Самосвал карьерный 793D №723,11-RUD-CGTR-SEBT-CD22,1113011920,E01_01,Самосвалы карьерные,100000065538,Самосвал карьерный 793D №723,E01_01,Самосвалы карьерные,Самосвал карьерный №723,11-RUD-CGTR-SEBT-C793,first11-RUD-CGTR-SEBT-CD22,first11,11,RUD,11-RUD,CGTR,-,CGTR,SEBT,no_data,2018-06-25,20.7,2030-01-01,Олимпиадинский ГОК,960003596,"20,7","20,7",Эксплуатация,25.06.2018,,28470,,,,,,,
56767,100000065539,Самосвалы CAT 793D,67,5,Самосвал карьерный 793D №724,11-RUD-CGTR-SEBT-CD23,1113011920,E01_01,Самосвалы карьерные,100000065539,Самосвал карьерный 793D №724,E01_01,Самосвалы карьерные,Самосвал карьерный №724,11-RUD-CGTR-SEBT-C793,first11-RUD-CGTR-SEBT-CD23,first11,11,RUD,11-RUD,CGTR,-,CGTR,SEBT,no_data,2018-06-30,20.7,2030-01-01,Олимпиадинский ГОК,960003596,"20,7","20,7",Эксплуатация,30.06.2018,,"28034,25",,,,,,,
56772,100000065540,Самосвалы CAT 793D,67,5,Самосвал карьерный 793D №725,11-RUD-CGTR-SEBT-CD24,1113011920,E01_01,Самосвалы карьерные,100000065540,Самосвал карьерный 793D №725,E01_01,Самосвалы карьерные,Самосвал карьерный №725,11-RUD-CGTR-SEBT-C793,first11-RUD-CGTR-SEBT-CD24,first11,11,RUD,11-RUD,CGTR,-,CGTR,SEBT,no_data,2018-07-16,20.7,2030-01-01,Олимпиадинский ГОК,960003596,"20,7","20,7",Эксплуатация,16.07.2018,,"27914,81",,,,,,,
56773,100000065541,Самосвалы CAT 793D,67,5,Самосвал карьерный 793D №726,11-RUD-CGTR-SEBT-CD25,1113011920,E01_01,Самосвалы карьерные,100000065541,Самосвал карьерный 793D №726,E01_01,Самосвалы карьерные,Самосвал карьерный №726,11-RUD-CGTR-SEBT-C793,first11-RUD-CGTR-SEBT-CD25,first11,11,RUD,11-RUD,CGTR,-,CGTR,SEBT,no_data,2018-07-28,20.7,2030-01-01,Олимпиадинский ГОК,960003596,"20,7","20,7",Эксплуатация,28.07.2018,,"27200,12",,,,,,,
56774,100000065542,Самосвалы CAT 793D,67,5,Самосвал карьерный 793D №727,11-RUD-CGTR-SEBT-CD26,1113011920,E01_01,Самосвалы карьерные,100000065542,Самосвал карьерный 793D №727,E01_01,Самосвалы карьерные,Самосвал карьерный №727,11-RUD-CGTR-SEBT-C793,first11-RUD-CGTR-SEBT-CD26,first11,11,RUD,11-RUD,CGTR,-,CGTR,SEBT,no_data,2018-08-02,20.7,2030-01-01,Олимпиадинский ГОК,960003596,"20,7","20,7",Эксплуатация,02.08.2018,,"26747,91",,,,,,,
56793,100000065543,Самосвалы CAT 793D,67,5,Самосвал карьерный 793D №728,11-RUD-CGTR-SEBT-CD27,1113011920,E01_01,Самосвалы карьерные,100000065543,Самосвал карьерный 793D №728,E01_01,Самосвалы карьерные,Самосвал карьерный №728,11-RUD-CGTR-SEBT-C793,first11-RUD-CGTR-SEBT-CD27,first11,11,RUD,11-RUD,CGTR,-,CGTR,SEBT,no_data,2018-08-10,20.7,2030-01-01,Олимпиадинский ГОК,960003596,"20,7","20,7",Эксплуатация,10.08.2018,,"26267,43",,,,,,,
56813,100000065544,Самосвалы CAT 793D,67,5,Самосвал карьерный 793D №729,11-RUD-CGTR-SEBT-CD28,1113011920,E01_01,Самосвалы карьерные,100000065544,Самосвал карьерный 793D №729,E01_01,Самосвалы карьерные,Самосвал карьерный №729,11-RUD-CGTR-SEBT-C793,first11-RUD-CGTR-SEBT-CD28,first11,11,RUD,11-RUD,CGTR,-,CGTR,SEBT,no_data,2018-08-17,20.7,2030-01-01,Олимпиадинский ГОК,960003596,"20,7","20,7",Эксплуатация,17.08.2018,,"27142,71",,,,,,,
56826,100000065546,Самосвалы CAT 793D,67,5,Самосвал карьерный 793D №730,11-RUD-CGTR-SEBT-CD29,1113011920,E01_01,Самосвалы карьерные,100000065546,Самосвал карьерный 793D №730,E01_01,Самосвалы карьерные,Самосвал карьерный №730,11-RUD-CGTR-SEBT-C793,first11-RUD-CGTR-SEBT-CD29,first11,11,RUD,11-RUD,CGTR,-,CGTR,SEBT,no_data,2018-08-24,20.7,2030-01-01,Олимпиадинский ГОК,960003596,"20,7","20,7",Эксплуатация,24.08.2018,,"26193,11",,,,,,,
56833,100000065547,Самосвалы CAT 793D,67,5,Самосвал карьерный 793D №731,11-RUD-CGTR-SEBT-CD30,1113011920,E01_01,Самосвалы карьерные,100000065547,Самосвал карьерный 793D №731,E01_01,Самосвалы карьерные,Самосвал карьерный №731,11-RUD-CGTR-SEBT-C793,first11-RUD-CGTR-SEBT-CD30,first11,11,RUD,11-RUD,CGTR,-,CGTR,SEBT,no_data,2018-09-03,20.7,2030-01-01,Олимпиадинский ГОК,960003596,"20,7","20,7",Эксплуатация,03.09.2018,,"26608,46",,,,,,,
56869,100000065548,Самосвалы CAT 793D,67,5,Самосвал карьерный 793D №732,11-RUD-CGTR-SEBT-CD31,1113011920,E01_01,Самосвалы карьерные,100000065548,Самосвал карьерный 793D №732,E01_01,Самосвалы карьерные,Самосвал карьерный №732,11-RUD-CGTR-SEBT-C793,first11-RUD-CGTR-SEBT-CD31,first11,11,RUD,11-RUD,CGTR,-,CGTR,SEBT,no_data,2018-09-10,20.7,2030-01-01,Олимпиадинский ГОК,960003596,"20,7","20,7",Эксплуатация,10.09.2018,,"26706,54",,,,,,,
56872,100000065512,Самосвалы CAT 793D,67,5,Самосвал карьерный 793D №733,11-RUD-CGTR-SEBT-CD32,1113011920,E01_01,Самосвалы карьерные,100000065512,Самосвал карьерный 793D №733,E01_01,Самосвалы карьерные,Самосвал карьерный №733,11-RUD-CGTR-SEBT-C793,first11-RUD-CGTR-SEBT-CD32,first11,11,RUD,11-RUD,CGTR,-,CGTR,SEBT,no_data,2018-09-15,20.7,2030-01-01,Олимпиадинский ГОК,960003596,"20,7","20,7",Эксплуатация,15.09.2018,,"24285,15",,,,,,,
57079,100000065513,Самосвалы CAT 793D,67,5,Самосвал карьерный 793D №734,11-RUD-CGTR-SEBT-CD33,1113011920,E01_01,Самосвалы карьерные,100000065513,Самосвал карьерный 793D №734,E01_01,Самосвалы карьерные,Самосвал карьерный №734,11-RUD-CGTR-SEBT-C793,first11-RUD-CGTR-SEBT-CD33,first11,11,RUD,11-RUD,CGTR,-,CGTR,SEBT,no_data,2018-09-20,20.7,2030-01-01,Олимпиадинский ГОК,960003596,"20,7","20,7",Эксплуатация,20.09.2018,,"26560,52",,,,,,,
57086,100000065511,Самосвалы CAT 793D,67,5,Самосвал карьерный 793D №735,11-RUD-CGTR-SEBT-CD34,1113011920,E01_01,Самосвалы карьерные,100000065511,Самосвал карьерный 793D №735,E01_01,Самосвалы карьерные,Самосвал карьерный №735,11-RUD-CGTR-SEBT-C793,first11-RUD-CGTR-SEBT-CD34,first11,11,RUD,11-RUD,CGTR,-,CGTR,SEBT,no_data,2018-09-30,20.7,2030-01-01,Олимпиадинский ГОК,960003596,"20,7","20,7",Эксплуатация,30.09.2018,,"26186,64",,,,,,,
57952,100000026804,Самосвалы CAT 793D,67,5,Самосвал карьерный 793D №736,11-RUD-CGTR-SEBT-CD35,1113011920,E01_01,Самосвалы карьерные,100000026804,Самосвал карьерный 793D №736,E01_01,Самосвалы карьерные,Самосвал карьерный №736,11-RUD-CGTR-SEBT-C793,first11-RUD-CGTR-SEBT-CD35,first11,11,RUD,11-RUD,CGTR,-,CGTR,SEBT,no_data,2019-09-06,21.0,2030-01-01,Олимпиадинский ГОК,960003596,21,21,Эксплуатация,06.09.2019,,"19562,33",,,,,,,
58047,100000026805,Самосвалы CAT 793D,67,5,Самосвал карьерный 793D №737,11-RUD-CGTR-SEBT-CD36,1113011920,E01_01,Самосвалы карьерные,100000026805,Самосвал карьерный 793D №737,E01_01,Самосвалы карьерные,Самосвал карьерный №737,11-RUD-CGTR-SEBT-C793,first11-RUD-CGTR-SEBT-CD36,first11,11,RUD,11-RUD,CGTR,-,CGTR,SEBT,no_data,2019-10-01,21.0,2030-01-01,Олимпиадинский ГОК,960003596,21,21,Эксплуатация,01.10.2019,,"18458,13",,,,,,,
58175,100000026806,Самосвалы CAT 793D,67,5,Самосвал карьерный 793D №738,11-RUD-CGTR-SEBT-CD37,1113011920,E01_01,Самосвалы карьерные,100000026806,Самосвал карьерный 793D №738,E01_01,Самосвалы карьерные,Самосвал карьерный №738,11-RUD-CGTR-SEBT-C793,first11-RUD-CGTR-SEBT-CD37,first11,11,RUD,11-RUD,CGTR,-,CGTR,SEBT,no_data,2019-10-24,21.0,2030-01-01,Олимпиадинский ГОК,960003596,21,21,Эксплуатация,24.10.2019,,"18592,39",,,,,,,
58183,100000026807,Самосвалы CAT 793D,67,5,Самосвал карьерный 793D №739,11-RUD-CGTR-SEBT-CD38,1113011920,E01_01,Самосвалы карьерные,100000026807,Самосвал карьерный 793D №739,E01_01,Самосвалы карьерные,Самосвал карьерный №739,11-RUD-CGTR-SEBT-C793,first11-RUD-CGTR-SEBT-CD38,first11,11,RUD,11-RUD,CGTR,-,CGTR,SEBT,no_data,2019-11-06,21.0,2030-01-01,Олимпиадинский ГОК,960003596,21,21,Эксплуатация,06.11.2019,,"17367,68",,,,,,,
58252,100000026808,Самосвалы CAT 793D,67,5,Самосвал карьерный 793D №740,11-RUD-CGTR-SEBT-CD39,1113011920,E01_01,Самосвалы карьерные,100000026808,Самосвал карьерный 793D №740,E01_01,Самосвалы карьерные,Самосвал карьерный №740,11-RUD-CGTR-SEBT-C793,first11-RUD-CGTR-SEBT-CD39,first11,11,RUD,11-RUD,CGTR,-,CGTR,SEBT,no_data,2019-11-14,21.0,2030-01-01,Олимпиадинский ГОК,960003596,21,21,Эксплуатация,14.11.2019,,"17429,6",,,,,,,
58275,100000026809,Самосвалы CAT 793D,67,5,Самосвал карьерный 793D №741,11-RUD-CGTR-SEBT-CD40,1113011920,E01_01,Самосвалы карьерные,100000026809,Самосвал карьерный 793D №741,E01_01,Самосвалы карьерные,Самосвал карьерный №741,11-RUD-CGTR-SEBT-C793,first11-RUD-CGTR-SEBT-CD40,first11,11,RUD,11-RUD,CGTR,-,CGTR,SEBT,no_data,2019-11-23,21.0,2030-01-01,Олимпиадинский ГОК,960003596,21,21,Эксплуатация,23.11.2019,,"17506,43",,,,,,,
58291,100000026810,Самосвалы CAT 793D,67,5,Самосвал карьерный 793D №742,11-RUD-CGTR-SEBT-CD41,1113011920,E01_01,Самосвалы карьерные,100000026810,Самосвал карьерный 793D №742,E01_01,Самосвалы карьерные,Самосвал карьерный №742,11-RUD-CGTR-SEBT-C793,first11-RUD-CGTR-SEBT-CD41,first11,11,RUD,11-RUD,CGTR,-,CGTR,SEBT,no_data,2019-12-16,21.0,2030-01-01,Олимпиадинский ГОК,960003596,21,21,Эксплуатация,16.12.2019,,"17191,8",,,,,,,
58424,100000036418,Самосвалы CAT 793D,67,5,Самосвал карьерный 793D №743,11-RUD-CGTR-SEBT-CD42,1113011920,E01_01,Самосвалы карьерные,100000036418,Самосвал карьерный 793D №743,E01_01,Самосвалы карьерные,Самосвал карьерный №743,11-RUD-CGTR-SEBT-C793,first11-RUD-CGTR-SEBT-CD42,first11,11,RUD,11-RUD,CGTR,-,CGTR,SEBT,no_data,2019-12-21,21.0,2030-01-01,Олимпиадинский ГОК,960003596,21,21,Эксплуатация,21.12.2019,,"16378,22",,,,,,,
58476,100000036420,Самосвалы CAT 793D,67,5,Самосвал карьерный 793D №744,11-RUD-CGTR-SEBT-CD43,1113011920,E01_01,Самосвалы карьерные,100000036420,Самосвал карьерный 793D №744,E01_01,Самосвалы карьерные,Самосвал карьерный №744,11-RUD-CGTR-SEBT-C793,first11-RUD-CGTR-SEBT-CD43,first11,11,RUD,11-RUD,CGTR,-,CGTR,SEBT,no_data,2020-01-01,21.0,2030-01-01,Олимпиадинский ГОК,960003596,21,21,Эксплуатация,01.01.2020,,"15840,08",,,,,,,
58487,100000036421,Самосвалы CAT 793D,67,5,Самосвал карьерный 793D №745,11-RUD-CGTR-SEBT-CD44,1113011920,E01_01,Самосвалы карьерные,100000036421,Самосвал карьерный 793D №745,E01_01,Самосвалы карьерные,Самосвал карьерный №745,11-RUD-CGTR-SEBT-C793,first11-RUD-CGTR-SEBT-CD44,first11,11,RUD,11-RUD,CGTR,-,CGTR,SEBT,no_data,2020-01-03,21.0,2030-01-01,Олимпиадинский ГОК,960003596,21,21,Эксплуатация,03.01.2020,,"15543,18",,,,,,,
58554,100000054847,Самосвалы CAT 793D,67,5,Самосвал карьерный 793D №746,11-RUD-CGTR-SEBT-CD45,1113011920,E01_01,Самосвалы карьерные,100000054847,Самосвал карьерный 793D №746,E01_01,Самосвалы карьерные,Самосвал карьерный №746,11-RUD-CGTR-SEBT-C793,first11-RUD-CGTR-SEBT-CD45,first11,11,RUD,11-RUD,CGTR,-,CGTR,SEBT,no_data,2020-10-06,21.5,2030-01-01,Олимпиадинский ГОК,960003596,"21,5","21,5",Эксплуатация,06.10.2020,,11167,,,,,,,
58566,100000054846,Самосвалы CAT 793D,67,5,Самосвал карьерный 793D №747,11-RUD-CGTR-SEBT-CD46,1113011920,E01_01,Самосвалы карьерные,100000054846,Самосвал карьерный 793D №747,E01_01,Самосвалы карьерные,Самосвал карьерный №747,11-RUD-CGTR-SEBT-C793,first11-RUD-CGTR-SEBT-CD46,first11,11,RUD,11-RUD,CGTR,-,CGTR,SEBT,no_data,2020-10-08,21.5,2030-01-01,Олимпиадинский ГОК,960003596,"21,5","21,5",Эксплуатация,08.10.2020,,11431,,,,,,,
58691,100000054848,Самосвалы CAT 793D,67,5,Самосвал карьерный 793D №748,11-RUD-CGTR-SEBT-CD47,1113011920,E01_01,Самосвалы карьерные,100000054848,Самосвал карьерный 793D №748,E01_01,Самосвалы карьерные,Самосвал карьерный №748,11-RUD-CGTR-SEBT-C793,first11-RUD-CGTR-SEBT-CD47,first11,11,RUD,11-RUD,CGTR,-,CGTR,SEBT,no_data,2020-10-11,21.5,2030-01-01,Олимпиадинский ГОК,960003596,"21,5","21,5",Эксплуатация,11.10.2020,,"11372,19",,,,,,,
58766,100000054849,Самосвалы CAT 793D,67,5,Самосвал карьерный 793D №749,11-RUD-CGTR-SEBT-CD48,1113011920,E01_01,Самосвалы карьерные,100000054849,Самосвал карьерный 793D №749,E01_01,Самосвалы карьерные,Самосвал карьерный №749,11-RUD-CGTR-SEBT-C793,first11-RUD-CGTR-SEBT-CD48,first11,11,RUD,11-RUD,CGTR,-,CGTR,SEBT,no_data,2020-10-19,21.5,2030-01-01,Олимпиадинский ГОК,960003596,"21,5","21,5",Эксплуатация,19.10.2020,,"11159,25",,,,,,,
58773,100000054851,Самосвалы CAT 793D,67,5,Самосвал карьерный 793D №751,11-RUD-CGTR-SEBT-CD50,1113011920,E01_01,Самосвалы карьерные,100000054851,Самосвал карьерный 793D №751,E01_01,Самосвалы карьерные,Самосвал карьерный №751,11-RUD-CGTR-SEBT-C793,first11-RUD-CGTR-SEBT-CD50,first11,11,RUD,11-RUD,CGTR,-,CGTR,SEBT,no_data,2020-10-29,21.5,2030-01-01,Олимпиадинский ГОК,960003596,"21,5","21,5",Эксплуатация,29.10.2020,,"10697,8",,,,,,,
59557,100000054850,Самосвалы CAT 793D,67,5,Самосвал карьерный 793D №750,11-RUD-CGTR-SEBT-CD49,1113011920,E01_01,Самосвалы карьерные,100000054850,Самосвал карьерный 793D №750,E01_01,Самосвалы карьерные,Самосвал карьерный №750,11-RUD-CGTR-SEBT-C793,first11-RUD-CGTR-SEBT-CD49,first11,11,RUD,11-RUD,CGTR,-,CGTR,SEBT,no_data,2020-11-12,21.5,2030-01-01,Олимпиадинский ГОК,960003596,"21,5","21,5",Эксплуатация,12.11.2020,,"10812,3",,,,,,,
59561,100000054852,Самосвалы CAT 793D,67,5,Самосвал карьерный 793D №752,11-RUD-CGTR-SEBT-CD51,1113011920,E01_01,Самосвалы карьерные,100000054852,Самосвал карьерный 793D №752,E01_01,Самосвалы карьерные,Самосвал карьерный №752,11-RUD-CGTR-SEBT-C793,first11-RUD-CGTR-SEBT-CD51,first11,11,RUD,11-RUD,CGTR,-,CGTR,SEBT,no_data,2020-11-20,21.5,2030-01-01,Олимпиадинский ГОК,960003596,"21,5","21,5",Эксплуатация,20.11.2020,,"10469,12",,,,,,,
59596,100000054853,Самосвалы CAT 793D,67,5,Самосвал карьерный 793D №753,11-RUD-CGTR-SEBT-CD52,1113011920,E01_01,Самосвалы карьерные,100000054853,Самосвал карьерный 793D №753,E01_01,Самосвалы карьерные,Самосвал карьерный №753,11-RUD-CGTR-SEBT-C793,first11-RUD-CGTR-SEBT-CD52,first11,11,RUD,11-RUD,CGTR,-,CGTR,SEBT,no_data,2020-11-23,21.5,2030-01-01,Олимпиадинский ГОК,960003596,"21,5","21,5",Эксплуатация,23.11.2020,,"10510,78",,,,,,,
59605,100000054854,Самосвалы CAT 793D,67,5,Самосвал карьерный 793D №754,11-RUD-CGTR-SEBT-CD53,1113011920,E01_01,Самосвалы карьерные,100000054854,Самосвал карьерный 793D №754,E01_01,Самосвалы карьерные,Самосвал карьерный №754,11-RUD-CGTR-SEBT-C793,first11-RUD-CGTR-SEBT-CD53,first11,11,RUD,11-RUD,CGTR,-,CGTR,SEBT,no_data,2020-11-28,21.5,2030-01-01,Олимпиадинский ГОК,960003596,"21,5","21,5",Эксплуатация,28.11.2020,,10384,,,,,,,
59618,100000054855,Самосвалы CAT 793D,67,5,Самосвал карьерный 793D №755,11-RUD-CGTR-SEBT-CD54,1113011920,E01_01,Самосвалы карьерные,100000054855,Самосвал карьерный 793D №755,E01_01,Самосвалы карьерные,Самосвал карьерный №755,11-RUD-CGTR-SEBT-C793,first11-RUD-CGTR-SEBT-CD54,first11,11,RUD,11-RUD,CGTR,-,CGTR,SEBT,no_data,2020-12-07,21.5,2030-01-01,Олимпиадинский ГОК,960003596,"21,5","21,5",Эксплуатация,07.12.2020,,"10036,57",,,,,,,
59631,100000054856,Самосвалы CAT 793D,67,5,Самосвал карьерный 793D №756,11-RUD-CGTR-SEBT-CD55,1113011920,E01_01,Самосвалы карьерные,100000054856,Самосвал карьерный 793D №756,E01_01,Самосвалы карьерные,Самосвал карьерный №756,11-RUD-CGTR-SEBT-C793,first11-RUD-CGTR-SEBT-CD55,first11,11,RUD,11-RUD,CGTR,-,CGTR,SEBT,no_data,2020-12-11,21.5,2030-01-01,Олимпиадинский ГОК,960003596,"21,5","21,5",Эксплуатация,11.12.2020,,"9345,92",,,,,,,
59646,100000054857,Самосвалы CAT 793D,67,5,Самосвал карьерный 793D №757,11-RUD-CGTR-SEBT-CD56,1113011920,E01_01,Самосвалы карьерные,100000054857,Самосвал карьерный 793D №757,E01_01,Самосвалы карьерные,Самосвал карьерный №757,11-RUD-CGTR-SEBT-C793,first11-RUD-CGTR-SEBT-CD56,first11,11,RUD,11-RUD,CGTR,-,CGTR,SEBT,no_data,2020-12-18,21.5,2030-01-01,Олимпиадинский ГОК,960003596,"21,5","21,5",Эксплуатация,18.12.2020,,"9791,13",,,,,,,
59650,100000054858,Самосвалы CAT 793D,67,5,Самосвал карьерный 793D №758,11-RUD-CGTR-SEBT-CD57,1113011920,E01_01,Самосвалы карьерные,100000054858,Самосвал карьерный 793D №758,E01_01,Самосвалы карьерные,Самосвал карьерный №758,11-RUD-CGTR-SEBT-C793,first11-RUD-CGTR-SEBT-CD57,first11,11,RUD,11-RUD,CGTR,-,CGTR,SEBT,no_data,2020-12-25,21.5,2030-01-01,Олимпиадинский ГОК,960003596,"21,5","21,5",Эксплуатация,25.12.2020,,9869,,,,,,,
59683,100000054859,Самосвалы CAT 793D,67,5,Самосвал карьерный 793D №759,11-RUD-CGTR-SEBT-CD58,1113011920,E01_01,Самосвалы карьерные,100000054859,Самосвал карьерный 793D №759,E01_01,Самосвалы карьерные,Самосвал карьерный №759,11-RUD-CGTR-SEBT-C793,first11-RUD-CGTR-SEBT-CD58,first11,11,RUD,11-RUD,CGTR,-,CGTR,SEBT,no_data,2021-01-15,21.5,2030-01-01,Олимпиадинский ГОК,960003596,"21,5","21,5",Эксплуатация,15.01.2021,,"9330,96",,,,,,,
59684,100000054860,Самосвалы CAT 793D,67,5,Самосвал карьерный 793D №760,11-RUD-CGTR-SEBT-CD59,1113011920,E01_01,Самосвалы карьерные,100000054860,Самосвал карьерный 793D №760,E01_01,Самосвалы карьерные,Самосвал карьерный №760,11-RUD-CGTR-SEBT-C793,first11-RUD-CGTR-SEBT-CD59,first11,11,RUD,11-RUD,CGTR,-,CGTR,SEBT,no_data,2021-02-01,21.5,2030-01-01,Олимпиадинский ГОК,960003596,"21,5","21,5",Эксплуатация,01.02.2021,,"8564,22",,,,,,,
59715,100000054861,Самосвалы CAT 793D,67,5,Самосвал карьерный 793D №761,11-RUD-CGTR-SEBT-CD60,1113011920,E01_01,Самосвалы карьерные,100000054861,Самосвал карьерный 793D №761,E01_01,Самосвалы карьерные,Самосвал карьерный №761,11-RUD-CGTR-SEBT-C793,first11-RUD-CGTR-SEBT-CD60,first11,11,RUD,11-RUD,CGTR,-,CGTR,SEBT,no_data,2021-02-08,21.5,2030-01-01,Олимпиадинский ГОК,960003596,"21,5","21,5",Эксплуатация,08.02.2021,,"8855,38",,,,,,,
59716,100000054978,Самосвалы CAT 793D,67,5,Самосвал карьерный 793D №762,11-RUD-CGTR-SEBT-CD61,1113011920,E01_01,Самосвалы карьерные,100000054978,Самосвал карьерный 793D №762,E01_01,Самосвалы карьерные,Самосвал карьерный №762,11-RUD-CGTR-SEBT-C793,first11-RUD-CGTR-SEBT-CD61,first11,11,RUD,11-RUD,CGTR,-,CGTR,SEBT,no_data,2021-05-03,21.5,2030-01-01,Олимпиадинский ГОК,960003596,"21,5","21,5",Эксплуатация,03.05.2021,,"6986,6",,,,,,,
59717,100000054979,Самосвалы CAT 793D,67,5,Самосвал карьерный 793D №763,11-RUD-CGTR-SEBT-CD62,1113011920,E01_01,Самосвалы карьерные,100000054979,Самосвал карьерный 793D №763,E01_01,Самосвалы карьерные,Самосвал карьерный №763,11-RUD-CGTR-SEBT-C793,first11-RUD-CGTR-SEBT-CD62,first11,11,RUD,11-RUD,CGTR,-,CGTR,SEBT,no_data,2021-05-04,21.5,2030-01-01,Олимпиадинский ГОК,960003596,"21,5","21,5",Эксплуатация,04.05.2021,,"6891,16",,,,,,,
59730,100000054980,Самосвалы CAT 793D,67,5,Самосвал карьерный 793D №764,11-RUD-CGTR-SEBT-CD63,1113011920,E01_01,Самосвалы карьерные,100000054980,Самосвал карьерный 793D №764,E01_01,Самосвалы карьерные,Самосвал карьерный №764,11-RUD-CGTR-SEBT-C793,first11-RUD-CGTR-SEBT-CD63,first11,11,RUD,11-RUD,CGTR,-,CGTR,SEBT,no_data,2021-05-10,21.5,2030-01-01,Олимпиадинский ГОК,960003596,"21,5","21,5",Эксплуатация,10.05.2021,,"6817,89",,,,,,,
60641,100000054981,Самосвалы CAT 793D,67,5,Самосвал карьерный 793D №765,11-RUD-CGTR-SEBT-CD64,1113011920,E01_01,Самосвалы карьерные,100000054981,Самосвал карьерный 793D №765,E01_01,Самосвалы карьерные,Самосвал карьерный №765,11-RUD-CGTR-SEBT-C793,first11-RUD-CGTR-SEBT-CD64,first11,11,RUD,11-RUD,CGTR,-,CGTR,SEBT,no_data,2021-05-21,21.5,2030-01-01,Олимпиадинский ГОК,960003596,"21,5","21,5",Эксплуатация,21.05.2021,,"6304,25",,,,,,,
60644,100000054982,Самосвалы CAT 793D,67,5,Самосвал карьерный 793D №766,11-RUD-CGTR-SEBT-CD65,1113011920,E01_01,Самосвалы карьерные,100000054982,Самосвал карьерный 793D №766,E01_01,Самосвалы карьерные,Самосвал карьерный №766,11-RUD-CGTR-SEBT-C793,first11-RUD-CGTR-SEBT-CD65,first11,11,RUD,11-RUD,CGTR,-,CGTR,SEBT,no_data,2021-07-20,21.5,2030-01-01,Олимпиадинский ГОК,960003596,"21,5","21,5",Эксплуатация,20.07.2021,,"5180,48",,,,,,,
60647,100000054983,Самосвалы CAT 793D,67,5,Самосвал карьерный 793D №767,11-RUD-CGTR-SEBT-CD66,1113011920,E01_01,Самосвалы карьерные,100000054983,Самосвал карьерный 793D №767,E01_01,Самосвалы карьерные,Самосвал карьерный №767,11-RUD-CGTR-SEBT-C793,first11-RUD-CGTR-SEBT-CD66,first11,11,RUD,11-RUD,CGTR,-,CGTR,SEBT,no_data,2021-07-25,21.5,2030-01-01,Олимпиадинский ГОК,960003596,"21,5","21,5",Эксплуатация,25.07.2021,,"5045,97",,,,,,,
60665,100000054984,Самосвалы CAT 793D,67,5,Самосвал карьерный 793D №768,11-RUD-CGTR-SEBT-CD67,1113011920,E01_01,Самосвалы карьерные,100000054984,Самосвал карьерный 793D №768,E01_01,Самосвалы карьерные,Самосвал карьерный №768,11-RUD-CGTR-SEBT-C793,first11-RUD-CGTR-SEBT-CD67,first11,11,RUD,11-RUD,CGTR,-,CGTR,SEBT,no_data,2021-08-05,21.5,2030-01-01,Олимпиадинский ГОК,960003596,"21,5","21,5",Эксплуатация,05.08.2021,,"4834,33",,,,,,,
60674,100000054985,Самосвалы CAT 793D,67,5,Самосвал карьерный 793D №769,11-RUD-CGTR-SEBT-CD68,1113011920,E01_01,Самосвалы карьерные,100000054985,Самосвал карьерный 793D №769,E01_01,Самосвалы карьерные,Самосвал карьерный №769,11-RUD-CGTR-SEBT-C793,first11-RUD-CGTR-SEBT-CD68,first11,11,RUD,11-RUD,CGTR,-,CGTR,SEBT,no_data,2021-08-11,21.5,2030-01-01,Олимпиадинский ГОК,960003596,"21,5","21,5",Эксплуатация,11.08.2021,,"4652,64",,,,,,,
60680,100000054986,Самосвалы CAT 793D,67,5,Самосвал карьерный 793D №770,11-RUD-CGTR-SEBT-CD69,1113011920,E01_01,Самосвалы карьерные,100000054986,Самосвал карьерный 793D №770,E01_01,Самосвалы карьерные,Самосвал карьерный №770,11-RUD-CGTR-SEBT-C793,first11-RUD-CGTR-SEBT-CD69,first11,11,RUD,11-RUD,CGTR,-,CGTR,SEBT,no_data,2021-08-19,21.5,2030-01-01,Олимпиадинский ГОК,960003596,"21,5","21,5",Эксплуатация,19.08.2021,,"4498,59",,,,,,,
60682,100000054987,Самосвалы CAT 793D,67,5,Самосвал карьерный 793D №771,11-RUD-CGTR-SEBT-CD70,1113011920,E01_01,Самосвалы карьерные,100000054987,Самосвал карьерный 793D №771,E01_01,Самосвалы карьерные,Самосвал карьерный №771,11-RUD-CGTR-SEBT-C793,first11-RUD-CGTR-SEBT-CD70,first11,11,RUD,11-RUD,CGTR,-,CGTR,SEBT,no_data,2021-08-27,21.5,2030-01-01,Олимпиадинский ГОК,960003596,"21,5","21,5",Эксплуатация,27.08.2021,,"4383,55",,,,,,,
60724,100000054988,Самосвалы CAT 793D,67,5,Самосвал карьерный 793D №772,11-RUD-CGTR-SEBT-CD71,1113011920,E01_01,Самосвалы карьерные,100000054988,Самосвал карьерный 793D №772,E01_01,Самосвалы карьерные,Самосвал карьерный №772,11-RUD-CGTR-SEBT-C793,first11-RUD-CGTR-SEBT-CD71,first11,11,RUD,11-RUD,CGTR,-,CGTR,SEBT,no_data,2021-09-06,21.5,2030-01-01,Олимпиадинский ГОК,960003596,"21,5","21,5",Эксплуатация,06.09.2021,,"4145,27",,,,,,,
60725,100000054989,Самосвалы CAT 793D,67,5,Самосвал карьерный 793D №773,11-RUD-CGTR-SEBT-CD72,1113011920,E01_01,Самосвалы карьерные,100000054989,Самосвал карьерный 793D №773,E01_01,Самосвалы карьерные,Самосвал карьерный №773,11-RUD-CGTR-SEBT-C793,first11-RUD-CGTR-SEBT-CD72,first11,11,RUD,11-RUD,CGTR,-,CGTR,SEBT,no_data,2021-09-09,21.5,2030-01-01,Олимпиадинский ГОК,960003596,"21,5","21,5",Эксплуатация,09.09.2021,,"4034,99",,,,,,,
60739,100000054990,Самосвалы CAT 793D,67,5,Самосвал карьерный 793D №774,11-RUD-CGTR-SEBT-CD73,1113011920,E01_01,Самосвалы карьерные,100000054990,Самосвал карьерный 793D №774,E01_01,Самосвалы карьерные,Самосвал карьерный №774,11-RUD-CGTR-SEBT-C793,first11-RUD-CGTR-SEBT-CD73,first11,11,RUD,11-RUD,CGTR,-,CGTR,SEBT,no_data,2021-09-18,21.5,2030-01-01,Олимпиадинский ГОК,960003596,"21,5","21,5",Эксплуатация,18.09.2021,,"3805,05",,,,,,,
60740,100000054991,Самосвалы CAT 793D,67,5,Самосвал карьерный 793D №775,11-RUD-CGTR-SEBT-CD74,1113011920,E01_01,Самосвалы карьерные,100000054991,Самосвал карьерный 793D №775,E01_01,Самосвалы карьерные,Самосвал карьерный №775,11-RUD-CGTR-SEBT-C793,first11-RUD-CGTR-SEBT-CD74,first11,11,RUD,11-RUD,CGTR,-,CGTR,SEBT,no_data,2021-09-19,21.5,2030-01-01,Олимпиадинский ГОК,960003596,"21,5","21,5",Эксплуатация,19.09.2021,,"3619,92",,,,,,,
60741,100000054992,Самосвалы CAT 793D,67,5,Самосвал карьерный 793D №776,11-RUD-CGTR-SEBT-CD75,1113011920,E01_01,Самосвалы карьерные,100000054992,Самосвал карьерный 793D №776,E01_01,Самосвалы карьерные,Самосвал карьерный №776,11-RUD-CGTR-SEBT-C793,first11-RUD-CGTR-SEBT-CD75,first11,11,RUD,11-RUD,CGTR,-,CGTR,SEBT,no_data,2021-10-06,21.5,2030-01-01,Олимпиадинский ГОК,960003596,"21,5","21,5",Эксплуатация,06.10.2021,,"3496,52",,,,,,,
60742,100000054993,Самосвалы CAT 793D,67,5,Самосвал карьерный 793D №777,11-RUD-CGTR-SEBT-CD76,1113011920,E01_01,Самосвалы карьерные,100000054993,Самосвал карьерный 793D №777,E01_01,Самосвалы карьерные,Самосвал карьерный №777,11-RUD-CGTR-SEBT-C793,first11-RUD-CGTR-SEBT-CD76,first11,11,RUD,11-RUD,CGTR,-,CGTR,SEBT,no_data,2021-10-09,21.5,2030-01-01,Олимпиадинский ГОК,960003596,"21,5","21,5",Эксплуатация,09.10.2021,,"3390,51",,,,,,,
62418,100000054994,Самосвалы CAT 793D,67,5,Самосвал карьерный 793D №778,11-RUD-CGTR-SEBT-CD77,1113011920,E01_01,Самосвалы карьерные,100000054994,Самосвал карьерный 793D №778,E01_01,Самосвалы карьерные,Самосвал карьерный №778,11-RUD-CGTR-SEBT-C793,first11-RUD-CGTR-SEBT-CD77,first11,11,RUD,11-RUD,CGTR,-,CGTR,SEBT,no_data,2021-10-16,21.5,2030-01-01,Олимпиадинский ГОК,960003596,"21,5","21,5",Эксплуатация,16.10.2021,,"3218,46",,,,,,,
62437,100000054995,Самосвалы CAT 793D,67,5,Самосвал карьерный 793D №779,11-RUD-CGTR-SEBT-CD78,1113011920,E01_01,Самосвалы карьерные,100000054995,Самосвал карьерный 793D №779,E01_01,Самосвалы карьерные,Самосвал карьерный №779,11-RUD-CGTR-SEBT-C793,first11-RUD-CGTR-SEBT-CD78,first11,11,RUD,11-RUD,CGTR,-,CGTR,SEBT,no_data,2021-11-05,21.5,2030-01-01,Олимпиадинский ГОК,960003596,"21,5","21,5",Эксплуатация,05.11.2021,,"2787,4",,,,,,,
62438,100000054996,Самосвалы CAT 793D,67,5,Самосвал карьерный 793D №780,11-RUD-CGTR-SEBT-CD79,1113011920,E01_01,Самосвалы карьерные,100000054996,Самосвал карьерный 793D №780,E01_01,Самосвалы карьерные,Самосвал карьерный №780,11-RUD-CGTR-SEBT-C793,first11-RUD-CGTR-SEBT-CD79,first11,11,RUD,11-RUD,CGTR,-,CGTR,SEBT,no_data,2021-12-04,21.5,2030-01-01,Олимпиадинский ГОК,960003596,"21,5","21,5",Эксплуатация,04.12.2021,,"2275,04",,,,,,,
62505,100000008673,Самосвалы CAT 785C,65,4,Самосвал карьерный 785C №1619,03-CTT-CC01,1213011420,E01_01,Самосвалы карьерные,100000008673,Самосвал карьерный 785C №1619,E01_01,Самосвалы карьерные,Самосвал №1619,03-CTT-C785,first03-CTT-CC01,first03,3,CTT,03-CTT,CC01,-,CC01,no_data,no_data,2017-12-12,20.37,2030-01-01,Полюс Вернинское,960000001,"20,37",,no_data,,,,,,,,,,
62506,100000008674,Самосвалы CAT 785C,65,4,Самосвал карьерный 785C №1620,03-CTT-CC02,1213011420,E01_01,Самосвалы карьерные,100000008674,Самосвал карьерный 785C №1620,E01_01,Самосвалы карьерные,Самосвал №1620,03-CTT-C785,first03-CTT-CC02,first03,3,CTT,03-CTT,CC02,-,CC02,no_data,no_data,2017-12-12,20.37,2030-01-01,Полюс Вернинское,960000001,"20,37",,no_data,,,,,,,,,,
62591,100000054997,Самосвалы CAT 793D,67,5,Самосвал карьерный 793D №781,11-RUD-CGTR-SEBT-CD80,1113011920,E01_01,Самосвалы карьерные,100000054997,Самосвал карьерный 793D №781,E01_01,Самосвалы карьерные,Самосвал карьерный №781,11-RUD-CGTR-SEBT-C793,first11-RUD-CGTR-SEBT-CD80,first11,11,RUD,11-RUD,CGTR,-,CGTR,SEBT,no_data,2023-02-01,20.37,2030-01-01,Олимпиадинский ГОК,960003596,"20,37",,no_data,,,,,,,,,,
62593,100000054998,Самосвалы CAT 793D,67,5,Самосвал карьерный 793D №782,11-RUD-CGTR-SEBT-CD81,1113011920,E01_01,Самосвалы карьерные,100000054998,Самосвал карьерный 793D №782,E01_01,Самосвалы карьерные,Самосвал карьерный №782,11-RUD-CGTR-SEBT-C793,first11-RUD-CGTR-SEBT-CD81,first11,11,RUD,11-RUD,CGTR,-,CGTR,SEBT,no_data,2023-02-01,20.37,2030-01-01,Олимпиадинский ГОК,960003596,"20,37",,no_data,,,,,,,,,,
62595,100000054999,Самосвалы CAT 793D,67,5,Самосвал карьерный 793D №783,11-RUD-CGTR-SEBT-CD82,1113011920,E01_01,Самосвалы карьерные,100000054999,Самосвал карьерный 793D №783,E01_01,Самосвалы карьерные,Самосвал карьерный №783,11-RUD-CGTR-SEBT-C793,first11-RUD-CGTR-SEBT-CD82,first11,11,RUD,11-RUD,CGTR,-,CGTR,SEBT,no_data,2023-02-01,20.37,2030-01-01,Олимпиадинский ГОК,960003596,"20,37",,no_data,,,,,,,,,,
62912,100000084396,Самосвалы Komatsu 730E-8,69,2,Самосвал карьерный 730E-8 №13,05-KAR-UTTR-K801,1413011320,E01_01,Самосвалы карьерные,100000084396,Самосвал карьерный 730E-8 №13,E01_01,Самосвалы карьерные,Самосвал карьерный №13,05-KAR-UTTR-K738,first05-KAR-UTTR-K801,first05,5,KAR,05-KAR,UTTR,-,UTTR,K801,no_data,2018-03-16,20.37,2030-03-16,Полюс Магадан,960003680,"20,37",,Эксплуатация,16.03.2018,16.03.2030,31502,,,,,,,
62915,100000084397,Самосвалы Komatsu 730E-8,69,2,Самосвал карьерный 730E-8 №14,05-KAR-UTTR-K802,1413011320,E01_01,Самосвалы карьерные,100000084397,Самосвал карьерный 730E-8 №14,E01_01,Самосвалы карьерные,Самосвал карьерный №14,05-KAR-UTTR-K738,first05-KAR-UTTR-K802,first05,5,KAR,05-KAR,UTTR,-,UTTR,K802,no_data,2018-03-16,20.37,2030-03-16,Полюс Магадан,960003680,"20,37",,Эксплуатация,16.03.2018,16.03.2030,29345,,,,,,,
62918,100000084398,Самосвалы Komatsu 730E-8,69,2,Самосвал карьерный 730E-8 №15,05-KAR-UTTR-K803,1413011320,E01_01,Самосвалы карьерные,100000084398,Самосвал карьерный 730E-8 №15,E01_01,Самосвалы карьерные,Самосвал карьерный №15,05-KAR-UTTR-K738,first05-KAR-UTTR-K803,first05,5,KAR,05-KAR,UTTR,-,UTTR,K803,no_data,2018-04-23,20.37,2030-04-23,Полюс Магадан,960003680,"20,37",,Эксплуатация,23.04.2018,23.04.2030,26296,,,,,,,
62921,100000084399,Самосвалы Komatsu 730E-8,69,2,Самосвал карьерный 730E-8 №16,05-KAR-UTTR-K804,1413011320,E01_01,Самосвалы карьерные,100000084399,Самосвал карьерный 730E-8 №16,E01_01,Самосвалы карьерные,Самосвал карьерный №16,05-KAR-UTTR-K738,first05-KAR-UTTR-K804,first05,5,KAR,05-KAR,UTTR,-,UTTR,K804,no_data,2018-04-23,20.37,2030-04-23,Полюс Магадан,960003680,"20,37",,Эксплуатация,23.04.2018,23.04.2030,29792,,,,,,,
62924,100000084402,Самосвалы Komatsu 730E-8,69,2,Самосвал карьерный 730E-8 №19,05-KAR-UTTR-K807,1413011320,E01_01,Самосвалы карьерные,100000084402,Самосвал карьерный 730E-8 №19,E01_01,Самосвалы карьерные,Самосвал карьерный №19,05-KAR-UTTR-K738,first05-KAR-UTTR-K807,first05,5,KAR,05-KAR,UTTR,-,UTTR,K807,no_data,2018-05-30,20.37,2030-05-30,Полюс Магадан,960003680,"20,37",,Эксплуатация,30.05.2018,30.05.2030,30056,,,,,,,
62925,100000084403,Самосвалы Komatsu 730E-8,69,2,Самосвал карьерный 730E-8 №20,05-KAR-UTTR-K808,1413011320,E01_01,Самосвалы карьерные,100000084403,Самосвал карьерный 730E-8 №20,E01_01,Самосвалы карьерные,Самосвал карьерный №20,05-KAR-UTTR-K738,first05-KAR-UTTR-K808,first05,5,KAR,05-KAR,UTTR,-,UTTR,K808,no_data,2018-05-30,20.37,2030-05-30,Полюс Магадан,960003680,"20,37",,Эксплуатация,30.05.2018,30.05.2030,29919,,,,,,,
62926,100000084400,Самосвалы Komatsu 730E-8,69,2,Самосвал карьерный 730E-8 №17,05-KAR-UTTR-K805,1413011320,E01_01,Самосвалы карьерные,100000084400,Самосвал карьерный 730E-8 №17,E01_01,Самосвалы карьерные,Самосвал карьерный №17,05-KAR-UTTR-K738,first05-KAR-UTTR-K805,first05,5,KAR,05-KAR,UTTR,-,UTTR,K805,no_data,2018-04-23,20.37,2030-04-23,Полюс Магадан,960003680,"20,37",,Эксплуатация,23.04.2018,23.04.2030,26479,,,,,,,
62927,100000084401,Самосвалы Komatsu 730E-8,69,2,Самосвал карьерный 730E-8 №18,05-KAR-UTTR-K806,1413011320,E01_01,Самосвалы карьерные,100000084401,Самосвал карьерный 730E-8 №18,E01_01,Самосвалы карьерные,Самосвал карьерный №18,05-KAR-UTTR-K738,first05-KAR-UTTR-K806,first05,5,KAR,05-KAR,UTTR,-,UTTR,K806,no_data,2018-04-23,20.37,2030-04-23,Полюс Магадан,960003680,"20,37",,Эксплуатация,23.04.2018,23.04.2030,30194,,,,,,,
62931,100000084404,Самосвалы Komatsu 730E-8,69,2,Самосвал карьерный 730E-8 №21,05-KAR-UTTR-K809,1413011320,E01_01,Самосвалы карьерные,100000084404,Самосвал карьерный 730E-8 №21,E01_01,Самосвалы карьерные,Самосвал карьерный №21,05-KAR-UTTR-K738,first05-KAR-UTTR-K809,first05,5,KAR,05-KAR,UTTR,-,UTTR,K809,no_data,2018-05-30,20.37,2030-05-30,Полюс Магадан,960003680,"20,37",,Эксплуатация,30.05.2018,30.05.2030,28999,,,,,,,
62934,100000084405,Самосвалы Komatsu 730E-8,69,2,Самосвал карьерный 730E-8 №22,05-KAR-UTTR-K810,1413011320,E01_01,Самосвалы карьерные,100000084405,Самосвал карьерный 730E-8 №22,E01_01,Самосвалы карьерные,Самосвал карьерный №22,05-KAR-UTTR-K738,first05-KAR-UTTR-K810,first05,5,KAR,05-KAR,UTTR,-,UTTR,K810,no_data,2018-05-30,20.37,2030-05-30,Полюс Магадан,960003680,"20,37",,Эксплуатация,30.05.2018,30.05.2030,28907,,,,,,,
62955,100000084406,Самосвалы Komatsu 730E-8,69,2,Самосвал карьерный 730E-8 №23,05-KAR-UTTR-K811,1413011320,E01_01,Самосвалы карьерные,100000084406,Самосвал карьерный 730E-8 №23,E01_01,Самосвалы карьерные,Самосвал карьерный №23,05-KAR-UTTR-K738,first05-KAR-UTTR-K811,first05,5,KAR,05-KAR,UTTR,-,UTTR,K811,no_data,2018-06-30,20.37,2030-06-30,Полюс Магадан,960003680,"20,37",,Эксплуатация,30.06.2018,30.06.2030,29437,,,,,,,
62970,100000084407,Самосвалы Komatsu 730E-8,69,2,Самосвал карьерный 730E-8 №24,05-KAR-UTTR-K812,1413011320,E01_01,Самосвалы карьерные,100000084407,Самосвал карьерный 730E-8 №24,E01_01,Самосвалы карьерные,Самосвал карьерный №24,05-KAR-UTTR-K738,first05-KAR-UTTR-K812,first05,5,KAR,05-KAR,UTTR,-,UTTR,K812,no_data,2018-06-30,20.37,2030-06-30,Полюс Магадан,960003680,"20,37",,Эксплуатация,30.06.2018,30.06.2030,27514,,,,,,,
62971,100000084408,Самосвалы Komatsu 730E-8,69,2,Самосвал карьерный 730E-8 №25,05-KAR-UTTR-K813,1413011320,E01_01,Самосвалы карьерные,100000084408,Самосвал карьерный 730E-8 №25,E01_01,Самосвалы карьерные,Самосвал карьерный №25,05-KAR-UTTR-K738,first05-KAR-UTTR-K813,first05,5,KAR,05-KAR,UTTR,-,UTTR,K813,no_data,2018-06-30,20.37,2030-06-30,Полюс Магадан,960003680,"20,37",,Эксплуатация,30.06.2018,30.06.2030,28970,,,,,,,
62975,100000084409,Самосвалы Komatsu 730E-8,69,2,Самосвал карьерный 730E-8 №26,05-KAR-UTTR-K814,1413011320,E01_01,Самосвалы карьерные,100000084409,Самосвал карьерный 730E-8 №26,E01_01,Самосвалы карьерные,Самосвал карьерный №26,05-KAR-UTTR-K738,first05-KAR-UTTR-K814,first05,5,KAR,05-KAR,UTTR,-,UTTR,K814,no_data,2018-07-31,20.37,2030-07-31,Полюс Магадан,960003680,"20,37",,Эксплуатация,31.07.2018,31.07.2030,28978,,,,,,,
62977,100000084410,Самосвалы Komatsu 730E-8,69,2,Самосвал карьерный 730E-8 №27,05-KAR-UTTR-K815,1413011320,E01_01,Самосвалы карьерные,100000084410,Самосвал карьерный 730E-8 №27,E01_01,Самосвалы карьерные,Самосвал карьерный №27,05-KAR-UTTR-K738,first05-KAR-UTTR-K815,first05,5,KAR,05-KAR,UTTR,-,UTTR,K815,no_data,2018-07-31,20.37,2030-07-31,Полюс Магадан,960003680,"20,37",,Эксплуатация,31.07.2018,31.07.2030,28874,,,,,,,
63470,100000084411,Самосвалы Komatsu 730E-8,69,2,Самосвал карьерный 730E-8 №28,05-KAR-UTTR-K816,1413011320,E01_01,Самосвалы карьерные,100000084411,Самосвал карьерный 730E-8 №28,E01_01,Самосвалы карьерные,Самосвал карьерный №28,05-KAR-UTTR-K738,first05-KAR-UTTR-K816,first05,5,KAR,05-KAR,UTTR,-,UTTR,K816,no_data,2018-07-31,20.37,2030-07-31,Полюс Магадан,960003680,"20,37",,Эксплуатация,31.07.2018,31.07.2030,28292,,,,,,,
64164,100000084412,Самосвалы Komatsu 730E-8,69,2,Самосвал карьерный 730E-8 №29,05-KAR-UTTR-K817,1413011320,E01_01,Самосвалы карьерные,100000084412,Самосвал карьерный 730E-8 №29,E01_01,Самосвалы карьерные,Самосвал карьерный №29,05-KAR-UTTR-K738,first05-KAR-UTTR-K817,first05,5,KAR,05-KAR,UTTR,-,UTTR,K817,no_data,2018-09-10,20.37,2030-09-10,Полюс Магадан,960003680,"20,37",,Эксплуатация,10.09.2018,10.09.2030,26433,,,,,,,
1080,100000099013,Самосвалы CAT 793D,67,5,Автосамосвал карьер.Caterpillar 793D,,1113011920,,,,,,,,,,,,,,,,,,,2023-07-01,,2033-06-28,,,,,,,,,O,,,,,,
1081,100000099014,Самосвалы CAT 793D,67,5,Автосамосвал карьер.Caterpillar 793D,,1113011920,,,,,,,,,,,,,,,,,,,2023-12-01,,2033-11-28,,,,,,,,,O,,,,,,
1082,100000099015,Самосвалы CAT 793D,67,5,Автосамосвал карьер.Caterpillar 793D,,1113011920,,,,,,,,,,,,,,,,,,,2024-01-01,,2033-12-29,,,,,,,,,O,,,,,,
1083,100000099016,Самосвалы CAT 793D,67,5,Автосамосвал карьер.Caterpillar 793D,,1113011920,,,,,,,,,,,,,,,,,,,2023-01-31,,2033-01-28,,,,,,,,,O,,,,,,
1084,100000099017,Самосвалы CAT 793D,67,5,Автосамосвал карьер.Caterpillar 793D,,1113011920,,,,,,,,,,,,,,,,,,,2023-01-31,,2033-01-28,,,,,,,,,O,,,,,,
1085,100000099018,Самосвалы CAT 793D,67,5,Автосамосвал карьер.Caterpillar 793D,,1113011920,,,,,,,,,,,,,,,,,,,2023-06-01,,2033-05-29,,,,,,,,,O,,,,,,
1086,100000099019,Самосвалы CAT 793D,67,5,Автосамосвал карьер.Caterpillar 793D,,1113011920,,,,,,,,,,,,,,,,,,,2023-10-01,,2033-09-28,,,,,,,,,O,,,,,,
1087,100000099020,Самосвалы CAT 793D,67,5,Автосамосвал карьер.Caterpillar 793D,,1113011920,,,,,,,,,,,,,,,,,,,2023-10-01,,2033-09-28,,,,,,,,,O,,,,,,
1088,100000099021,Самосвалы CAT 793D,67,5,Автосамосвал карьер.Caterpillar 793D,,1113011920,,,,,,,,,,,,,,,,,,,2023-11-01,,2033-10-29,,,,,,,,,O,,,,,,
1089,100000099022,Самосвалы CAT 793D,67,5,Автосамосвал карьер.Caterpillar 793D,,1113011920,,,,,,,,,,,,,,,,,,,2023-01-31,,2033-01-28,,,,,,,,,O,,,,,,
1090,100000099023,Самосвалы CAT 793D,67,5,Автосамосвал карьер.Caterpillar 793D,,1113011920,,,,,,,,,,,,,,,,,,,2023-01-31,,2033-01-28,,,,,,,,,O,,,,,,
1091,100000099024,Самосвалы CAT 793D,67,5,Автосамосвал карьер.Caterpillar 793D,,1113011920,,,,,,,,,,,,,,,,,,,2023-01-31,,2033-01-28,,,,,,,,,O,,,,,,
1092,100000099025,Самосвалы CAT 793D,67,5,Автосамосвал карьер.Caterpillar 793D,,1113011920,,,,,,,,,,,,,,,,,,,2023-01-31,,2033-01-28,,,,,,,,,O,,,,,,
1093,100000099026,Самосвалы CAT 793D,67,5,Автосамосвал карьер.Caterpillar 793D,,1113011920,,,,,,,,,,,,,,,,,,,2023-06-01,,2033-05-29,,,,,,,,,O,,,,,,
1094,100000099027,Самосвалы CAT 793D,67,5,Автосамосвал карьер.Caterpillar 793D,,1113011920,,,,,,,,,,,,,,,,,,,2023-06-01,,2033-05-29,,,,,,,,,O,,,,,,
1095,100000099028,Самосвалы CAT 793D,67,5,Автосамосвал карьер.Caterpillar 793D,,1113011920,,,,,,,,,,,,,,,,,,,2023-07-01,,2033-06-28,,,,,,,,,O,,,,,,
1096,100000099029,Самосвалы CAT 793D,67,5,Автосамосвал карьер.Caterpillar 793D,,1113011920,,,,,,,,,,,,,,,,,,,2023-09-01,,2033-08-29,,,,,,,,,O,,,,,,
1097,100000099030,Самосвалы CAT 793D,67,5,Автосамосвал карьер.Caterpillar 793D,,1113011920,,,,,,,,,,,,,,,,,,,2023-01-31,,2033-01-28,,,,,,,,,O,,,,,,
1098,100000099031,Самосвалы CAT 793D,67,5,Автосамосвал карьер.Caterpillar 793D,,1113011920,,,,,,,,,,,,,,,,,,,2023-07-01,,2033-06-28,,,,,,,,,O,,,,,,
1099,100000099032,Самосвалы CAT 793D,67,5,Автосамосвал карьер.Caterpillar 793D,,1113011920,,,,,,,,,,,,,,,,,,,2023-08-01,,2033-07-29,,,,,,,,,O,,,,,,
1100,100000099033,Самосвалы CAT 793D,67,5,Автосамосвал карьер.Caterpillar 793D,,1113011920,,,,,,,,,,,,,,,,,,,2023-08-01,,2033-07-29,,,,,,,,,O,,,,,,
1101,100000099034,Самосвалы CAT 793D,67,5,Автосамосвал карьер.Caterpillar 793D,,1113011920,,,,,,,,,,,,,,,,,,,2023-08-01,,2033-07-29,,,,,,,,,O,,,,,,
1102,100000099035,Самосвалы CAT 793D,67,5,Автосамосвал карьер.Caterpillar 793D,,1113011920,,,,,,,,,,,,,,,,,,,2023-11-01,,2033-10-29,,,,,,,,,O,,,,,,
1103,100000099036,Самосвалы CAT 793D,67,5,Автосамосвал карьер.Caterpillar 793D,,1113011920,,,,,,,,,,,,,,,,,,,2023-12-01,,2033-11-28,,,,,,,,,O,,,,,,
1104,100000099037,Самосвалы CAT 793D,67,5,Автосамосвал карьер.Caterpillar 793D,,1113011920,,,,,,,,,,,,,,,,,,,2023-12-01,,2033-11-28,,,,,,,,,O,,,,,,
1105,100000099038,Самосвалы CAT 793D,67,5,Автосамосвал карьер.Caterpillar 793D,,1113011920,,,,,,,,,,,,,,,,,,,2024-01-01,,2033-12-29,,,,,,,,,O,,,,,,
1106,100000099039,Самосвалы CAT 793D,67,5,Автосамосвал карьер.Caterpillar 793D,,1113011920,,,,,,,,,,,,,,,,,,,2023-01-31,,2033-01-28,,,,,,,,,O,,,,,,
1107,100000099040,Самосвалы CAT 793D,67,5,Автосамосвал карьер.Caterpillar 793D,,1113011920,,,,,,,,,,,,,,,,,,,2023-01-31,,2033-01-28,,,,,,,,,O,,,,,,
1108,100000099041,Самосвалы CAT 793D,67,5,Автосамосвал карьер.Caterpillar 793D,,1113011920,,,,,,,,,,,,,,,,,,,2023-01-31,,2033-01-28,,,,,,,,,O,,,,,,
1109,100000099042,Самосвалы CAT 793D,67,5,Автосамосвал карьер.Caterpillar 793D,,1113011920,,,,,,,,,,,,,,,,,,,2023-06-01,,2033-05-29,,,,,,,,,O,,,,,,
1110,100000099043,Самосвалы CAT 793D,67,5,Автосамосвал карьер.Caterpillar 793D,,1113011920,,,,,,,,,,,,,,,,,,,2023-08-01,,2033-07-29,,,,,,,,,O,,,,,,
1111,100000099044,Самосвалы CAT 793D,67,5,Автосамосвал карьер.Caterpillar 793D,,1113011920,,,,,,,,,,,,,,,,,,,2023-09-01,,2033-08-29,,,,,,,,,O,,,,,,
1112,100000099045,Самосвалы CAT 793D,67,5,Автосамосвал карьер.Caterpillar 793D,,1113011920,,,,,,,,,,,,,,,,,,,2023-09-01,,2033-08-29,,,,,,,,,O,,,,,,
1113,100000099046,Самосвалы CAT 793D,67,5,Автосамосвал карьер.Caterpillar 793D,,1113011920,,,,,,,,,,,,,,,,,,,2023-11-01,,2033-10-29,,,,,,,,,O,,,,,,
1114,100000099047,Самосвалы CAT 793D,67,5,Автосамосвал карьер.Caterpillar 793D,,1113011920,,,,,,,,,,,,,,,,,,,2023-07-01,,2033-06-28,,,,,,,,,O,,,,,,
1115,100000099048,Самосвалы CAT 793D,67,5,Автосамосвал карьер.Caterpillar 793D,,1113011920,,,,,,,,,,,,,,,,,,,2023-09-01,,2033-08-29,,,,,,,,,O,,,,,,
1116,100000099049,Самосвалы CAT 793D,67,5,Автосамосвал карьер.Caterpillar 793D,,1113011920,,,,,,,,,,,,,,,,,,,2023-10-01,,2033-09-28,,,,,,,,,O,,,,,,
1117,100000099050,Самосвалы CAT 793D,67,5,Автосамосвал карьер.Caterpillar 793D,,1113011920,,,,,,,,,,,,,,,,,,,2023-10-01,,2033-09-28,,,,,,,,,O,,,,,,
1118,100000099051,Самосвалы CAT 793D,67,5,Автосамосвал карьер.Caterpillar 793D,,1113011920,,,,,,,,,,,,,,,,,,,2023-11-01,,2033-10-29,,,,,,,,,O,,,,,,
1119,100000099052,Самосвалы CAT 793D,67,5,Автосамосвал карьер.Caterpillar 793D,,1113011920,,,,,,,,,,,,,,,,,,,2023-12-01,,2033-11-28,,,,,,,,,O,,,,,,
1120,100000099053,Самосвалы CAT 793D,67,5,Автосамосвал карьер.Caterpillar 793D,,1113011920,,,,,,,,,,,,,,,,,,,2024-01-01,,2033-12-29,,,,,,,,,O,,,,,,
1121,100000099054,Самосвалы CAT 793D,67,5,Автосамосвал карьер.Caterpillar 793D,,1113011920,,,,,,,,,,,,,,,,,,,2024-01-01,,2033-12-29,,,,,,,,,O,,,,,,
1122,100000099055,Самосвалы CAT 793D,67,5,Автосамосвал карьер.Caterpillar 793D,,1113011920,,,,,,,,,,,,,,,,,,,2024-01-01,,2033-12-29,,,,,,,,,O,,,,,,
2131,100000101068,Самосвалы CAT 793D,67,5,Автосамосвал карьер.Caterpillar 793D,,1113011920,,,,,,,,,,,,,,,,,,,2023-01-31,,2033-01-28,,,,,,,,,O,,,,,,
2132,100000101069,Самосвалы CAT 793D,67,5,Автосамосвал карьер.Caterpillar 793D,,1113011920,,,,,,,,,,,,,,,,,,,2023-01-31,,2033-01-28,,,,,,,,,O,,,,,,
2133,100000101070,Самосвалы CAT 793D,67,5,Автосамосвал карьер.Caterpillar 793D,,1113011920,,,,,,,,,,,,,,,,,,,2023-01-31,,2033-01-28,,,,,,,,,O,,,,,,
2134,100000101071,Самосвалы CAT 793D,67,5,Автосамосвал карьер.Caterpillar 793D,,1113011920,,,,,,,,,,,,,,,,,,,2023-01-31,,2033-01-28,,,,,,,,,O,,,,,,
2135,100000101072,Самосвалы CAT 793D,67,5,Автосамосвал карьер.Caterpillar 793D,,1113011920,,,,,,,,,,,,,,,,,,,2024-01-31,,2034-01-28,,,,,,,,,O,,,,,,
2136,100000101073,Самосвалы CAT 793D,67,5,Автосамосвал карьер.Caterpillar 793D,,1113011920,,,,,,,,,,,,,,,,,,,2024-01-31,,2034-01-28,,,,,,,,,O,,,,,,
2137,100000101074,Самосвалы CAT 793D,67,5,Автосамосвал карьер.Caterpillar 793D,,1113011920,,,,,,,,,,,,,,,,,,,2023-01-31,,2033-01-28,,,,,,,,,O,,,,,,
2138,100000101075,Самосвалы CAT 793D,67,5,Автосамосвал карьер.Caterpillar 793D,,1113011920,,,,,,,,,,,,,,,,,,,2023-06-30,,2033-06-27,,,,,,,,,O,,,,,,
2139,100000101076,Самосвалы CAT 793D,67,5,Автосамосвал карьер.Caterpillar 793D,,1113011920,,,,,,,,,,,,,,,,,,,2023-07-31,,2033-07-28,,,,,,,,,O,,,,,,
2140,100000101077,Самосвалы CAT 793D,67,5,Автосамосвал карьер.Caterpillar 793D,,1113011920,,,,,,,,,,,,,,,,,,,2023-08-31,,2033-08-28,,,,,,,,,O,,,,,,
2141,100000101078,Самосвалы CAT 793D,67,5,Автосамосвал карьер.Caterpillar 793D,,1113011920,,,,,,,,,,,,,,,,,,,2023-10-31,,2033-10-28,,,,,,,,,O,,,,,,
2142,100000101079,Самосвалы CAT 793D,67,5,Автосамосвал карьер.Caterpillar 793D,,1113011920,,,,,,,,,,,,,,,,,,,2024-01-31,,2034-01-28,,,,,,,,,O,,,,,,
2143,100000101080,Самосвалы CAT 793D,67,5,Автосамосвал карьер.Caterpillar 793D,,1113011920,,,,,,,,,,,,,,,,,,,2024-01-31,,2034-01-28,,,,,,,,,O,,,,,,
2144,100000101081,Самосвалы CAT 793D,67,5,Автосамосвал карьер.Caterpillar 793D,,1113011920,,,,,,,,,,,,,,,,,,,2024-01-31,,2034-01-28,,,,,,,,,O,,,,,,
2145,100000101082,Самосвалы CAT 793D,67,5,Автосамосвал карьер.Caterpillar 793D,,1113011920,,,,,,,,,,,,,,,,,,,2023-01-31,,2033-01-28,,,,,,,,,O,,,,,,
2146,100000101083,Самосвалы CAT 793D,67,5,Автосамосвал карьер.Caterpillar 793D,,1113011920,,,,,,,,,,,,,,,,,,,2023-06-30,,2033-06-27,,,,,,,,,O,,,,,,
2147,100000101084,Самосвалы CAT 793D,67,5,Автосамосвал карьер.Caterpillar 793D,,1113011920,,,,,,,,,,,,,,,,,,,2023-06-30,,2033-06-27,,,,,,,,,O,,,,,,
2148,100000101085,Самосвалы CAT 793D,67,5,Автосамосвал карьер.Caterpillar 793D,,1113011920,,,,,,,,,,,,,,,,,,,2023-10-31,,2033-10-28,,,,,,,,,O,,,,,,
2149,100000101086,Самосвалы CAT 793D,67,5,Автосамосвал карьер.Caterpillar 793D,,1113011920,,,,,,,,,,,,,,,,,,,2024-01-31,,2034-01-28,,,,,,,,,O,,,,,,
2150,100000101087,Самосвалы CAT 793D,67,5,Автосамосвал карьер.Caterpillar 793D,,1113011920,,,,,,,,,,,,,,,,,,,2024-02-29,,2034-02-26,,,,,,,,,O,,,,,,
2151,100000101088,Самосвалы CAT 793D,67,5,Автосамосвал карьер.Caterpillar 793D,,1113011920,,,,,,,,,,,,,,,,,,,2024-05-31,,2034-05-29,,,,,,,,,O,,,,,,
2152,100000101089,Самосвалы CAT 793D,67,5,Автосамосвал карьер.Caterpillar 793D,,1113011920,,,,,,,,,,,,,,,,,,,2024-11-30,,2034-11-28,,,,,,,,,O,,,,,,
2153,100000101090,Самосвалы CAT 793D,67,5,Автосамосвал карьер.Caterpillar 793D,,1113011920,,,,,,,,,,,,,,,,,,,2023-01-31,,2033-01-28,,,,,,,,,O,,,,,,
2155,100000101092,Самосвалы CAT 793D,67,5,Автосамосвал карьер.Caterpillar 793D,,1113011920,,,,,,,,,,,,,,,,,,,2023-06-30,,2033-06-27,,,,,,,,,O,,,,,,
2156,100000101093,Самосвалы CAT 793D,67,5,Автосамосвал карьер.Caterpillar 793D,,1113011920,,,,,,,,,,,,,,,,,,,2023-07-31,,2033-07-28,,,,,,,,,O,,,,,,
2157,100000101094,Самосвалы CAT 793D,67,5,Автосамосвал карьер.Caterpillar 793D,,1113011920,,,,,,,,,,,,,,,,,,,2023-08-31,,2033-08-28,,,,,,,,,O,,,,,,
2158,100000101095,Самосвалы CAT 793D,67,5,Автосамосвал карьер.Caterpillar 793D,,1113011920,,,,,,,,,,,,,,,,,,,2023-09-30,,2033-09-27,,,,,,,,,O,,,,,,
2159,100000101096,Самосвалы CAT 793D,67,5,Автосамосвал карьер.Caterpillar 793D,,1113011920,,,,,,,,,,,,,,,,,,,2024-01-31,,2034-01-28,,,,,,,,,O,,,,,,
2160,100000101097,Самосвалы CAT 793D,67,5,Автосамосвал карьер.Caterpillar 793D,,1113011920,,,,,,,,,,,,,,,,,,,2024-02-29,,2034-02-26,,,,,,,,,O,,,,,,
2161,100000101098,Самосвалы CAT 793D,67,5,Автосамосвал карьер.Caterpillar 793D,,1113011920,,,,,,,,,,,,,,,,,,,2024-02-29,,2034-02-26,,,,,,,,,O,,,,,,
2162,100000101099,Самосвалы CAT 793D,67,5,Автосамосвал карьер.Caterpillar 793D,,1113011920,,,,,,,,,,,,,,,,,,,2023-01-31,,2033-01-28,,,,,,,,,O,,,,,,
2163,100000101100,Самосвалы CAT 793D,67,5,Автосамосвал карьер.Caterpillar 793D,,1113011920,,,,,,,,,,,,,,,,,,,2023-01-31,,2033-01-28,,,,,,,,,O,,,,,,
2164,100000101101,Самосвалы CAT 793D,67,5,Автосамосвал карьер.Caterpillar 793D,,1113011920,,,,,,,,,,,,,,,,,,,2023-01-31,,2033-01-28,,,,,,,,,O,,,,,,
2165,100000101102,Самосвалы CAT 793D,67,5,Автосамосвал карьер.Caterpillar 793D,,1113011920,,,,,,,,,,,,,,,,,,,2023-08-31,,2033-08-28,,,,,,,,,O,,,,,,
2166,100000101103,Самосвалы CAT 793D,67,5,Автосамосвал карьер.Caterpillar 793D,,1113011920,,,,,,,,,,,,,,,,,,,2024-01-31,,2034-01-28,,,,,,,,,O,,,,,,
2167,100000101104,Самосвалы CAT 793D,67,5,Автосамосвал карьер.Caterpillar 793D,,1113011920,,,,,,,,,,,,,,,,,,,2024-05-31,,2034-05-29,,,,,,,,,O,,,,,,
2168,100000101105,Самосвалы CAT 793D,67,5,Автосамосвал карьер.Caterpillar 793D,,1113011920,,,,,,,,,,,,,,,,,,,2023-09-30,,2033-09-27,,,,,,,,,O,,,,,,
2169,100000101106,Самосвалы CAT 793D,67,5,Автосамосвал карьер.Caterpillar 793D,,1113011920,,,,,,,,,,,,,,,,,,,2024-02-29,,2034-02-26,,,,,,,,,O,,,,,,
2170,100000101107,Самосвалы CAT 793D,67,5,Автосамосвал карьер.Caterpillar 793D,,1113011920,,,,,,,,,,,,,,,,,,,2024-02-29,,2034-02-26,,,,,,,,,O,,,,,,
2171,100000101108,Самосвалы CAT 793D,67,5,Автосамосвал карьер.Caterpillar 793D,,1113011920,,,,,,,,,,,,,,,,,,,2024-11-30,,2034-11-28,,,,,,,,,O,,,,,,
2172,100000101109,Самосвалы CAT 793D,67,5,Автосамосвал карьер.Caterpillar 793D,,1113011920,,,,,,,,,,,,,,,,,,,2024-10-31,,2034-10-29,,,,,,,,,O,,,,,,
2173,100000101110,Самосвалы CAT 793D,67,5,Автосамосвал карьер.Caterpillar 793D,,1113011920,,,,,,,,,,,,,,,,,,,2024-02-29,,2034-02-26,,,,,,,,,O,,,,,,
2174,100000101111,Самосвалы CAT 793D,67,5,Автосамосвал карьер.Caterpillar 793D,,1113011920,,,,,,,,,,,,,,,,,,,2024-05-31,,2034-05-29,,,,,,,,,O,,,,,,
3358,100000099110,Самосвалы CAT 793D,67,5,Самосвал карьерный 793D №792,11-RUD-CGTR-SEBT-CD91,1113011920,E01_01,Самосвалы карьерные,,,,,Самосвал карьерный №792,11-RUD-CGTR-SEBT-C793,,first11,,,,,,,,,2023-06-01,,2033-05-29,Олимпиадинский ГОК,960003596,,,,,,,O,793D_E01_01,,,,,
3359,100000099111,Самосвалы CAT 793D,67,5,Самосвал карьерный 793D №793,11-RUD-CGTR-SEBT-CD92,1113011920,E01_01,Самосвалы карьерные,,,,,Самосвал карьерный №793,11-RUD-CGTR-SEBT-C793,,first11,,,,,,,,,2023-06-01,,2033-05-29,Олимпиадинский ГОК,960003596,,,,,,,O,793D_E01_01,,,,,
3360,100000099112,Самосвалы CAT 793D,67,5,Самосвал карьерный 793D №794,11-RUD-CGTR-SEBT-CD93,1113011920,E01_01,Самосвалы карьерные,,,,,Самосвал карьерный №794,11-RUD-CGTR-SEBT-C793,,first11,,,,,,,,,2023-06-01,,2033-05-29,Олимпиадинский ГОК,960003596,,,,,,,O,793D_E01_01,,,,,
3363,100000099116,Самосвалы CAT 793D,67,5,Самосвал карьерный 793D №795,11-RUD-CGTR-SEBT-CD94,1113011920,E01_01,Самосвалы карьерные,,,,,Самосвал карьерный №795,11-RUD-CGTR-SEBT-C793,,first11,,,,,,,,,2023-07-01,,2033-06-28,Олимпиадинский ГОК,960003596,,,,,,,O,793D_E01_01,,,,,
3364,100000099117,Самосвалы CAT 793D,67,5,Самосвал карьерный 793D №796,11-RUD-CGTR-SEBT-CD95,1113011920,E01_01,Самосвалы карьерные,,,,,Самосвал карьерный №796,11-RUD-CGTR-SEBT-C793,,first11,,,,,,,,,2023-07-01,,2033-06-28,Олимпиадинский ГОК,960003596,,,,,,,O,793D_E01_01,,,,,
3365,100000099118,Самосвалы CAT 793D,67,5,Самосвал карьерный 793D №797,11-RUD-CGTR-SEBT-CD96,1113011920,E01_01,Самосвалы карьерные,,,,,Самосвал карьерный №797,11-RUD-CGTR-SEBT-C793,,first11,,,,,,,,,2023-07-01,,2033-06-28,Олимпиадинский ГОК,960003596,,,,,,,O,793D_E01_01,,,,,
3366,100000099122,Самосвалы CAT 793D,67,5,Самосвал карьерный 793D №798,11-RUD-CGTR-SEBT-CD98,1113011920,E01_01,Самосвалы карьерные,,,,,Самосвал карьерный №798,11-RUD-CGTR-SEBT-C793,,first11,,,,,,,,,2023-07-01,,2033-06-28,Олимпиадинский ГОК,960003596,,,,,,,O,793D_E01_01,,,,,
3367,100000099123,Самосвалы CAT 793D,67,5,Самосвал карьерный 793D №799,11-RUD-CGTR-SEBT-CD97,1113011920,E01_01,Самосвалы карьерные,,,,,Самосвал карьерный №799,11-RUD-CGTR-SEBT-C793,,first11,,,,,,,,,2023-08-01,,2033-07-29,Олимпиадинский ГОК,960003596,,,,,,,O,793D_E01_01,,,,,
3368,100000099124,Самосвалы CAT 793D,67,5,Самосвал карьерный 793D №800,11-RUD-CGTR-SEBT-CD99,1113011920,E01_01,Самосвалы карьерные,,,,,Самосвал карьерный №800,11-RUD-CGTR-SEBT-C793,,first11,,,,,,,,,2023-08-01,,2033-07-29,Олимпиадинский ГОК,960003596,,,,,,,O,793D_E01_01,,,,,
3369,100000099125,Самосвалы CAT 793D,67,5,Самосвал карьерный 793D №801,11-RUD-CGTR-SEBT-CDA1,1113011920,E01_01,Самосвалы карьерные,,,,,Самосвал карьерный №801,11-RUD-CGTR-SEBT-C793,,first11,,,,,,,,,2023-08-01,,2033-07-29,Олимпиадинский ГОК,960003596,,,,,,,O,793D_E01_01,,,,,
3370,100000099126,Самосвалы CAT 793D,67,5,Самосвал карьерный 793D №802,11-RUD-CGTR-SEBT-CDA2,1113011920,E01_01,Самосвалы карьерные,,,,,Самосвал карьерный №802,11-RUD-CGTR-SEBT-C793,,first11,,,,,,,,,2023-08-01,,2033-07-29,Олимпиадинский ГОК,960003596,,,,,,,O,793D_E01_01,,,,,
3371,100000099127,Самосвалы CAT 793D,67,5,Самосвал карьерный 793D №803,11-RUD-CGTR-SEBT-CDA3,1113011920,E01_01,Самосвалы карьерные,,,,,Самосвал карьерный №803,11-RUD-CGTR-SEBT-C793,,first11,,,,,,,,,2023-09-01,,2033-08-29,Олимпиадинский ГОК,960003596,,,,,,,O,793D_E01_01,,,,,
3372,100000099128,Самосвалы CAT 793D,67,5,Самосвал карьерный 793D №804,11-RUD-CGTR-SEBT-CDA4,1113011920,E01_01,Самосвалы карьерные,,,,,Самосвал карьерный №804,11-RUD-CGTR-SEBT-C793,,first11,,,,,,,,,2023-09-01,,2033-08-29,Олимпиадинский ГОК,960003596,,,,,,,O,793D_E01_01,,,,,
3373,100000099129,Самосвалы CAT 793D,67,5,Самосвал карьерный 793D №805,11-RUD-CGTR-SEBT-CDA5,1113011920,E01_01,Самосвалы карьерные,,,,,Самосвал карьерный №805,11-RUD-CGTR-SEBT-C793,,first11,,,,,,,,,2023-09-01,,2033-08-29,Олимпиадинский ГОК,960003596,,,,,,,O,793D_E01_01,,,,,
3374,100000099130,Самосвалы CAT 793D,67,5,Самосвал карьерный 793D №806,11-RUD-CGTR-SEBT-CDA6,1113011920,E01_01,Самосвалы карьерные,,,,,Самосвал карьерный №806,11-RUD-CGTR-SEBT-C793,,first11,,,,,,,,,2023-09-01,,2033-08-29,Олимпиадинский ГОК,960003596,,,,,,,O,793D_E01_01,,,,,
3375,100000099131,Самосвалы CAT 793D,67,5,Самосвал карьерный 793D №807,11-RUD-CGTR-SEBT-CDA7,1113011920,E01_01,Самосвалы карьерные,,,,,Самосвал карьерный №807,11-RUD-CGTR-SEBT-C793,,first11,,,,,,,,,2023-10-01,,2033-09-28,Олимпиадинский ГОК,960003596,,,,,,,O,793D_E01_01,,,,,
3376,100000099132,Самосвалы CAT 793D,67,5,Самосвал карьерный 793D №808,11-RUD-CGTR-SEBT-CDA8,1113011920,E01_01,Самосвалы карьерные,,,,,Самосвал карьерный №808,11-RUD-CGTR-SEBT-C793,,first11,,,,,,,,,2023-10-01,,2033-09-28,Олимпиадинский ГОК,960003596,,,,,,,O,793D_E01_01,,,,,
3377,100000099133,Самосвалы CAT 793D,67,5,Самосвал карьерный 793D №809,11-RUD-CGTR-SEBT-CDA9,1113011920,E01_01,Самосвалы карьерные,,,,,Самосвал карьерный №809,11-RUD-CGTR-SEBT-C793,,first11,,,,,,,,,2023-10-01,,2033-09-28,Олимпиадинский ГОК,960003596,,,,,,,O,793D_E01_01,,,,,
3378,100000099134,Самосвалы CAT 793D,67,5,Самосвал карьерный 793D №810,11-RUD-CGTR-SEBT-CDA0,1113011920,E01_01,Самосвалы карьерные,,,,,Самосвал карьерный №810,11-RUD-CGTR-SEBT-C793,,first11,,,,,,,,,2023-10-01,,2033-09-28,Олимпиадинский ГОК,960003596,,,,,,,O,793D_E01_01,,,,,
3379,100000099135,Самосвалы CAT 793D,67,5,Самосвал карьерный 793D №811,11-RUD-CGTR-SEBT-CDB1,1113011920,E01_01,Самосвалы карьерные,,,,,Самосвал карьерный №811,11-RUD-CGTR-SEBT-C793,,first11,,,,,,,,,2023-11-01,,2033-10-29,Олимпиадинский ГОК,960003596,,,,,,,O,793D_E01_01,,,,,
3380,100000099136,Самосвалы CAT 793D,67,5,Самосвал карьерный 793D №812,11-RUD-CGTR-SEBT-CDB2,1113011920,E01_01,Самосвалы карьерные,,,,,Самосвал карьерный №812,11-RUD-CGTR-SEBT-C793,,first11,,,,,,,,,2023-11-01,,2033-10-29,Олимпиадинский ГОК,960003596,,,,,,,O,793D_E01_01,,,,,
3381,100000099137,Самосвалы CAT 793D,67,5,Самосвал карьерный 793D №813,11-RUD-CGTR-SEBT-CDB3,1113011920,E01_01,Самосвалы карьерные,,,,,Самосвал карьерный №813,11-RUD-CGTR-SEBT-C793,,first11,,,,,,,,,2023-11-01,,2033-10-29,Олимпиадинский ГОК,960003596,,,,,,,O,793D_E01_01,,,,,
3382,100000099138,Самосвалы CAT 793D,67,5,Самосвал карьерный 793D №814,11-RUD-CGTR-SEBT-CDB4,1113011920,E01_01,Самосвалы карьерные,,,,,Самосвал карьерный №814,11-RUD-CGTR-SEBT-C793,,first11,,,,,,,,,2023-11-01,,2033-10-29,Олимпиадинский ГОК,960003596,,,,,,,O,793D_E01_01,,,,,
3383,100000099139,Самосвалы CAT 793D,67,5,Самосвал карьерный 793D №815,11-RUD-CGTR-SEBT-CDB5,1113011920,E01_01,Самосвалы карьерные,,,,,Самосвал карьерный №815,11-RUD-CGTR-SEBT-C793,,first11,,,,,,,,,2023-12-01,,2033-11-28,Олимпиадинский ГОК,960003596,,,,,,,O,793D_E01_01,,,,,
3384,100000099140,Самосвалы CAT 793D,67,5,Самосвал карьерный 793D №816,11-RUD-CGTR-SEBT-CDB6,1113011920,E01_01,Самосвалы карьерные,,,,,Самосвал карьерный №816,11-RUD-CGTR-SEBT-C793,,first11,,,,,,,,,2023-12-01,,2033-11-28,Олимпиадинский ГОК,960003596,,,,,,,O,793D_E01_01,,,,,
3385,100000099141,Самосвалы CAT 793D,67,5,Самосвал карьерный 793D №817,11-RUD-CGTR-SEBT-CDB7,1113011920,E01_01,Самосвалы карьерные,,,,,Самосвал карьерный №817,11-RUD-CGTR-SEBT-C793,,first11,,,,,,,,,2023-12-01,,2033-11-28,Олимпиадинский ГОК,960003596,,,,,,,O,793D_E01_01,,,,,
3386,100000099142,Самосвалы CAT 793D,67,5,Самосвал карьерный 793D №818,11-RUD-CGTR-SEBT-CDB8,1113011920,E01_01,Самосвалы карьерные,,,,,Самосвал карьерный №818,11-RUD-CGTR-SEBT-C793,,first11,,,,,,,,,2023-12-01,,2033-11-28,Олимпиадинский ГОК,960003596,,,,,,,O,793D_E01_01,,,,,
3387,100000099143,Самосвалы CAT 793D,67,5,Самосвал карьерный 793D №819,11-RUD-CGTR-SEBT-CDB9,1113011920,E01_01,Самосвалы карьерные,,,,,Самосвал карьерный №819,11-RUD-CGTR-SEBT-C793,,first11,,,,,,,,,2024-01-01,,2033-12-29,Олимпиадинский ГОК,960003596,,,,,,,O,793D_E01_01,,,,,
3388,100000099144,Самосвалы CAT 793D,67,5,Самосвал карьерный 793D №820,11-RUD-CGTR-SEBT-CDB0,1113011920,E01_01,Самосвалы карьерные,,,,,Самосвал карьерный №820,11-RUD-CGTR-SEBT-C793,,first11,,,,,,,,,2024-01-01,,2033-12-29,Олимпиадинский ГОК,960003596,,,,,,,O,793D_E01_01,,,,,
3389,100000099145,Самосвалы CAT 793D,67,5,Самосвал карьерный 793D №821,11-RUD-CGTR-SEBT-CDC1,1113011920,E01_01,Самосвалы карьерные,,,,,Самосвал карьерный №821,11-RUD-CGTR-SEBT-C793,,first11,,,,,,,,,2024-01-01,,2033-12-29,Олимпиадинский ГОК,960003596,,,,,,,O,793D_E01_01,,,,,
3390,100000099146,Самосвалы CAT 793D,67,5,Самосвал карьерный 793D №822,11-RUD-CGTR-SEBT-CDC2,1113011920,E01_01,Самосвалы карьерные,,,,,Самосвал карьерный №822,11-RUD-CGTR-SEBT-C793,,first11,,,,,,,,,2024-01-01,,2033-12-29,Олимпиадинский ГОК,960003596,,,,,,,O,793D_E01_01,,,,,
3391,100000099147,Самосвалы CAT 793D,67,5,Самосвал карьерный 793D №823,11-RUD-CGTR-SEBT-CDC3,1113011920,E01_01,Самосвалы карьерные,,,,,Самосвал карьерный №823,11-RUD-CGTR-SEBT-C793,,first11,,,,,,,,,2024-01-01,,2033-12-29,Олимпиадинский ГОК,960003596,,,,,,,O,793D_E01_01,,,,,
3402,100000100295,Самосвалы Komatsu 730E-8,69,2,Самосвал карьерный 730E-8 №52,05-KAR-UTTR-K818,1413011320,E01_01,Самосвалы карьерные,,,,,Самосвал карьерный №52,05-KAR-UTTR,,first05,,,,,,,,,2022-06-01,,2032-05-29,Полюс Магадан,960003680,,,,,,,O,730E-8_E01_01,,,,,
3403,100000100299,Самосвалы Komatsu 730E-8,69,2,Самосвал карьерный 730E-8 №53,05-KAR-UTTR-K819,1413011320,E01_01,Самосвалы карьерные,,,,,Самосвал карьерный №53,05-KAR-UTTR,,first05,,,,,,,,,2022-06-01,,2032-05-29,Полюс Магадан,960003680,,,,,,,O,730E-8_E01_01,,,,,
